x0,y0,z0,x1,y1,z1,x2,y2,z2,x3,y3,z3,x4,y4,z4,x5,y5,z5,x6,y6,z6,x7,y7,z7,x8,y8,z8,x9,y9,z9,x10,y10,z10,x11,y11,z11,x12,y12,z12,x13,y13,z13,x14,y14,z14,x15,y15,z15,x16,y16,z16,x17,y17,z17,x18,y18,z18,x19,y19,z19,x20,y20,z20,label
0.22580385208129883,0.7063682079315186,5.355971666176629e-07,0.2884971499443054,0.6671378016471863,-0.028211303055286407,0.3405781388282776,0.5746574401855469,-0.038233671337366104,0.38346755504608154,0.5037623047828674,-0.04621793329715729,0.4202754497528076,0.46483638882637024,-0.05355134606361389,0.2990167438983917,0.42409276962280273,-0.019490733742713928,0.3359473943710327,0.3203887939453125,-0.03535964712500572,0.3563872277736664,0.25179523229599,-0.04941091313958168,0.37224534153938293,0.19309204816818237,-0.06022109463810921,0.25870344042778015,0.40034303069114685,-0.01930123008787632,0.27032148838043213,0.26939499378204346,-0.03265337646007538,0.2790743410587311,0.18844157457351685,-0.04534093663096428,0.28512632846832275,0.11981028318405151,-0.05497650429606438,0.22053217887878418,0.4061565697193146,-0.02307301200926304,0.22214555740356445,0.28758710622787476,-0.038861580193042755,0.2278204709291458,0.21066370606422424,-0.052039336413145065,0.2331269085407257,0.14184141159057617,-0.0610363632440567,0.18287710845470428,0.43653252720832825,-0.029776962473988533,0.16413944959640503,0.3488829731941223,-0.04699152335524559,0.15190830826759338,0.2900872826576233,-0.05567742884159088,0.14213846623897552,0.2313828021287918,-0.06079923361539841,4
0.2275499701499939,0.7022796869277954,5.426618940873595e-07,0.29025882482528687,0.662132740020752,-0.028630027547478676,0.34176814556121826,0.5715864300727844,-0.03946296498179436,0.38504958152770996,0.5007259249687195,-0.048252277076244354,0.422091543674469,0.4593518376350403,-0.05635949596762657,0.30024781823158264,0.421003133058548,-0.020321765914559364,0.3372739553451538,0.3170827031135559,-0.03683832287788391,0.35782450437545776,0.2482956200838089,-0.05136168748140335,0.3738696277141571,0.18894895911216736,-0.06245516240596771,0.25984999537467957,0.39644408226013184,-0.020072268322110176,0.2717452645301819,0.26572734117507935,-0.03372063487768173,0.28049659729003906,0.18462836742401123,-0.04657038673758507,0.28659796714782715,0.11539682745933533,-0.056340914219617844,0.22161294519901276,0.40164610743522644,-0.02377593144774437,0.22376468777656555,0.2829296886920929,-0.03946033492684364,0.22948861122131348,0.205926313996315,-0.0522317998111248,0.23491226136684418,0.1367073357105255,-0.06104133278131485,0.18416914343833923,0.4317663908004761,-0.03047635778784752,0.1663404107093811,0.34502461552619934,-0.04738752543926239,0.15495695173740387,0.2866154909133911,-0.055622898042201996,0.14588864147663116,0.22848725318908691,-0.060421932488679886,4
0.228277325630188,0.69974684715271,5.479261062646401e-07,0.2910822629928589,0.6603999137878418,-0.029126740992069244,0.3430004417896271,0.5703680515289307,-0.040082965046167374,0.38651716709136963,0.5000329613685608,-0.04895464703440666,0.42404037714004517,0.46007856726646423,-0.057150691747665405,0.3024231493473053,0.41867098212242126,-0.020305471494793892,0.33982887864112854,0.3151327669620514,-0.03687072545289993,0.360751748085022,0.2464582324028015,-0.051537103950977325,0.3772152364253998,0.18781092762947083,-0.06270236521959305,0.26188695430755615,0.3941347897052765,-0.019878903403878212,0.2741681933403015,0.26382362842559814,-0.03352611884474754,0.2834506034851074,0.1827428638935089,-0.046538226306438446,0.290174663066864,0.11414459347724915,-0.056392792612314224,0.22349955141544342,0.3996357023715973,-0.02348966710269451,0.2261136919260025,0.2810940742492676,-0.039283089339733124,0.23193450272083282,0.20366226136684418,-0.05240258201956749,0.23765113949775696,0.13447335362434387,-0.06142907589673996,0.18591773509979248,0.43012988567352295,-0.030145516619086266,0.16826920211315155,0.3439345359802246,-0.04731900990009308,0.15677319467067719,0.2850491404533386,-0.05589668080210686,0.1477271467447281,0.22646136581897736,-0.06090095639228821,4
0.22945404052734375,0.696540117263794,5.410344670053746e-07,0.29270195960998535,0.6579988598823547,-0.028697386384010315,0.3444308638572693,0.5690877437591553,-0.0396413654088974,0.3872528076171875,0.4992287755012512,-0.0485386848449707,0.42443132400512695,0.45935186743736267,-0.056810539215803146,0.30365946888923645,0.41608312726020813,-0.020701201632618904,0.3414287567138672,0.3132414221763611,-0.03740740567445755,0.3623247742652893,0.2448214590549469,-0.05199125409126282,0.37845662236213684,0.18627843260765076,-0.06311273574829102,0.26313021779060364,0.39173442125320435,-0.02051985263824463,0.27578479051589966,0.2617045044898987,-0.03451339155435562,0.28436747193336487,0.18092840909957886,-0.047626297920942307,0.2901683449745178,0.11204570531845093,-0.05756688490509987,0.2245449423789978,0.3973027169704437,-0.024262236431241035,0.22751322388648987,0.2793149948120117,-0.040321674197912216,0.23308126628398895,0.20176708698272705,-0.053439609706401825,0.23824459314346313,0.13226160407066345,-0.06245354562997818,0.18639791011810303,0.42799112200737,-0.030954556539654732,0.16859662532806396,0.3415371775627136,-0.04817239195108414,0.157370463013649,0.2827034592628479,-0.05663728341460228,0.14858414232730865,0.22452816367149353,-0.06157686188817024,4
0.2288726419210434,0.6955722570419312,5.444263706522179e-07,0.2923624813556671,0.6574835777282715,-0.029065215960144997,0.34450477361679077,0.5689302086830139,-0.04024261236190796,0.38768234848976135,0.4989044666290283,-0.049275025725364685,0.4250132143497467,0.45915865898132324,-0.05763828754425049,0.3038763403892517,0.416212260723114,-0.021428316831588745,0.34183019399642944,0.3129611611366272,-0.038233399391174316,0.36263641715049744,0.24428947269916534,-0.0527409091591835,0.3787635564804077,0.18553698062896729,-0.06376351416110992,0.26334527134895325,0.39161092042922974,-0.02107543870806694,0.2760120928287506,0.2612925171852112,-0.03520912304520607,0.28465965390205383,0.18046331405639648,-0.04822661355137825,0.2906153202056885,0.11131477355957031,-0.058020953088998795,0.22476842999458313,0.39685070514678955,-0.024619366973638535,0.22774669528007507,0.27883321046829224,-0.04070920869708061,0.23336362838745117,0.2016676515340805,-0.05351242050528526,0.23867526650428772,0.13230299949645996,-0.06223195418715477,0.18666782975196838,0.4273647665977478,-0.03115035593509674,0.16868901252746582,0.3407713770866394,-0.04812458157539368,0.1574711948633194,0.2817469835281372,-0.05622858554124832,0.1487460881471634,0.22344709932804108,-0.06088494881987572,4
0.22901226580142975,0.696111798286438,5.408236347648199e-07,0.2923325002193451,0.6578651666641235,-0.02887723594903946,0.3445431888103485,0.5688078999519348,-0.03997011482715607,0.38770103454589844,0.4984700679779053,-0.04894309118390083,0.4253638982772827,0.45860257744789124,-0.05726213380694389,0.30421340465545654,0.4168734550476074,-0.021303074434399605,0.3422473669052124,0.3139724135398865,-0.038152117282152176,0.3632611632347107,0.24541109800338745,-0.052701305598020554,0.37944862246513367,0.1865331530570984,-0.06378478556871414,0.2638266086578369,0.39197587966918945,-0.021120531484484673,0.27664071321487427,0.26100754737854004,-0.035275328904390335,0.28554487228393555,0.17984259128570557,-0.04826431721448898,0.2915072441101074,0.11034911870956421,-0.05802469700574875,0.2254631072282791,0.3971323072910309,-0.024845551699399948,0.22836731374263763,0.27854207158088684,-0.041025228798389435,0.23429036140441895,0.20036755502223969,-0.05398118123412132,0.2396952211856842,0.13022354245185852,-0.06279702484607697,0.18762508034706116,0.42756596207618713,-0.031533513218164444,0.1695813685655594,0.3404533863067627,-0.04876774549484253,0.1583448052406311,0.28128600120544434,-0.057077210396528244,0.14946602284908295,0.22288458049297333,-0.061846788972616196,4
0.22930893301963806,0.69456946849823,5.413741064330679e-07,0.29234206676483154,0.6566010117530823,-0.028799427673220634,0.3445538580417633,0.5681807994842529,-0.03994109854102135,0.3880055546760559,0.49835139513015747,-0.048980388790369034,0.42576003074645996,0.4587136209011078,-0.057348430156707764,0.3043391704559326,0.415486603975296,-0.021249251440167427,0.34270745515823364,0.3129717707633972,-0.03804194554686546,0.3638457655906677,0.24453194439411163,-0.05256444588303566,0.38018423318862915,0.18580511212348938,-0.06360206753015518,0.26403743028640747,0.3904123604297638,-0.02107331156730652,0.2773791551589966,0.26000431180000305,-0.03501182422041893,0.2862296402454376,0.17911577224731445,-0.04778536409139633,0.29225119948387146,0.11013960838317871,-0.057418178766965866,0.2256523221731186,0.39539894461631775,-0.024793919175863266,0.22886137664318085,0.2768954634666443,-0.040697261691093445,0.23471397161483765,0.19931505620479584,-0.053341180086135864,0.24033178389072418,0.12978968024253845,-0.06199782341718674,0.18773244321346283,0.42595353722572327,-0.03149814158678055,0.16961686313152313,0.33947259187698364,-0.04841218516230583,0.15839587152004242,0.28048086166381836,-0.05647292360663414,0.14981520175933838,0.2222646027803421,-0.061112042516469955,4
0.2286856472492218,0.6927358508110046,5.411197321336658e-07,0.2921842038631439,0.655480682849884,-0.02919686585664749,0.3445161283016205,0.5660532116889954,-0.040032338351011276,0.38811954855918884,0.4959442913532257,-0.048705194145441055,0.42592018842697144,0.4575284421443939,-0.056767962872982025,0.3043358623981476,0.4137327969074249,-0.02083098702132702,0.34234562516212463,0.31185704469680786,-0.037395186722278595,0.36325591802597046,0.24355249106884003,-0.05197582766413689,0.3795067369937897,0.18483778834342957,-0.06314384192228317,0.2642282247543335,0.3888634443283081,-0.020413635298609734,0.27713972330093384,0.258633017539978,-0.034111831337213516,0.28585612773895264,0.17777186632156372,-0.04699547216296196,0.29184165596961975,0.10846742987632751,-0.056776683777570724,0.22603264451026917,0.394416481256485,-0.023970983922481537,0.22931112349033356,0.2761731743812561,-0.039840374141931534,0.23496708273887634,0.19905585050582886,-0.052652329206466675,0.24027587473392487,0.12973365187644958,-0.06142749264836311,0.18804839253425598,0.42543596029281616,-0.03057209961116314,0.1698915958404541,0.33899033069610596,-0.04754010960459709,0.1586090326309204,0.28010350465774536,-0.05573214590549469,0.1498376876115799,0.2217298001050949,-0.06050463765859604,4
0.2307654619216919,0.6920250058174133,5.44665624602203e-07,0.2933651804924011,0.6535454392433167,-0.028457874432206154,0.34501540660858154,0.5659646987915039,-0.039707835763692856,0.38846540451049805,0.49648892879486084,-0.04898108169436455,0.4264272451400757,0.4569578170776367,-0.0576399564743042,0.30544018745422363,0.41348785161972046,-0.021136457100510597,0.34388405084609985,0.3106577396392822,-0.03805414214730263,0.365140438079834,0.24241840839385986,-0.052561432123184204,0.381553590297699,0.18416041135787964,-0.06357940286397934,0.26534298062324524,0.38854750990867615,-0.021204138174653053,0.27872905135154724,0.2575669586658478,-0.0353974923491478,0.2879081666469574,0.17712876200675964,-0.04820648580789566,0.2940831184387207,0.10895088315010071,-0.057771679013967514,0.22711731493473053,0.39395081996917725,-0.025137217715382576,0.2301376909017563,0.2745475769042969,-0.041312314569950104,0.23583020269870758,0.1968919038772583,-0.053988900035619736,0.24137139320373535,0.12772956490516663,-0.06258153915405273,0.18932268023490906,0.4250323474407196,-0.0319940522313118,0.17105132341384888,0.3385661840438843,-0.049244511872529984,0.15978208184242249,0.27953070402145386,-0.057431746274232864,0.15115995705127716,0.22152255475521088,-0.06206199526786804,4
0.23052534461021423,0.6895483732223511,5.439196684164926e-07,0.29368823766708374,0.6522861123085022,-0.028592629358172417,0.34598442912101746,0.5642936825752258,-0.03953206539154053,0.39001813530921936,0.49437791109085083,-0.048465579748153687,0.4275159239768982,0.4552583694458008,-0.056830864399671555,0.30627134442329407,0.41210150718688965,-0.021116700023412704,0.3443926274776459,0.3090960383415222,-0.037827443331480026,0.36578601598739624,0.2410864681005478,-0.05223974213004112,0.382432222366333,0.18296343088150024,-0.06319211423397064,0.26613229513168335,0.38759177923202515,-0.021017519757151604,0.27937015891075134,0.25714072585105896,-0.03505814075469971,0.2886512577533722,0.17648237943649292,-0.04800575599074364,0.2950071096420288,0.10768616199493408,-0.05777249485254288,0.2278316169977188,0.3927948772907257,-0.024807211011648178,0.23068803548812866,0.27450576424598694,-0.040899068117141724,0.23656898736953735,0.19677051901817322,-0.05388003960251808,0.24220669269561768,0.127219557762146,-0.06273876130580902,0.18985241651535034,0.42275935411453247,-0.03154519200325012,0.17189890146255493,0.3357183337211609,-0.048674698919057846,0.16065385937690735,0.2765953540802002,-0.05697549507021904,0.15194635093212128,0.2182708978652954,-0.06178790703415871,4
0.23228439688682556,0.6884862184524536,5.429311613625032e-07,0.29437869787216187,0.650692343711853,-0.02875383384525776,0.3461170792579651,0.5627905130386353,-0.039944663643836975,0.3903568387031555,0.49320071935653687,-0.04909365996718407,0.4281531870365143,0.45391640067100525,-0.057634249329566956,0.3070652484893799,0.41068556904792786,-0.021184703335165977,0.34517404437065125,0.3088523745536804,-0.03817062824964523,0.36653536558151245,0.24071992933750153,-0.05287018418312073,0.38323596119880676,0.18242856860160828,-0.06397807598114014,0.26695865392684937,0.3854348659515381,-0.021098915487527847,0.28041359782218933,0.2551305890083313,-0.03501664847135544,0.2896599769592285,0.17462319135665894,-0.04772726073861122,0.2961435914039612,0.10604581236839294,-0.05733948573470116,0.22864586114883423,0.3905487358570099,-0.02495482563972473,0.232001394033432,0.27220040559768677,-0.04084043577313423,0.23777766525745392,0.19495420157909393,-0.053472988307476044,0.24336007237434387,0.12588369846343994,-0.06213155761361122,0.19070735573768616,0.4210020899772644,-0.0318116657435894,0.17284920811653137,0.33442065119743347,-0.04865412414073944,0.1617036759853363,0.27543550729751587,-0.05667572468519211,0.15310481190681458,0.2173534631729126,-0.061329785734415054,4
0.2323731631040573,0.687080979347229,5.480007985170232e-07,0.29476043581962585,0.649407148361206,-0.02936537377536297,0.34661373496055603,0.5625780820846558,-0.04110078141093254,0.3904392421245575,0.49298015236854553,-0.05063645914196968,0.4282049536705017,0.45266324281692505,-0.05952794849872589,0.3072268068790436,0.40944555401802063,-0.022213492542505264,0.34533679485321045,0.30855435132980347,-0.03962855786085129,0.36664319038391113,0.240665465593338,-0.05464283376932144,0.3833741843700409,0.18237841129302979,-0.06595385819673538,0.26684802770614624,0.3842090666294098,-0.021943967789411545,0.28024718165397644,0.25463011860847473,-0.0363052599132061,0.2894822955131531,0.17430558800697327,-0.04930664598941803,0.2960681617259979,0.10574525594711304,-0.059096746146678925,0.22836211323738098,0.38950783014297485,-0.025612326338887215,0.23192833364009857,0.27145636081695557,-0.04192247986793518,0.23785552382469177,0.19441093504428864,-0.05461912229657173,0.24367345869541168,0.12560051679611206,-0.06325992941856384,0.1903889924287796,0.4203278124332428,-0.032297175377607346,0.17259091138839722,0.3337966203689575,-0.04942438006401062,0.1616784632205963,0.27494925260543823,-0.05748366937041283,0.1533537209033966,0.21688120067119598,-0.0621013380587101,4
0.23222464323043823,0.6876053214073181,5.441239636638784e-07,0.2943463921546936,0.6495389938354492,-0.02845684625208378,0.3459719121456146,0.5628662109375,-0.03970429673790932,0.3894606828689575,0.4937884211540222,-0.04895572364330292,0.4268532991409302,0.45327144861221313,-0.057558219879865646,0.306935578584671,0.40895184874534607,-0.02077462710440159,0.3453437387943268,0.30725741386413574,-0.037792548537254333,0.3667643070220947,0.23942270874977112,-0.05253635719418526,0.3833692669868469,0.1815696358680725,-0.06362985074520111,0.266573041677475,0.38401055335998535,-0.020910630002617836,0.280078649520874,0.25400668382644653,-0.035091008991003036,0.28914737701416016,0.17357653379440308,-0.048079535365104675,0.295379638671875,0.10522568225860596,-0.057812388986349106,0.2279806137084961,0.3894074261188507,-0.02496575191617012,0.23164960741996765,0.2709830403327942,-0.04122385010123253,0.23753966391086578,0.19343721866607666,-0.0540386363863945,0.24322441220283508,0.12432461977005005,-0.06271078437566757,0.18967187404632568,0.4202522933483124,-0.03194548934698105,0.17179161310195923,0.33301305770874023,-0.04910968244075775,0.1607782244682312,0.2738065719604492,-0.05721080303192139,0.15242542326450348,0.21541911363601685,-0.06181059032678604,4
0.23166288435459137,0.6886247396469116,5.394731488195248e-07,0.29398778080940247,0.6498381495475769,-0.028224855661392212,0.34577423334121704,0.561543345451355,-0.03905801102519035,0.3894059360027313,0.49267926812171936,-0.047931089997291565,0.4267970323562622,0.45402657985687256,-0.05618922784924507,0.3065566122531891,0.4081532061100006,-0.020377373322844505,0.3446500897407532,0.3068680167198181,-0.0371539443731308,0.36589863896369934,0.2391635924577713,-0.0518018938601017,0.38248491287231445,0.18148654699325562,-0.0628957450389862,0.2662827968597412,0.3837224245071411,-0.020633991807699203,0.27944737672805786,0.2535625696182251,-0.03460440784692764,0.28848591446876526,0.17305392026901245,-0.04752993956208229,0.29485878348350525,0.10459095239639282,-0.057276878505945206,0.22778081893920898,0.3896436095237732,-0.024824757128953934,0.2316930592060089,0.27110326290130615,-0.040957972407341,0.23778054118156433,0.19351232051849365,-0.05397100746631622,0.24354101717472076,0.12424105405807495,-0.06284800171852112,0.18954449892044067,0.4207996129989624,-0.031935133039951324,0.1715749204158783,0.33397895097732544,-0.04906029626727104,0.1603899598121643,0.27459266781806946,-0.05735312029719353,0.15183903276920319,0.21593469381332397,-0.06218084692955017,4
0.23096755146980286,0.6872813105583191,5.367784297050093e-07,0.29347530007362366,0.6494776010513306,-0.028522811830043793,0.3456938862800598,0.5620709657669067,-0.0395478680729866,0.38921022415161133,0.4927957355976105,-0.048507075756788254,0.4267391264438629,0.4537464380264282,-0.056821614503860474,0.30647093057632446,0.40856409072875977,-0.02076411433517933,0.34474658966064453,0.30720168352127075,-0.037521179765462875,0.36604881286621094,0.23953057825565338,-0.05207594111561775,0.38261541724205017,0.18191516399383545,-0.06308744847774506,0.26648151874542236,0.3836776614189148,-0.020762193948030472,0.2800580859184265,0.253872811794281,-0.03461641073226929,0.2889782786369324,0.17361882328987122,-0.047368332743644714,0.2950892448425293,0.10552605986595154,-0.05700220912694931,0.22808131575584412,0.38900232315063477,-0.024691592901945114,0.23206563293933868,0.2705482840538025,-0.040677428245544434,0.23799948394298553,0.1930047869682312,-0.053521767258644104,0.24365508556365967,0.12396460771560669,-0.0623231939971447,0.18979167938232422,0.4199507534503937,-0.031560126692056656,0.17158696055412292,0.3338127136230469,-0.0485161729156971,0.16033776104450226,0.2746487259864807,-0.05670127272605896,0.1517632156610489,0.21644458174705505,-0.06147661805152893,4
0.23183704912662506,0.6885678768157959,5.411296228885476e-07,0.29429832100868225,0.6500240564346313,-0.028820695355534554,0.3459096848964691,0.562116265296936,-0.03975377976894379,0.38923022150993347,0.4923633933067322,-0.04855302721261978,0.4267670512199402,0.4530636668205261,-0.056658923625946045,0.3061670958995819,0.4084279537200928,-0.020328322425484657,0.3444632887840271,0.30715256929397583,-0.03677333518862724,0.3656809329986572,0.2396688610315323,-0.05128243938088417,0.3821463882923126,0.18196731805801392,-0.06230427697300911,0.2663610875606537,0.38382473587989807,-0.02009064145386219,0.27993080019950867,0.2543235123157501,-0.03358144313097,0.28876903653144836,0.1739935278892517,-0.0462539866566658,0.2947612702846527,0.10540327429771423,-0.05589127540588379,0.22805222868919373,0.3893236219882965,-0.023863736540079117,0.23191726207733154,0.27139168977737427,-0.039684321731328964,0.23794832825660706,0.19402247667312622,-0.052582621574401855,0.2434854954481125,0.12510135769844055,-0.061426591128110886,0.18975849449634552,0.4202292561531067,-0.03060992993414402,0.17106890678405762,0.3341899514198303,-0.04749150946736336,0.15958723425865173,0.27457720041275024,-0.055698517709970474,0.15056215226650238,0.21593248844146729,-0.06050056964159012,4
0.23030081391334534,0.6870179772377014,5.410506105363311e-07,0.29309600591659546,0.6490561366081238,-0.028647836297750473,0.3452657163143158,0.5623984336853027,-0.039616577327251434,0.38932108879089355,0.4934728443622589,-0.0485590435564518,0.42669886350631714,0.4544812738895416,-0.05688858404755592,0.30624115467071533,0.4101346433162689,-0.02058941312134266,0.3450721502304077,0.3090125024318695,-0.037292227149009705,0.36650073528289795,0.24120491743087769,-0.051846571266651154,0.38323307037353516,0.18349993228912354,-0.06289759278297424,0.26627928018569946,0.38501623272895813,-0.02051878720521927,0.27985212206840515,0.2550651729106903,-0.034415844827890396,0.28912678360939026,0.17449992895126343,-0.04721298813819885,0.29560691118240356,0.10597503185272217,-0.056888170540332794,0.22789721190929413,0.3902808129787445,-0.02441953867673874,0.2318616509437561,0.2716216444969177,-0.040569644421339035,0.23786363005638123,0.1944207400083542,-0.053506720811128616,0.24353879690170288,0.12543025612831116,-0.062321148812770844,0.189705491065979,0.42106470465660095,-0.03127961605787277,0.17153143882751465,0.33464574813842773,-0.04854408651590347,0.1601179540157318,0.2757836878299713,-0.056891873478889465,0.15115900337696075,0.2175523042678833,-0.061720527708530426,4
0.23200519382953644,0.6870471239089966,5.434399099613074e-07,0.2944183051586151,0.649326741695404,-0.028817418962717056,0.34580039978027344,0.5614582896232605,-0.039917171001434326,0.3893318772315979,0.49253085255622864,-0.048895757645368576,0.4270659387111664,0.45344093441963196,-0.057253964245319366,0.3065214455127716,0.40858685970306396,-0.021216105669736862,0.34469473361968994,0.30772095918655396,-0.0381413958966732,0.3662397861480713,0.24034224450588226,-0.05289439857006073,0.3830203115940094,0.18250423669815063,-0.06407143920660019,0.2663956880569458,0.38329946994781494,-0.021074028685688972,0.279942125082016,0.25400829315185547,-0.034969378262758255,0.28895923495292664,0.17397546768188477,-0.04769250750541687,0.29515352845191956,0.10541227459907532,-0.05728945508599281,0.22782087326049805,0.38852667808532715,-0.024890488013625145,0.2314041256904602,0.2704138159751892,-0.04100245609879494,0.23736590147018433,0.1932230144739151,-0.053810909390449524,0.24299882352352142,0.12431907653808594,-0.06252492219209671,0.18951383233070374,0.41937708854675293,-0.0316709503531456,0.17099614441394806,0.3333906829357147,-0.04882736876606941,0.15951114892959595,0.2745169997215271,-0.05702749267220497,0.1505373865365982,0.21651826798915863,-0.06174001470208168,4
0.8266549110412598,0.8060265779495239,4.454347504179168e-07,0.7475922107696533,0.7693510055541992,-0.0286091398447752,0.6719462275505066,0.6644928455352783,-0.040508005768060684,0.617214560508728,0.583789587020874,-0.050845224410295486,0.5666888952255249,0.5527021288871765,-0.062104981392621994,0.7276706695556641,0.47559860348701477,-0.025699563324451447,0.6897099018096924,0.342922568321228,-0.0437190905213356,0.6680321097373962,0.26182472705841064,-0.058438919484615326,0.6509407162666321,0.19119468331336975,-0.0711417943239212,0.7826024293899536,0.44658178091049194,-0.03129054978489876,0.7700452208518982,0.28163522481918335,-0.04726278781890869,0.7618219256401062,0.1798667013645172,-0.06386752426624298,0.7540086507797241,0.09412077069282532,-0.0776580199599266,0.834754467010498,0.4573814868927002,-0.04116007313132286,0.8476274609565735,0.30566883087158203,-0.06692767143249512,0.8540337085723877,0.20624575018882751,-0.08881935477256775,0.8559706211090088,0.11567702889442444,-0.1044645681977272,0.8832928538322449,0.49874621629714966,-0.052858561277389526,0.9247609972953796,0.39643800258636475,-0.08071765303611755,0.9528385400772095,0.3230823278427124,-0.09609468281269073,0.9741846323013306,0.25162047147750854,-0.10679624229669571,4
0.823941171169281,0.8073374032974243,4.5703995965595823e-07,0.7448687553405762,0.7707839012145996,-0.029733797535300255,0.6686962842941284,0.6682265996932983,-0.04250568151473999,0.6138095855712891,0.5894147157669067,-0.05351130664348602,0.5643913745880127,0.5560644865036011,-0.0653403177857399,0.7230435609817505,0.478398859500885,-0.027910670265555382,0.6841719150543213,0.34621381759643555,-0.047026313841342926,0.662371039390564,0.265020489692688,-0.062275052070617676,0.6461807489395142,0.19339975714683533,-0.07524310797452927,0.7781859040260315,0.44808483123779297,-0.033241063356399536,0.7641869187355042,0.2848838269710541,-0.05022351071238518,0.7555717825889587,0.18316614627838135,-0.06725720316171646,0.7483251690864563,0.096711665391922,-0.08136094361543655,0.8307502269744873,0.457955002784729,-0.042933057993650436,0.8431357741355896,0.30691879987716675,-0.06971988081932068,0.8497135043144226,0.20816832780838013,-0.09205377101898193,0.8523892760276794,0.1179429292678833,-0.10792621970176697,0.8794233798980713,0.49902185797691345,-0.05453866720199585,0.9206151962280273,0.39676159620285034,-0.08369945734739304,0.9489105343818665,0.3234272301197052,-0.09989229589700699,0.9708094596862793,0.25150859355926514,-0.11103631556034088,4
0.8200632333755493,0.7985594272613525,4.5143482907405996e-07,0.7418439984321594,0.765089750289917,-0.028929036110639572,0.6665656566619873,0.6610777974128723,-0.040886521339416504,0.6124240756034851,0.5811158418655396,-0.05104098096489906,0.5625202655792236,0.5508104562759399,-0.06215642765164375,0.7203322649002075,0.46941468119621277,-0.026772627606987953,0.6811777949333191,0.338157057762146,-0.04485854133963585,0.6594663858413696,0.2568593919277191,-0.059491463005542755,0.6428191065788269,0.186430424451828,-0.07213055342435837,0.775083601474762,0.44001880288124084,-0.03219848498702049,0.76162189245224,0.2760436534881592,-0.04847085475921631,0.7530602216720581,0.17495164275169373,-0.06513984501361847,0.7451663017272949,0.09032842516899109,-0.07889971137046814,0.827182412147522,0.45089131593704224,-0.04187428578734398,0.8395733833312988,0.29957276582717896,-0.06789423525333405,0.845576822757721,0.19997170567512512,-0.09017007052898407,0.8474670052528381,0.10924404859542847,-0.10605877637863159,0.8752943873405457,0.4923055171966553,-0.05332859978079796,0.9150771498680115,0.3889608383178711,-0.08168897032737732,0.942065954208374,0.3147388696670532,-0.09757079929113388,0.9625774025917053,0.2417633831501007,-0.10860679298639297,4
0.8186298608779907,0.7990278005599976,4.511579732024984e-07,0.7391384840011597,0.7645323872566223,-0.028237583115696907,0.6628631353378296,0.6619186997413635,-0.03970238193869591,0.6090507507324219,0.582874059677124,-0.04949577525258064,0.5609908699989319,0.5503259897232056,-0.06018032878637314,0.7170019149780273,0.4690118730068207,-0.025457577779889107,0.6789044737815857,0.3372117280960083,-0.04311022162437439,0.6573669910430908,0.25674116611480713,-0.057635944336652756,0.6405462026596069,0.18721544742584229,-0.07009843736886978,0.7719292044639587,0.4398559033870697,-0.03108280338346958,0.7585530281066895,0.2757236063480377,-0.046727292239665985,0.7499973177909851,0.1746109426021576,-0.06320541352033615,0.742063581943512,0.08995404839515686,-0.076816126704216,0.8241195678710938,0.450501948595047,-0.04098057001829147,0.8365499377250671,0.29857105016708374,-0.06631205976009369,0.8430328965187073,0.19895166158676147,-0.0884174183011055,0.8452278971672058,0.10896646976470947,-0.10417884588241577,0.8723427057266235,0.4915444552898407,-0.05264989286661148,0.9117204546928406,0.3872089982032776,-0.08043202757835388,0.9386600852012634,0.313063383102417,-0.09594947844743729,0.9592654705047607,0.24097824096679688,-0.10664734989404678,4
0.814917266368866,0.7977417707443237,4.557024340101634e-07,0.7357666492462158,0.7625478506088257,-0.027906745672225952,0.6600760817527771,0.6611225605010986,-0.039597287774086,0.6067428588867188,0.5834270715713501,-0.04974246025085449,0.5588256120681763,0.5503986477851868,-0.06078702211380005,0.7140167355537415,0.46862345933914185,-0.02574290707707405,0.6758311986923218,0.33713841438293457,-0.04369257763028145,0.6544989347457886,0.2570039927959442,-0.05832542106509209,0.6382188200950623,0.18715861439704895,-0.07081973552703857,0.7690422534942627,0.4394480586051941,-0.03154641389846802,0.7558435797691345,0.2756332755088806,-0.047418273985385895,0.7474172711372375,0.17485111951828003,-0.06389050930738449,0.7399258017539978,0.08997249603271484,-0.0774899497628212,0.8214371204376221,0.4497898817062378,-0.04156845435500145,0.83388751745224,0.2976570129394531,-0.06695114821195602,0.8405202627182007,0.19872424006462097,-0.0887797474861145,0.8430758714675903,0.10925588011741638,-0.10437783598899841,0.8699550032615662,0.49070969223976135,-0.05336166173219681,0.909686267375946,0.38750767707824707,-0.08107546716928482,0.9367184638977051,0.31376951932907104,-0.09647957235574722,0.9574397802352905,0.2416086494922638,-0.10711220651865005,4
0.8115768432617188,0.7943274974822998,4.690849664257257e-07,0.73228919506073,0.7609710693359375,-0.02886003628373146,0.6567988395690918,0.6595128774642944,-0.040629543364048004,0.6042620539665222,0.5807100534439087,-0.050526030361652374,0.5562741160392761,0.5483734011650085,-0.06119472160935402,0.7102112770080566,0.4666672945022583,-0.026326563209295273,0.6722749471664429,0.3349706828594208,-0.04403034970164299,0.6511421203613281,0.25402113795280457,-0.05836809054017067,0.6352053284645081,0.18367576599121094,-0.070742167532444,0.7650231122970581,0.43652716279029846,-0.03160078451037407,0.7525619864463806,0.27295905351638794,-0.04744959995150566,0.7445392608642578,0.17168062925338745,-0.06390708684921265,0.7373101115226746,0.08674949407577515,-0.07753422111272812,0.8170934915542603,0.4462464451789856,-0.04117545485496521,0.8304831385612488,0.2954866290092468,-0.06668802350759506,0.837402880191803,0.19698217511177063,-0.08871814608573914,0.8400654792785645,0.10775139927864075,-0.10442807525396347,0.8653039932250977,0.4865756332874298,-0.05259339138865471,0.9048998951911926,0.3832899332046509,-0.08047966659069061,0.9316109418869019,0.30986636877059937,-0.09615886956453323,0.9520567655563354,0.23803600668907166,-0.10700757801532745,4
0.8109710216522217,0.79215008020401,4.643215731903183e-07,0.7309564352035522,0.7591738700866699,-0.02893020771443844,0.6561300158500671,0.660090446472168,-0.04104261472821236,0.6034542918205261,0.5820572972297668,-0.05146951228380203,0.5556925535202026,0.5483168959617615,-0.0626523420214653,0.7089308500289917,0.46564552187919617,-0.02518676407635212,0.6707953214645386,0.3340608477592468,-0.043086402118206024,0.6494085788726807,0.2533513009548187,-0.057879891246557236,0.6330429315567017,0.18311479687690735,-0.07049325108528137,0.763451099395752,0.4355293810367584,-0.03050239197909832,0.7507994771003723,0.27196210622787476,-0.04639469087123871,0.742302656173706,0.1707177460193634,-0.06324661523103714,0.7343887686729431,0.0855650007724762,-0.07710949331521988,0.815289318561554,0.44466131925582886,-0.04019766300916672,0.8281056880950928,0.2933320999145508,-0.06540358066558838,0.8346807360649109,0.19469723105430603,-0.0873282328248024,0.8369554877281189,0.10553529858589172,-0.10295882821083069,0.8636919260025024,0.4841093420982361,-0.05181717872619629,0.9030658006668091,0.38064074516296387,-0.0791192352771759,0.9294804930686951,0.30663299560546875,-0.09445096552371979,0.9497474431991577,0.23473095893859863,-0.10505466908216476,4
0.8103832602500916,0.7916821241378784,4.592845925799338e-07,0.731103241443634,0.7606865763664246,-0.02800877019762993,0.655594527721405,0.6618350744247437,-0.03927813842892647,0.6031289100646973,0.5836697816848755,-0.04898568615317345,0.5560612678527832,0.5516185760498047,-0.05946400761604309,0.7074579000473022,0.46529754996299744,-0.0244595967233181,0.6684069633483887,0.33444422483444214,-0.04168082773685455,0.6469017863273621,0.253822922706604,-0.05580536276102066,0.6308259963989258,0.18413832783699036,-0.067966990172863,0.7618605494499207,0.43411409854888916,-0.02991204522550106,0.7485703825950623,0.27054911851882935,-0.04520086199045181,0.7401055097579956,0.16953116655349731,-0.06140793859958649,0.732546329498291,0.08581480383872986,-0.07477597892284393,0.8137116432189941,0.4422796368598938,-0.039680369198322296,0.8265007138252258,0.29195982217788696,-0.06424088776111603,0.8329971432685852,0.1937391459941864,-0.08593910187482834,0.8354120254516602,0.10575047135353088,-0.10144361853599548,0.8621458411216736,0.48106715083122253,-0.0513322614133358,0.9015148878097534,0.378235399723053,-0.0781543105840683,0.9272985458374023,0.30405497550964355,-0.09354638308286667,0.9470832347869873,0.23208841681480408,-0.10424535721540451,4
0.8109080791473389,0.7932217121124268,4.674320166486723e-07,0.7314206957817078,0.7617489099502563,-0.02887849323451519,0.6555486917495728,0.661697506904602,-0.040291473269462585,0.6031919717788696,0.5824056267738342,-0.04997910186648369,0.5550130009651184,0.5512576699256897,-0.06036032736301422,0.7067189812660217,0.4673444330692291,-0.025205425918102264,0.6685994863510132,0.3355664908885956,-0.042479902505874634,0.647021472454071,0.2549004554748535,-0.056548576802015305,0.630744457244873,0.18474632501602173,-0.0687580406665802,0.7614643573760986,0.4358005225658417,-0.030350463464856148,0.7481310367584229,0.2725297808647156,-0.045817311853170395,0.7395195364952087,0.17101770639419556,-0.06217023357748985,0.7318985462188721,0.08642938733100891,-0.0757550299167633,0.813694179058075,0.4438917636871338,-0.03987039253115654,0.826163649559021,0.29331937432289124,-0.06501450389623642,0.8326206803321838,0.19579967856407166,-0.08688761293888092,0.8349368572235107,0.10817393660545349,-0.10247894376516342,0.8625009655952454,0.4824351668357849,-0.05131825804710388,0.901739239692688,0.3791441023349762,-0.07879013568162918,0.9276829957962036,0.3053978383541107,-0.09447184950113297,0.9476321339607239,0.23371222615242004,-0.10535730421543121,4
0.8108165860176086,0.7944469451904297,4.659239323245856e-07,0.7312037944793701,0.761264443397522,-0.028380081057548523,0.6557497978210449,0.6609851121902466,-0.04012284427881241,0.6036019325256348,0.582621693611145,-0.050186894834041595,0.5553346276283264,0.5515862107276917,-0.06103324890136719,0.7079585194587708,0.46554991602897644,-0.025772564113140106,0.6694955825805664,0.33439433574676514,-0.043448902666568756,0.6481592655181885,0.25419750809669495,-0.057873282581567764,0.632175624370575,0.18421849608421326,-0.0703122690320015,0.7628836631774902,0.43551477789878845,-0.031479258090257645,0.7494086027145386,0.2729809284210205,-0.04739168658852577,0.7408831119537354,0.17196550965309143,-0.0641908124089241,0.7333301305770874,0.08715364336967468,-0.07808969169855118,0.8151963949203491,0.4453394412994385,-0.04144791513681412,0.8277888894081116,0.29480472207069397,-0.06689366698265076,0.8346090316772461,0.19668927788734436,-0.08907553553581238,0.8372907042503357,0.1082269549369812,-0.10491660982370377,0.8638235926628113,0.4857681095600128,-0.05324660986661911,0.9029817581176758,0.38184165954589844,-0.08099325746297836,0.9291405081748962,0.30784785747528076,-0.09672972559928894,0.9491791129112244,0.2358575463294983,-0.10763133317232132,4
0.8117139339447021,0.7968807816505432,4.623780398560484e-07,0.7322573065757751,0.7632750272750854,-0.02815631590783596,0.6572202444076538,0.6634081602096558,-0.03984849527478218,0.6048177480697632,0.5850740671157837,-0.049923576414585114,0.5566771030426025,0.5535717010498047,-0.06079002469778061,0.7086277008056641,0.4669952094554901,-0.024888688698410988,0.6697568893432617,0.33541059494018555,-0.042369164526462555,0.648317277431488,0.25489604473114014,-0.056778114289045334,0.6320388913154602,0.1850757896900177,-0.06916686147451401,0.7635271549224854,0.43611013889312744,-0.030580537393689156,0.7501398921012878,0.2725023329257965,-0.04605543985962868,0.7416234612464905,0.17165490984916687,-0.06259145587682724,0.733761191368103,0.087686687707901,-0.07623742520809174,0.8159611225128174,0.4451691508293152,-0.040556978434324265,0.8280601501464844,0.2933524250984192,-0.06546657532453537,0.8344014883041382,0.1946362853050232,-0.08746249228715897,0.8366839289665222,0.10565248131752014,-0.10320479422807693,0.8647651672363281,0.48506632447242737,-0.052366238087415695,0.9037337899208069,0.38121727108955383,-0.07959337532520294,0.9296548962593079,0.3066616654396057,-0.09509453177452087,0.9496640563011169,0.23422139883041382,-0.10585489124059677,4
0.8109868764877319,0.7961710691452026,4.772375064021617e-07,0.7318764925003052,0.7642704844474792,-0.02905353344976902,0.6572223901748657,0.6655838489532471,-0.041545119136571884,0.604701817035675,0.5877014994621277,-0.05220477283000946,0.5562298893928528,0.5556084513664246,-0.06362836807966232,0.7074196934700012,0.4685821831226349,-0.026927774772047997,0.6696497201919556,0.3357648253440857,-0.04488734155893326,0.6484208106994629,0.2547937333583832,-0.059406667947769165,0.6322283148765564,0.18454113602638245,-0.07186442613601685,0.762712299823761,0.4383142590522766,-0.032441165298223495,0.7499078512191772,0.2748870253562927,-0.04870261624455452,0.741401731967926,0.17294850945472717,-0.06576428562402725,0.7334703207015991,0.08756047487258911,-0.07984665036201477,0.8152068257331848,0.44771599769592285,-0.0422179140150547,0.8283000588417053,0.2957395911216736,-0.06809674948453903,0.8351118564605713,0.19602864980697632,-0.09077037125825882,0.8375589847564697,0.10625419020652771,-0.10693853348493576,0.863884687423706,0.48752284049987793,-0.05379596725106239,0.9036142230033875,0.3827323317527771,-0.0822015255689621,0.9301928281784058,0.3081405758857727,-0.09841632097959518,0.9505036473274231,0.23601701855659485,-0.10959214717149734,4
0.8105633854866028,0.7943248152732849,4.7036024852786795e-07,0.7304181456565857,0.7623820304870605,-0.02780938893556595,0.6554890871047974,0.6629247665405273,-0.039174098521471024,0.6037852764129639,0.5846505761146545,-0.048932306468486786,0.5556942820549011,0.5530114769935608,-0.05951151251792908,0.7063705921173096,0.46584662795066833,-0.024786561727523804,0.6684183478355408,0.33349180221557617,-0.04181898012757301,0.6473499536514282,0.2527637481689453,-0.05580776557326317,0.6312568187713623,0.18270337581634521,-0.06798134744167328,0.7615178227424622,0.4355384409427643,-0.03058905526995659,0.7489380836486816,0.27179455757141113,-0.04599045217037201,0.7408323287963867,0.1701875925064087,-0.06272613257169724,0.7331657409667969,0.08480960130691528,-0.07662999629974365,0.8136118650436401,0.44490528106689453,-0.04060092940926552,0.8276388645172119,0.2932177782058716,-0.06592946499586105,0.8349465131759644,0.19401311874389648,-0.08869016915559769,0.8375830054283142,0.10450935363769531,-0.10497358441352844,0.8619780540466309,0.4847458302974701,-0.05231756716966629,0.9027048945426941,0.3808721601963043,-0.0803690105676651,0.9296740889549255,0.3069131672382355,-0.09661590307950974,0.9502101540565491,0.2349521815776825,-0.10787392407655716,4
0.8102001547813416,0.7897535562515259,4.644964519684436e-07,0.731044352054596,0.759404182434082,-0.027854008600115776,0.654871940612793,0.6597394943237305,-0.03911495953798294,0.601267397403717,0.5815866589546204,-0.048755936324596405,0.5523295402526855,0.5525323152542114,-0.05918513983488083,0.7049214839935303,0.46341097354888916,-0.024598240852355957,0.6663312315940857,0.33125734329223633,-0.04135028272867203,0.6449927687644958,0.25104624032974243,-0.05511757731437683,0.6288295388221741,0.181797057390213,-0.0671858862042427,0.7596593499183655,0.43238088488578796,-0.03018290549516678,0.7458849549293518,0.2692051827907562,-0.045347053557634354,0.7374132871627808,0.16842985153198242,-0.061740513890981674,0.7298139929771423,0.08386018872261047,-0.07542625069618225,0.8119832277297974,0.44078341126441956,-0.039974045008420944,0.8244001269340515,0.28900423645973206,-0.06512176245450974,0.831202507019043,0.19055092334747314,-0.08750750124454498,0.8336935043334961,0.1017589271068573,-0.10358564555644989,0.8607661128044128,0.47971290349960327,-0.05149734765291214,0.9005258083343506,0.37608882784843445,-0.07957594841718674,0.9273223876953125,0.302693247795105,-0.09575575590133667,0.9479271173477173,0.2314075231552124,-0.10696224868297577,4
0.8083494305610657,0.7852874994277954,4.77428500289534e-07,0.7299776077270508,0.7559553384780884,-0.029080580919981003,0.6545726656913757,0.6582683324813843,-0.04110422357916832,0.6007263660430908,0.5801150798797607,-0.05134646221995354,0.551505446434021,0.5473570227622986,-0.06222150847315788,0.7031394839286804,0.46141013503074646,-0.02552945166826248,0.6648120284080505,0.3298558294773102,-0.04283563792705536,0.6432747840881348,0.24990582466125488,-0.056984420865774155,0.627133846282959,0.18012097477912903,-0.06931129097938538,0.7577651739120483,0.4298960566520691,-0.030795495957136154,0.7438231110572815,0.2666347026824951,-0.04643414542078972,0.7354828715324402,0.1651134192943573,-0.06324013322591782,0.7283164262771606,0.07979658246040344,-0.07724564522504807,0.8100910782814026,0.43835699558258057,-0.04039248824119568,0.8224424123764038,0.28676971793174744,-0.06614215672016144,0.8294891715049744,0.18882298469543457,-0.08865491300821304,0.8321838974952698,0.10048776865005493,-0.10472021996974945,0.8590044975280762,0.47751522064208984,-0.0518171526491642,0.8987122774124146,0.3732243776321411,-0.08045239746570587,0.9255771636962891,0.29958683252334595,-0.09676375985145569,0.946098268032074,0.2282639741897583,-0.10797030478715897,4
0.8082846403121948,0.7863342761993408,4.7059131702553714e-07,0.729242742061615,0.7570749521255493,-0.028553025797009468,0.6530893445014954,0.6594111919403076,-0.04014004021883011,0.5996627807617188,0.5811847448348999,-0.05001349747180939,0.5510122179985046,0.5496414303779602,-0.0605328343808651,0.701992392539978,0.4620867967605591,-0.024883395060896873,0.6636544466018677,0.33078867197036743,-0.041691649705171585,0.6422156691551208,0.25091826915740967,-0.05554693192243576,0.6258590817451477,0.1818487048149109,-0.06767766922712326,0.7565982937812805,0.4299362301826477,-0.030189471319317818,0.7429307699203491,0.2667715847492218,-0.045344796031713486,0.7344937920570374,0.16571980714797974,-0.06172899901866913,0.7269044518470764,0.08143991231918335,-0.07540487498044968,0.80882728099823,0.4377893805503845,-0.03978923708200455,0.8212231993675232,0.2861256003379822,-0.06495016813278198,0.8280921578407288,0.18811383843421936,-0.08716756850481033,0.8306947946548462,0.10003361105918884,-0.10305935889482498,0.8577037453651428,0.4764982759952545,-0.05121293663978577,0.8974238634109497,0.3727453649044037,-0.07932906597852707,0.9240620732307434,0.2990342974662781,-0.09542295336723328,0.9446160793304443,0.2278967797756195,-0.10647797584533691,4
0.8085820078849792,0.7870689630508423,4.7125885771492904e-07,0.7294518947601318,0.7592785358428955,-0.029682664200663567,0.6522619724273682,0.6601001024246216,-0.04165581986308098,0.597150981426239,0.5806386470794678,-0.05175832659006119,0.5469557046890259,0.5496427416801453,-0.06249748542904854,0.7012773156166077,0.46378737688064575,-0.026005206629633904,0.6627286672592163,0.33260583877563477,-0.04336593300104141,0.640846848487854,0.25229722261428833,-0.05761175602674484,0.6246486902236938,0.18168526887893677,-0.07016143947839737,0.7554397583007812,0.4308224022388458,-0.03093850612640381,0.7405482530593872,0.26898542046546936,-0.04664149880409241,0.7319672703742981,0.16740885376930237,-0.06322495639324188,0.7250946760177612,0.08197718858718872,-0.07716475427150726,0.8077390789985657,0.43806955218315125,-0.04029563069343567,0.8190169334411621,0.2871234118938446,-0.06642072647809982,0.8259392976760864,0.18964883685112,-0.08894938230514526,0.8288614153862,0.10173296928405762,-0.10503026098012924,0.8567712306976318,0.4760950803756714,-0.05157703161239624,0.8962282538414001,0.37164464592933655,-0.08102097362279892,0.9236212968826294,0.29899847507476807,-0.0978398248553276,0.9449077248573303,0.228664368391037,-0.10935895889997482,4
0.8091928958892822,0.7876604795455933,4.831039746022725e-07,0.7301192283630371,0.7575522661209106,-0.03043389320373535,0.6539328098297119,0.65952068567276,-0.04275922104716301,0.5991173982620239,0.5809311866760254,-0.05311528593301773,0.5496633052825928,0.5482069253921509,-0.06390593945980072,0.7017218470573425,0.46341946721076965,-0.025487365201115608,0.6626055240631104,0.3318551778793335,-0.04286826029419899,0.6410026550292969,0.25125041604042053,-0.05717829242348671,0.6256909370422363,0.18026456236839294,-0.06969242542982101,0.7557850480079651,0.4295911490917206,-0.03002898581326008,0.7404683828353882,0.26732879877090454,-0.0457393079996109,0.7321405410766602,0.1650751531124115,-0.0624568797647953,0.7259958982467651,0.07917764782905579,-0.07644825428724289,0.8080080151557922,0.4359915256500244,-0.03916694223880768,0.8197343945503235,0.2847751975059509,-0.06507556885480881,0.8269686698913574,0.18739598989486694,-0.08760561794042587,0.8303167819976807,0.09972506761550903,-0.10369181632995605,0.8571538925170898,0.4734970033168793,-0.05035369470715523,0.8967400789260864,0.36979395151138306,-0.0793696865439415,0.9237020015716553,0.2968388795852661,-0.09614025801420212,0.9446754455566406,0.22587549686431885,-0.10766921192407608,4
0.8089725971221924,0.7851054668426514,4.755892177854548e-07,0.7307136654853821,0.7569012641906738,-0.029929684475064278,0.6547682285308838,0.6590051651000977,-0.042087774723768234,0.6003580093383789,0.5796797275543213,-0.05229683592915535,0.5505366325378418,0.5479819774627686,-0.06312832981348038,0.7021067142486572,0.46315422654151917,-0.026284461840987206,0.6631446480751038,0.33202698826789856,-0.04386873170733452,0.6411434412002563,0.2516058683395386,-0.05825177580118179,0.6251895427703857,0.1806846559047699,-0.07084508240222931,0.7560747265815735,0.4296590983867645,-0.031097617000341415,0.740803062915802,0.2676611542701721,-0.04696204885840416,0.7323645949363708,0.16578522324562073,-0.0637965127825737,0.7256830930709839,0.07993665337562561,-0.07789593189954758,0.8083012104034424,0.4364436864852905,-0.0403282605111599,0.8196993470191956,0.28491175174713135,-0.06650104373693466,0.8267353177070618,0.18710249662399292,-0.08919186890125275,0.8295319080352783,0.0991334319114685,-0.10536590218544006,0.8575724363327026,0.4738180935382843,-0.05146658420562744,0.8964806199073792,0.36877647042274475,-0.08071112632751465,0.923404335975647,0.29585278034210205,-0.09742839634418488,0.9440277814865112,0.2254953384399414,-0.10889194905757904,4
0.8087479472160339,0.7843393087387085,4.75822332646203e-07,0.7307759523391724,0.7570408582687378,-0.029012179002165794,0.6543219685554504,0.6601269245147705,-0.04078994691371918,0.5998649597167969,0.5818675756454468,-0.050764791667461395,0.5501692295074463,0.5504014492034912,-0.06132415309548378,0.7012312412261963,0.462534636259079,-0.02547500841319561,0.6626051664352417,0.33220839500427246,-0.04282236471772194,0.6405990123748779,0.2525901794433594,-0.056942906230688095,0.6240549683570862,0.18337449431419373,-0.06922303885221481,0.754837691783905,0.4294309616088867,-0.03059636428952217,0.740117073059082,0.26684504747390747,-0.04615526646375656,0.7314158082008362,0.16563814878463745,-0.06252219527959824,0.7242308855056763,0.08148354291915894,-0.07614770531654358,0.8068140745162964,0.43621471524238586,-0.04008082300424576,0.8183592557907104,0.28491467237472534,-0.065642349421978,0.8249841928482056,0.187538743019104,-0.0877244621515274,0.827587366104126,0.1003362238407135,-0.10346068441867828,0.8558143973350525,0.4738331735134125,-0.051450010389089584,0.8947728872299194,0.3693377673625946,-0.08007805049419403,0.9211540222167969,0.29586926102638245,-0.09635093808174133,0.9414485692977905,0.2250956892967224,-0.10745947062969208,4
0.8091700673103333,0.7868750095367432,4.6968389710855263e-07,0.7311241626739502,0.7609326839447021,-0.02934802696108818,0.6541903018951416,0.6630972623825073,-0.04077327996492386,0.5995759963989258,0.584279477596283,-0.0503208301961422,0.5499774217605591,0.5537091493606567,-0.060468170791864395,0.7013437747955322,0.46635809540748596,-0.025110723450779915,0.6623759269714355,0.33588364720344543,-0.04208625480532646,0.6400991678237915,0.2557240128517151,-0.05601414293050766,0.6234446167945862,0.18604570627212524,-0.06830538064241409,0.7546278834342957,0.4319969415664673,-0.029918227344751358,0.739474892616272,0.27017533779144287,-0.04536588490009308,0.7303725481033325,0.16839715838432312,-0.06176608055830002,0.7227696776390076,0.08408242464065552,-0.07546481490135193,0.8062829375267029,0.4377918839454651,-0.03915577381849289,0.8174382448196411,0.28710129857063293,-0.06475581973791122,0.8235945701599121,0.18953779339790344,-0.08724828064441681,0.8256931304931641,0.10211995244026184,-0.1033308133482933,0.854982852935791,0.47443675994873047,-0.05030014365911484,0.8937515020370483,0.37086057662963867,-0.07917249947786331,0.9200052618980408,0.2976153492927551,-0.09595923125743866,0.9402527809143066,0.22680151462554932,-0.10751154273748398,4
0.821145236492157,0.6890020966529846,4.6117122565192403e-07,0.7537292838096619,0.6603951454162598,-0.027217164635658264,0.695136308670044,0.5694031119346619,-0.03854816034436226,0.6550903916358948,0.48860764503479004,-0.04753393679857254,0.6173691153526306,0.4394611418247223,-0.056485988199710846,0.7372727394104004,0.3967955410480499,-0.021917376667261124,0.711709201335907,0.2796746492385864,-0.037960171699523926,0.6979048252105713,0.2061484158039093,-0.051842305809259415,0.6898663640022278,0.1399049162864685,-0.06361088901758194,0.7829304337501526,0.3704690933227539,-0.024961326271295547,0.7773676514625549,0.23122859001159668,-0.038969412446022034,0.7753681540489197,0.14053884148597717,-0.05399804189801216,0.7748273611068726,0.06256437301635742,-0.06637759506702423,0.8257660269737244,0.3796345889568329,-0.03203032910823822,0.8415976762771606,0.25260406732559204,-0.053417254239320755,0.8512313961982727,0.17100399732589722,-0.07158302515745163,0.8571677207946777,0.09812423586845398,-0.08453097194433212,0.8645595908164978,0.41535475850105286,-0.04111212491989136,0.8990187644958496,0.32582685351371765,-0.06501789391040802,0.9227815270423889,0.2649577260017395,-0.07840922474861145,0.9417381286621094,0.20628295838832855,-0.08729418367147446,4
0.8202664852142334,0.6874556541442871,4.553147618935327e-07,0.75341796875,0.6583812832832336,-0.026587454602122307,0.6950820088386536,0.5658084750175476,-0.037092749029397964,0.655224621295929,0.48595356941223145,-0.04524669423699379,0.6185235977172852,0.43792301416397095,-0.05342238396406174,0.7379826903343201,0.39357003569602966,-0.02069941908121109,0.7119536399841309,0.27725750207901,-0.0357174426317215,0.6984546780586243,0.20526498556137085,-0.04881950467824936,0.6907140016555786,0.14055553078651428,-0.06003883481025696,0.7841565012931824,0.3684426248073578,-0.023755986243486404,0.778436005115509,0.22939078509807587,-0.03659343346953392,0.7763703465461731,0.13987374305725098,-0.051054708659648895,0.7758608460426331,0.06271672248840332,-0.06309620290994644,0.8269898891448975,0.37866324186325073,-0.03080243617296219,0.8426647782325745,0.2514354884624481,-0.05156482011079788,0.8523533344268799,0.1699865758419037,-0.06981536000967026,0.8584897518157959,0.09678494930267334,-0.08287956565618515,0.8654639720916748,0.41520699858665466,-0.03976369649171829,0.8996147513389587,0.3261502981185913,-0.06350403279066086,0.9235643744468689,0.26588261127471924,-0.07692994922399521,0.9427238702774048,0.2072596698999405,-0.08584190905094147,4
0.823055624961853,0.686751127243042,4.566195457300637e-07,0.7563840746879578,0.6575642824172974,-0.027534814551472664,0.6984862089157104,0.5671772956848145,-0.039032891392707825,0.65865159034729,0.4871753752231598,-0.04812454804778099,0.6213662028312683,0.4383922219276428,-0.05720331892371178,0.7409616708755493,0.3943401873111725,-0.022030752152204514,0.7151362299919128,0.27747058868408203,-0.03811301663517952,0.7016422748565674,0.2043473720550537,-0.05204005166888237,0.6942235827445984,0.13832467794418335,-0.0637672021985054,0.7867867350578308,0.36821094155311584,-0.0249033086001873,0.7813952565193176,0.22899243235588074,-0.0386800579726696,0.7795639634132385,0.13874778151512146,-0.05358816310763359,0.7794044017791748,0.06126755475997925,-0.06593269109725952,0.8293588161468506,0.3776460587978363,-0.0318598710000515,0.8457984924316406,0.25076204538345337,-0.05290520563721657,0.8559057116508484,0.16961674392223358,-0.07094547897577286,0.8623470664024353,0.09715574979782104,-0.08386837691068649,0.8676690459251404,0.4135812819004059,-0.040903642773628235,0.9020969271659851,0.32461050152778625,-0.06440261006355286,0.925990104675293,0.26424285769462585,-0.0776011198759079,0.9451361298561096,0.2060500830411911,-0.08641377091407776,4
0.824130654335022,0.6874833106994629,4.586621002999891e-07,0.7578907608985901,0.6571322679519653,-0.027078479528427124,0.6998834013938904,0.5665464401245117,-0.038449060171842575,0.6598963737487793,0.48701006174087524,-0.047447700053453445,0.6225817799568176,0.4384808838367462,-0.05643084645271301,0.7425177097320557,0.394544392824173,-0.02219603955745697,0.7169288396835327,0.2770289182662964,-0.03827158734202385,0.703386127948761,0.20385995507240295,-0.052008215337991714,0.6957592964172363,0.13813701272010803,-0.06358393281698227,0.788264811038971,0.36924973130226135,-0.02527461387217045,0.782841682434082,0.22962893545627594,-0.039192862808704376,0.7808937430381775,0.1394222378730774,-0.05415922775864601,0.7804763317108154,0.06180247664451599,-0.06650698184967041,0.8308556079864502,0.3793014585971832,-0.032336365431547165,0.8476495742797852,0.2522188723087311,-0.053572479635477066,0.8576380014419556,0.17095737159252167,-0.07176492363214493,0.8637244701385498,0.09852227568626404,-0.08478009700775146,0.8692511320114136,0.41586431860923767,-0.04138009622693062,0.9040064811706543,0.3269413113594055,-0.06504681706428528,0.9276988506317139,0.26614731550216675,-0.07837186753749847,0.94643235206604,0.20731420814990997,-0.08728110045194626,4
0.8257734179496765,0.6894357204437256,4.539424480753951e-07,0.7592217326164246,0.6604118347167969,-0.026920173317193985,0.7010763883590698,0.5687121152877808,-0.03798891603946686,0.6615961790084839,0.4884605407714844,-0.04668281599879265,0.6243452429771423,0.43942949175834656,-0.05541317164897919,0.7438709735870361,0.3970935046672821,-0.022130291908979416,0.7184367179870605,0.2799767255783081,-0.03793979063630104,0.7048518061637878,0.2063380628824234,-0.051492784172296524,0.6969188451766968,0.14020034670829773,-0.06302934139966965,0.7899420261383057,0.371460884809494,-0.02534906007349491,0.7846620082855225,0.23216797411441803,-0.03919820860028267,0.7830000519752502,0.1416606605052948,-0.05413736030459404,0.7827517986297607,0.06382608413696289,-0.06648681312799454,0.8327265977859497,0.3815362751483917,-0.03250505402684212,0.8489391803741455,0.25478166341781616,-0.053915634751319885,0.8590294122695923,0.17315435409545898,-0.07217562198638916,0.8652992844581604,0.10002022981643677,-0.08518300205469131,0.8712113499641418,0.41801151633262634,-0.04159927740693092,0.9052320122718811,0.3280593156814575,-0.06554912775754929,0.9291397929191589,0.26725608110427856,-0.07893389463424683,0.9481026530265808,0.20857666432857513,-0.08784252405166626,4
0.8251557350158691,0.6882408857345581,4.551332892788196e-07,0.7592214345932007,0.6597995758056641,-0.027318809181451797,0.7016953825950623,0.5697928667068481,-0.038969025015830994,0.6620329022407532,0.4899250566959381,-0.04819856584072113,0.6246427297592163,0.4401934742927551,-0.057439763098955154,0.7440924048423767,0.3967694044113159,-0.02295423112809658,0.7186459302902222,0.27989405393600464,-0.039029017090797424,0.7051076292991638,0.20666320621967316,-0.05271607264876366,0.6973825097084045,0.1407337188720703,-0.0642957016825676,0.7902426719665527,0.37152260541915894,-0.02610469050705433,0.7845902442932129,0.23205842077732086,-0.040048860013484955,0.7828306555747986,0.14177656173706055,-0.055038414895534515,0.7826633453369141,0.06404250860214233,-0.06745818257331848,0.8330661058425903,0.3820120692253113,-0.03318535163998604,0.8496401309967041,0.25535300374031067,-0.0545620396733284,0.8597646951675415,0.1738252341747284,-0.07271002233028412,0.8659657835960388,0.10105687379837036,-0.08568807691335678,0.871552586555481,0.41887399554252625,-0.042232874780893326,0.9055832028388977,0.32914048433303833,-0.06603547185659409,0.9292898178100586,0.26888716220855713,-0.07917430251836777,0.9479427337646484,0.21108382940292358,-0.08792359381914139,4
0.8259130120277405,0.6888473629951477,4.5603985654452117e-07,0.7593119740486145,0.6602901816368103,-0.026666807010769844,0.7015485167503357,0.5687511563301086,-0.037697482854127884,0.6619569659233093,0.48879456520080566,-0.046435654163360596,0.6246013641357422,0.4400375187397003,-0.05522474646568298,0.7440052628517151,0.3964892029762268,-0.021640215069055557,0.7189099192619324,0.2794758081436157,-0.03713781014084816,0.7055165767669678,0.20645955204963684,-0.05054442211985588,0.6976761221885681,0.14059090614318848,-0.06202947348356247,0.7900952696800232,0.371245414018631,-0.02498778887093067,0.78509122133255,0.23197196424007416,-0.03843500465154648,0.7832255959510803,0.14188969135284424,-0.05328056588768959,0.7824553847312927,0.06394702196121216,-0.06566939502954483,0.8328016996383667,0.3814671039581299,-0.032254815101623535,0.8492934107780457,0.25472626090049744,-0.05324763432145119,0.8590391278266907,0.17307482659816742,-0.07145364582538605,0.8646725416183472,0.09971147775650024,-0.08456223458051682,0.8710820078849792,0.41799139976501465,-0.04144907370209694,0.9055160284042358,0.32813477516174316,-0.06502712517976761,0.9294183254241943,0.2674980163574219,-0.07824232429265976,0.9482116103172302,0.20892806351184845,-0.08712729811668396,4
0.8264409303665161,0.6871298551559448,4.578401444632618e-07,0.7603128552436829,0.6586715579032898,-0.026274288073182106,0.7025160789489746,0.5673955082893372,-0.037089865654706955,0.6626929640769958,0.48776060342788696,-0.045652374625205994,0.6253781914710999,0.43942365050315857,-0.05427856743335724,0.7438341379165649,0.3942141532897949,-0.021456412971019745,0.7184613347053528,0.27659523487091064,-0.03688850626349449,0.7051318883895874,0.2036769539117813,-0.05017094314098358,0.6974346041679382,0.1379995346069336,-0.06150154396891594,0.7900781035423279,0.36865726113319397,-0.024842409417033195,0.7849443554878235,0.22907710075378418,-0.03813233971595764,0.7834324836730957,0.13897845149040222,-0.05278676748275757,0.7830814719200134,0.061309635639190674,-0.06500305980443954,0.83294278383255,0.3787241280078888,-0.03212343901395798,0.8495191335678101,0.2520202398300171,-0.053019944578409195,0.8596615791320801,0.17067615687847137,-0.071280837059021,0.8656936883926392,0.09779828786849976,-0.08438766002655029,0.871267557144165,0.4150923490524292,-0.04128018394112587,0.9055960178375244,0.3251969814300537,-0.06486668437719345,0.9294687509536743,0.264782577753067,-0.07818131893873215,0.9483087062835693,0.2062835842370987,-0.08708357065916061,4
0.826707124710083,0.6829341650009155,4.5604318188452453e-07,0.7608386278152466,0.6539216041564941,-0.026852088049054146,0.703106164932251,0.562966525554657,-0.03775148093700409,0.6638661623001099,0.4839341342449188,-0.04630589112639427,0.6269229054450989,0.4367537200450897,-0.054953113198280334,0.744998574256897,0.3914850652217865,-0.022274605929851532,0.7194160223007202,0.27494800090789795,-0.03819959983229637,0.7056881189346313,0.20159374177455902,-0.051849305629730225,0.6977670788764954,0.13525712490081787,-0.06344477832317352,0.7908728718757629,0.3654710650444031,-0.025349555537104607,0.7855415344238281,0.22628238797187805,-0.03893948346376419,0.7839029431343079,0.13638004660606384,-0.05364044010639191,0.7836359143257141,0.05874881148338318,-0.06586086004972458,0.8337274789810181,0.37514710426330566,-0.032351382076740265,0.8496677279472351,0.2486734390258789,-0.0533330924808979,0.8596680164337158,0.16751544177532196,-0.0713709220290184,0.8656875491142273,0.09450829029083252,-0.08429337292909622,0.8723223209381104,0.41143399477005005,-0.041336968541145325,0.9063631296157837,0.3220725655555725,-0.0647987425327301,0.9300887584686279,0.2618025541305542,-0.0779583752155304,0.9488545060157776,0.20346912741661072,-0.08677330613136292,4
0.8275197744369507,0.6829418540000916,4.591551316934783e-07,0.7618492841720581,0.6540572643280029,-0.026590531691908836,0.7036555409431458,0.5631042718887329,-0.0375034436583519,0.6638404726982117,0.4833618104457855,-0.04607561603188515,0.6264162063598633,0.43546998500823975,-0.05465760827064514,0.7446967959403992,0.38893476128578186,-0.021480802446603775,0.7193483710289001,0.27187567949295044,-0.03696320950984955,0.7058661580085754,0.19890044629573822,-0.050428710877895355,0.6980136036872864,0.1334797441959381,-0.061881255358457565,0.790703535079956,0.3628382384777069,-0.02470467798411846,0.7856264710426331,0.22335533797740936,-0.03769933432340622,0.7840022444725037,0.13337478041648865,-0.05210879072546959,0.7836135029792786,0.05663132667541504,-0.0641518160700798,0.8336277604103088,0.37257257103919983,-0.0318763442337513,0.8494600057601929,0.24608413875102997,-0.052181269973516464,0.8590252995491028,0.16484121978282928,-0.06983331590890884,0.8646626472473145,0.09242114424705505,-0.08264290541410446,0.8722094297409058,0.4092226028442383,-0.04104737564921379,0.9059134125709534,0.3199329972267151,-0.06402567028999329,0.9293352961540222,0.259657621383667,-0.07678115367889404,0.9478226900100708,0.20186477899551392,-0.0853288471698761,4
0.8269118666648865,0.6817212700843811,4.54579549113987e-07,0.7608123421669006,0.6533446907997131,-0.02641906961798668,0.7028176784515381,0.5622724294662476,-0.037059955298900604,0.6637883186340332,0.4822671115398407,-0.04542657732963562,0.6267609596252441,0.43482375144958496,-0.05392242968082428,0.7443761825561523,0.38966256380081177,-0.021408380940556526,0.7191051244735718,0.27300846576690674,-0.036776311695575714,0.7056214809417725,0.1996975690126419,-0.05015493929386139,0.697829008102417,0.1338929533958435,-0.0615973137319088,0.7905226349830627,0.3636893332004547,-0.02473577857017517,0.785354733467102,0.22399429976940155,-0.03767099604010582,0.7836610078811646,0.13367751240730286,-0.052075520157814026,0.7832719683647156,0.0565432608127594,-0.06417437642812729,0.8335071206092834,0.37378638982772827,-0.03197995573282242,0.8492757678031921,0.24624286592006683,-0.0523659810423851,0.8590561151504517,0.1649131178855896,-0.07014653831720352,0.864886462688446,0.09224069118499756,-0.08304931968450546,0.8722118139266968,0.41058409214019775,-0.04118513688445091,0.9058505296707153,0.3206842243671417,-0.06438229233026505,0.9293842911720276,0.26022619009017944,-0.07729703933000565,0.9480700492858887,0.20216287672519684,-0.08597680181264877,4
0.31619876623153687,0.7989829778671265,5.886640224161965e-07,0.22806306183338165,0.7623454332351685,-0.031707413494586945,0.15309175848960876,0.6409322023391724,-0.04402731731534004,0.10253089666366577,0.5362194776535034,-0.05379544198513031,0.05565768480300903,0.472332626581192,-0.06325206160545349,0.2152068167924881,0.4356421232223511,-0.022682659327983856,0.19716471433639526,0.2861414849758148,-0.04052920639514923,0.18695566058158875,0.19532805681228638,-0.055788345634937286,0.17978724837303162,0.11763650178909302,-0.06918330490589142,0.26903292536735535,0.4162712097167969,-0.027418287470936775,0.26701173186302185,0.24596908688545227,-0.044043634086847305,0.26576167345046997,0.13651761412620544,-0.06151603162288666,0.26603835821151733,0.044748008251190186,-0.07551328092813492,0.3178682327270508,0.43634307384490967,-0.03720895200967789,0.33588123321533203,0.27834969758987427,-0.06341708451509476,0.3488520383834839,0.1805138885974884,-0.08450010418891907,0.35907965898513794,0.0915481448173523,-0.09940015524625778,0.3626682162284851,0.48783615231513977,-0.04931838437914848,0.40140119194984436,0.3891714811325073,-0.0795324370265007,0.4282010793685913,0.31971651315689087,-0.09602300077676773,0.45045897364616394,0.2494281381368637,-0.10667828470468521,4
0.315579891204834,0.7970715761184692,5.90082549933868e-07,0.22742345929145813,0.7603071928024292,-0.031552840024232864,0.15302574634552002,0.6385207176208496,-0.043759785592556,0.10281340777873993,0.5344038009643555,-0.05333278700709343,0.056124210357666016,0.47172197699546814,-0.06268208473920822,0.21522729098796844,0.4344179034233093,-0.02371338941156864,0.19777806103229523,0.2838209867477417,-0.041411127895116806,0.18762806057929993,0.1923750936985016,-0.05633004382252693,0.1803307980298996,0.1145658791065216,-0.06947758048772812,0.2691839635372162,0.4157481789588928,-0.028403181582689285,0.26734107732772827,0.24547412991523743,-0.045033469796180725,0.2661951184272766,0.13592857122421265,-0.062343496829271317,0.26637566089630127,0.04433828592300415,-0.07630258053541183,0.3179064095020294,0.43603816628456116,-0.03803388029336929,0.3365331292152405,0.2777186334133148,-0.06432696431875229,0.34973883628845215,0.1793612539768219,-0.08550894260406494,0.35993579030036926,0.09000560641288757,-0.10052327066659927,0.3622361719608307,0.4876326322555542,-0.049923885613679886,0.4017086625099182,0.3884024918079376,-0.08033093065023422,0.428647518157959,0.3180534839630127,-0.0970752015709877,0.4508807063102722,0.24686820805072784,-0.1079462468624115,4
0.3145761787891388,0.7958076596260071,6.006384865031578e-07,0.22618237137794495,0.758716344833374,-0.03165287896990776,0.15240412950515747,0.6385612487792969,-0.04419995844364166,0.10285566747188568,0.535027265548706,-0.054144397377967834,0.05635640025138855,0.47246354818344116,-0.06380197405815125,0.21442541480064392,0.43397971987724304,-0.02397172525525093,0.19735673069953918,0.2838960886001587,-0.04189879074692726,0.18715161085128784,0.19253897666931152,-0.05690065398812294,0.17967276275157928,0.11493471264839172,-0.07004734128713608,0.26841506361961365,0.4146852195262909,-0.028790246695280075,0.2672464847564697,0.24426233768463135,-0.04564402252435684,0.26604509353637695,0.13470134139060974,-0.06297097355127335,0.2661809027194977,0.043722569942474365,-0.07683885097503662,0.31730130314826965,0.43482664227485657,-0.03855316340923309,0.3362247943878174,0.27729249000549316,-0.06503468751907349,0.34950968623161316,0.17892980575561523,-0.08618465811014175,0.35988491773605347,0.08991143107414246,-0.10108443349599838,0.36198145151138306,0.486591100692749,-0.050583433359861374,0.40169715881347656,0.3877556622028351,-0.08109024167060852,0.42866426706314087,0.31794309616088867,-0.09769346565008163,0.45091599225997925,0.24770982563495636,-0.10836292058229446,4
0.31302008032798767,0.7974754571914673,5.959178110970242e-07,0.22526374459266663,0.7607911825180054,-0.03229499235749245,0.1512567102909088,0.6398350596427917,-0.04494764655828476,0.10132890939712524,0.5354955792427063,-0.0548911988735199,0.054627999663352966,0.4715462625026703,-0.06449166685342789,0.2133355736732483,0.4331755042076111,-0.023464560508728027,0.19619129598140717,0.28385668992996216,-0.04111718758940697,0.18643823266029358,0.19298556447029114,-0.056163590401411057,0.17955774068832397,0.11556559801101685,-0.06942413002252579,0.2674359679222107,0.41451942920684814,-0.027935530990362167,0.2659134864807129,0.2445734590291977,-0.0443684384226799,0.26485076546669006,0.13520553708076477,-0.06167668104171753,0.265092134475708,0.044457435607910156,-0.07566224038600922,0.31635940074920654,0.43499499559402466,-0.03750212863087654,0.33544671535491943,0.27804088592529297,-0.06346673518419266,0.3484531044960022,0.18048620223999023,-0.08453667163848877,0.358352392911911,0.09219157695770264,-0.0995531901717186,0.36079683899879456,0.48655596375465393,-0.04946238175034523,0.39992982149124146,0.38868534564971924,-0.07949615269899368,0.42645499110221863,0.319305419921875,-0.0961286798119545,0.44834792613983154,0.24906156957149506,-0.1069888100028038,4
0.3137657046318054,0.7982381582260132,5.946816372670582e-07,0.2247307449579239,0.761273980140686,-0.031784191727638245,0.15022920072078705,0.6407802104949951,-0.044587720185518265,0.1006956398487091,0.5365483164787292,-0.0547996461391449,0.05435255169868469,0.47207415103912354,-0.0646880716085434,0.21203260123729706,0.4341260492801666,-0.02366938814520836,0.19487863779067993,0.28468412160873413,-0.041942987591028214,0.18468768894672394,0.1939161717891693,-0.05754546821117401,0.1773492842912674,0.11608466506004333,-0.07116451114416122,0.26588815450668335,0.414584755897522,-0.02857600338757038,0.26460471749305725,0.24519290030002594,-0.04558831825852394,0.26357319951057434,0.13585808873176575,-0.06324079632759094,0.26386016607284546,0.044341981410980225,-0.07743893563747406,0.3145401179790497,0.4346593916416168,-0.03850972279906273,0.33355358242988586,0.2772837281227112,-0.06482859700918198,0.34690311551094055,0.18025577068328857,-0.08579811453819275,0.3571251630783081,0.09212642908096313,-0.1007072925567627,0.3589562475681305,0.4865248203277588,-0.050794124603271484,0.39834803342819214,0.38851943612098694,-0.08100062608718872,0.4247235357761383,0.3188951909542084,-0.09744711220264435,0.4464372396469116,0.248713880777359,-0.10811883956193924,4
0.31102749705314636,0.8015421628952026,6.001894234941574e-07,0.22295963764190674,0.7653736472129822,-0.032773323357105255,0.14885978400707245,0.6457579135894775,-0.04598596692085266,0.09911474585533142,0.5408241152763367,-0.056412577629089355,0.05255383253097534,0.47567617893218994,-0.0664043053984642,0.2099379301071167,0.4368579387664795,-0.0242606271058321,0.19200646877288818,0.2872019410133362,-0.04269523173570633,0.18170426785945892,0.19605782628059387,-0.058372534811496735,0.1743413507938385,0.11788153648376465,-0.07208433002233505,0.2634865939617157,0.4179677367210388,-0.02885446511209011,0.26204293966293335,0.24817201495170593,-0.045980051159858704,0.26127102971076965,0.13872110843658447,-0.0636298656463623,0.2619940936565399,0.04726612567901611,-0.07781625539064407,0.3119916617870331,0.4388328194618225,-0.03859683871269226,0.33103758096694946,0.2810915410518646,-0.06526638567447662,0.34455135464668274,0.1833992600440979,-0.08623052388429642,0.35511234402656555,0.09429663419723511,-0.10106738656759262,0.35638463497161865,0.4912722408771515,-0.05078252777457237,0.3951355814933777,0.39275580644607544,-0.08155135810375214,0.4213973879814148,0.3224960267543793,-0.09818942844867706,0.44312214851379395,0.25136619806289673,-0.10892602056264877,4
0.3095414340496063,0.8036788105964661,6.032292958479957e-07,0.22118358314037323,0.7675453424453735,-0.03243279457092285,0.14702975749969482,0.6477871537208557,-0.04549558460712433,0.09736725687980652,0.5437464714050293,-0.05578199028968811,0.050588592886924744,0.48062893748283386,-0.06569363176822662,0.20909853279590607,0.44132179021835327,-0.02497994154691696,0.1911696493625641,0.290976345539093,-0.04340025410056114,0.18053990602493286,0.19959306716918945,-0.058715835213661194,0.17251181602478027,0.12170103192329407,-0.07216739654541016,0.26216042041778564,0.4225873351097107,-0.029573343694210052,0.26138314604759216,0.2528316378593445,-0.047082334756851196,0.26062631607055664,0.14391958713531494,-0.06451448798179626,0.2610503137111664,0.05287736654281616,-0.07843068987131119,0.31013941764831543,0.4432978928089142,-0.03922182321548462,0.3290572762489319,0.2858593463897705,-0.0664154589176178,0.3429519534111023,0.18755069375038147,-0.08762181550264359,0.3540945053100586,0.09768068790435791,-0.10250138491392136,0.35404300689697266,0.4956703186035156,-0.05121716111898422,0.3935870826244354,0.3974207043647766,-0.08250149339437485,0.420525461435318,0.327047199010849,-0.09960605949163437,0.44300463795661926,0.2553037405014038,-0.11061088740825653,4
0.3106192350387573,0.8042240142822266,6.0049217154301e-07,0.22321569919586182,0.7688913345336914,-0.03239142522215843,0.14873343706130981,0.6477547883987427,-0.04517253115773201,0.0990123301744461,0.5424448251724243,-0.055161524564027786,0.05174344778060913,0.48035067319869995,-0.06482537090778351,0.210442453622818,0.4414353668689728,-0.02436111308634281,0.19257640838623047,0.29105591773986816,-0.04261114075779915,0.18213258683681488,0.19959363341331482,-0.058042120188474655,0.1743456870317459,0.12184798717498779,-0.07159106433391571,0.26326313614845276,0.4220316410064697,-0.028736691921949387,0.26295092701911926,0.2524592876434326,-0.0459224134683609,0.26263681054115295,0.14374509453773499,-0.06316214799880981,0.2635689675807953,0.05314043164253235,-0.0769004374742508,0.31130221486091614,0.4418295621871948,-0.03818781301379204,0.329718679189682,0.2845940589904785,-0.06484908610582352,0.34326472878456116,0.18646785616874695,-0.08569030463695526,0.35448992252349854,0.09732571244239807,-0.10036178678274155,0.35536670684814453,0.49313876032829285,-0.050040945410728455,0.3943803906440735,0.39574265480041504,-0.0807475596666336,0.42102470993995667,0.3256644010543823,-0.0975191593170166,0.44368958473205566,0.25438451766967773,-0.10831568390130997,4
0.31334248185157776,0.7983868718147278,5.870705308552715e-07,0.22631509602069855,0.7605645656585693,-0.03039652109146118,0.15161775052547455,0.6389604806900024,-0.04233717918395996,0.10158047080039978,0.5366664528846741,-0.05179299786686897,0.05548621714115143,0.4737178087234497,-0.061083972454071045,0.2136724442243576,0.43453240394592285,-0.02263619937002659,0.19642890989780426,0.2854509949684143,-0.04012871906161308,0.1864897608757019,0.19523689150810242,-0.055109091103076935,0.17907240986824036,0.11851656436920166,-0.06832237541675568,0.2668341100215912,0.416079580783844,-0.027837330475449562,0.266762912273407,0.2472863793373108,-0.04423598200082779,0.2664581537246704,0.13868319988250732,-0.06135929003357887,0.26694193482398987,0.04763445258140564,-0.07512761652469635,0.3148581087589264,0.4368646442890167,-0.037913836538791656,0.33418673276901245,0.2800382673740387,-0.0637417808175087,0.3482096791267395,0.18212947249412537,-0.08458755165338516,0.35919588804244995,0.0928938090801239,-0.09942615032196045,0.3584712743759155,0.4891550540924072,-0.05017717182636261,0.39795976877212524,0.39227545261383057,-0.08009173721075058,0.4247285723686218,0.3219817280769348,-0.09654432535171509,0.4468882381916046,0.2503025531768799,-0.10728167742490768,4
0.31419456005096436,0.7965296506881714,5.891924388379266e-07,0.22704753279685974,0.7577291131019592,-0.03185224533081055,0.15286442637443542,0.6363876461982727,-0.04449619725346565,0.1017351895570755,0.5337491035461426,-0.054509133100509644,0.055089280009269714,0.4695119857788086,-0.06421518325805664,0.2157750427722931,0.43155235052108765,-0.022520897909998894,0.19865146279335022,0.2827838659286499,-0.04044913873076439,0.18869706988334656,0.19180253148078918,-0.055817391723394394,0.1814652383327484,0.11410686373710632,-0.06932032108306885,0.2692410945892334,0.41254982352256775,-0.027203062549233437,0.26881492137908936,0.24354059994220734,-0.044073209166526794,0.26831406354904175,0.13486215472221375,-0.061482395976781845,0.2688210606575012,0.04381519556045532,-0.07540728151798248,0.3173173666000366,0.43261340260505676,-0.03701065853238106,0.3363933861255646,0.27615800499916077,-0.0633917823433876,0.34995877742767334,0.17848116159439087,-0.08428801596164703,0.36055269837379456,0.08937659859657288,-0.0990343689918518,0.3609052300453186,0.4839710295200348,-0.04918571189045906,0.39994585514068604,0.3867833912372589,-0.07948321104049683,0.4266812801361084,0.3168741464614868,-0.09603675454854965,0.44873231649398804,0.2453416883945465,-0.10677924007177353,4
0.3137573003768921,0.7969088554382324,5.938607046118705e-07,0.22631725668907166,0.7600377202033997,-0.03216029703617096,0.15216821432113647,0.6378100514411926,-0.044737741351127625,0.10193698108196259,0.5337929129600525,-0.05458492040634155,0.05578500032424927,0.4686760902404785,-0.06404534727334976,0.21459774672985077,0.43200311064720154,-0.02327057346701622,0.19905373454093933,0.28216028213500977,-0.04106507450342178,0.18939687311649323,0.19069895148277283,-0.05619233846664429,0.18198835849761963,0.11304473876953125,-0.06954735517501831,0.26829108595848083,0.4137284457683563,-0.027783650904893875,0.26829129457473755,0.24380935728549957,-0.044669635593891144,0.26797306537628174,0.13420158624649048,-0.06198480725288391,0.26861852407455444,0.04333105683326721,-0.07584924250841141,0.31648826599121094,0.43453672528266907,-0.03740794211626053,0.3359186351299286,0.27731287479400635,-0.0637461468577385,0.349758118391037,0.1794881522655487,-0.08451291173696518,0.36035868525505066,0.09062868356704712,-0.0991823822259903,0.360518217086792,0.4861115515232086,-0.049412377178668976,0.39954519271850586,0.38786911964416504,-0.07963693141937256,0.42605090141296387,0.3179953694343567,-0.09609472751617432,0.44786450266838074,0.24685479700565338,-0.10677847266197205,4
0.3129991292953491,0.8011177778244019,5.912158940191148e-07,0.2260298728942871,0.7630899548530579,-0.031230248510837555,0.15174300968647003,0.642163872718811,-0.04387083649635315,0.10219654440879822,0.5392867922782898,-0.053904734551906586,0.05585794150829315,0.47562092542648315,-0.06366682052612305,0.21392183005809784,0.43693292140960693,-0.023863963782787323,0.19773659110069275,0.2875514030456543,-0.041855987161397934,0.18774282932281494,0.19654962420463562,-0.056961964815855026,0.1801091432571411,0.11951428651809692,-0.07022585719823837,0.2671044170856476,0.4189196228981018,-0.028836071491241455,0.2673172056674957,0.24950438737869263,-0.045716553926467896,0.2674228549003601,0.14033207297325134,-0.06276240199804306,0.26849082112312317,0.04934114217758179,-0.07643768191337585,0.31514453887939453,0.4398617446422577,-0.038756534457206726,0.33405208587646484,0.28261464834213257,-0.06503785401582718,0.34827083349227905,0.18447405099868774,-0.08571398258209229,0.3596648871898651,0.09517866373062134,-0.10036323219537735,0.35911035537719727,0.49201902747154236,-0.05094236508011818,0.39786332845687866,0.394353985786438,-0.08119004964828491,0.4245532155036926,0.32417505979537964,-0.09764048457145691,0.4468192756175995,0.2529117465019226,-0.10832660645246506,4
0.31348884105682373,0.8005110025405884,6.1180355714896e-07,0.22605392336845398,0.7636833190917969,-0.033300597220659256,0.15231703221797943,0.6436152458190918,-0.04709140583872795,0.10230615735054016,0.5393760204315186,-0.05781930312514305,0.055521100759506226,0.47462886571884155,-0.06811296194791794,0.21395835280418396,0.43773746490478516,-0.026132287457585335,0.1978234350681305,0.2874143719673157,-0.044774677604436874,0.1879286915063858,0.1956632137298584,-0.06022702157497406,0.18040065467357635,0.11761760711669922,-0.07367511093616486,0.26729816198349,0.4193984866142273,-0.030079301446676254,0.2682872712612152,0.25039368867874146,-0.047395069152116776,0.2689642906188965,0.14173540472984314,-0.0643862709403038,0.2704683840274811,0.05052018165588379,-0.07795769721269608,0.31530678272247314,0.44020727276802063,-0.03910321742296219,0.33462122082710266,0.2835533022880554,-0.06581704318523407,0.3491511940956116,0.18565714359283447,-0.0863344818353653,0.3609052300453186,0.09633415937423706,-0.10076534748077393,0.3591545820236206,0.49217063188552856,-0.05056123062968254,0.3985191881656647,0.39516159892082214,-0.08116966485977173,0.4255746603012085,0.32562339305877686,-0.09764496237039566,0.44811195135116577,0.254711776971817,-0.10822442919015884,4
0.3125954568386078,0.7997973561286926,6.091767659199832e-07,0.22573532164096832,0.7620555758476257,-0.032780639827251434,0.1526460498571396,0.6415591239929199,-0.04624349623918533,0.10307618975639343,0.5373131632804871,-0.05678347870707512,0.055854424834251404,0.4748234450817108,-0.06703013181686401,0.21429426968097687,0.43707388639450073,-0.025446448475122452,0.19873017072677612,0.28700175881385803,-0.04401485621929169,0.18918532133102417,0.19524794816970825,-0.05958138406276703,0.18200229108333588,0.11706307530403137,-0.073152095079422,0.26775217056274414,0.4188728928565979,-0.029736105352640152,0.26887044310569763,0.24970155954360962,-0.046866655349731445,0.26942503452301025,0.1409432590007782,-0.06398037821054459,0.2709031105041504,0.04978284239768982,-0.07771359384059906,0.31574195623397827,0.4397198259830475,-0.039063919335603714,0.335205614566803,0.28336644172668457,-0.06557217985391617,0.34941717982292175,0.1855195164680481,-0.08608026802539825,0.36097121238708496,0.09646299481391907,-0.10057608783245087,0.3593541085720062,0.4918230175971985,-0.0508158877491951,0.3983800411224365,0.39551421999931335,-0.08129139989614487,0.42526787519454956,0.32617539167404175,-0.09764349460601807,0.447784423828125,0.2555711269378662,-0.10816900432109833,4
0.3124324083328247,0.799140453338623,6.017975806571485e-07,0.2255517840385437,0.7612009644508362,-0.03294680267572403,0.15245284140110016,0.6397643685340881,-0.046479105949401855,0.10256901383399963,0.5349006056785583,-0.05702271685004234,0.05591708421707153,0.47015899419784546,-0.06725361198186874,0.21502989530563354,0.4362240433692932,-0.025689272210001945,0.19954846799373627,0.2856222987174988,-0.04432624578475952,0.18985962867736816,0.19360625743865967,-0.05983300134539604,0.1823895275592804,0.1150934100151062,-0.0734470784664154,0.26841190457344055,0.41879716515541077,-0.03000004030764103,0.26956480741500854,0.2493050992488861,-0.047654010355472565,0.26981502771377563,0.1403396725654602,-0.0651768147945404,0.2706843614578247,0.04890584945678711,-0.0791918933391571,0.3161264657974243,0.4402387738227844,-0.039335042238235474,0.3360445201396942,0.28338623046875,-0.06644725799560547,0.3503023386001587,0.18466508388519287,-0.087431900203228,0.3615817427635193,0.094321608543396,-0.10222943127155304,0.35952144861221313,0.4924430847167969,-0.05103260278701782,0.3988186717033386,0.3951476514339447,-0.08206822723150253,0.4258853793144226,0.32537782192230225,-0.09884947538375854,0.4483819603919983,0.2540520429611206,-0.10971081256866455,4
0.31426844000816345,0.8026000261306763,5.9610414382405e-07,0.22741657495498657,0.7645604610443115,-0.03221271187067032,0.15330952405929565,0.6421616673469543,-0.044975049793720245,0.1031281054019928,0.5381690859794617,-0.054891351610422134,0.05615614354610443,0.4746324121952057,-0.06450764089822769,0.21570368111133575,0.43714579939842224,-0.024141719564795494,0.19979724287986755,0.28651827573776245,-0.042169515043497086,0.18971288204193115,0.1944253146648407,-0.05745488405227661,0.181742861866951,0.11623165011405945,-0.07090910524129868,0.26903432607650757,0.4192069172859192,-0.028557714074850082,0.26982003450393677,0.24950392544269562,-0.04540707916021347,0.27013474702835083,0.1402817964553833,-0.0625179335474968,0.2712136507034302,0.04918113350868225,-0.07624208182096481,0.31687337160110474,0.44023290276527405,-0.038002029061317444,0.3361811339855194,0.2827390134334564,-0.06423079967498779,0.3505171537399292,0.18464139103889465,-0.0847957506775856,0.36196169257164,0.09508532285690308,-0.09935517609119415,0.36035972833633423,0.4922328293323517,-0.04982263222336769,0.39922022819519043,0.39514511823654175,-0.08008796721696854,0.42607927322387695,0.3253869414329529,-0.09647168219089508,0.44862377643585205,0.2543511390686035,-0.1070755124092102,4
0.3147098422050476,0.8019301891326904,6.031076509316335e-07,0.227434903383255,0.7637364864349365,-0.03236645460128784,0.15382683277130127,0.6424330472946167,-0.045466046780347824,0.10362857580184937,0.5386781096458435,-0.05568437650799751,0.056640878319740295,0.47486770153045654,-0.06558806449174881,0.21619611978530884,0.43749886751174927,-0.024695755913853645,0.20065656304359436,0.28688299655914307,-0.04273208603262901,0.19086453318595886,0.19486907124519348,-0.05793346092104912,0.1831130087375641,0.11668357253074646,-0.07129846513271332,0.26964932680130005,0.41994789242744446,-0.029104622080922127,0.27088111639022827,0.25023001432418823,-0.045932695269584656,0.271575003862381,0.14113566279411316,-0.06291955709457397,0.27294373512268066,0.04967328906059265,-0.07657963782548904,0.31752529740333557,0.4413096308708191,-0.03852960094809532,0.33728331327438354,0.2839682996273041,-0.0648423433303833,0.3519919514656067,0.18593624234199524,-0.08543561398983002,0.3636054992675781,0.09649276733398438,-0.09999991953372955,0.3609325885772705,0.49351805448532104,-0.05031895637512207,0.4001409411430359,0.3955378532409668,-0.08069122582674026,0.4273469150066376,0.3258363902568817,-0.09708836674690247,0.4499576687812805,0.2547995448112488,-0.10767544060945511,4
0.3136788308620453,0.8040658235549927,6.097412779126898e-07,0.22631989419460297,0.7681418657302856,-0.03359224647283554,0.15341264009475708,0.6484728455543518,-0.047611307352781296,0.10348471999168396,0.5437977910041809,-0.05862431600689888,0.05599506199359894,0.47835198044776917,-0.06928518414497375,0.21532639861106873,0.4406808614730835,-0.026027504354715347,0.1994725465774536,0.29098355770111084,-0.04482167959213257,0.18959803879261017,0.19888707995414734,-0.060507506132125854,0.1821001023054123,0.1200512945652008,-0.07424941658973694,0.2685644030570984,0.4230958819389343,-0.03022191673517227,0.2698657214641571,0.2536032199859619,-0.04789471626281738,0.2705904543399811,0.14473146200180054,-0.06537145376205444,0.2721063196659088,0.05270746350288391,-0.07937124371528625,0.31617701053619385,0.4449369013309479,-0.03953416645526886,0.33617234230041504,0.2880750000476837,-0.06702934950590134,0.35114747285842896,0.18990162014961243,-0.08797403424978256,0.36308783292770386,0.09945735335350037,-0.10262919962406158,0.35950136184692383,0.4979332983493805,-0.05126578360795975,0.3989909291267395,0.3990100622177124,-0.0827341377735138,0.42649850249290466,0.3292461633682251,-0.09946960210800171,0.4492369294166565,0.2579668462276459,-0.11019012331962585,4
0.31429585814476013,0.8105043172836304,6.065184834369575e-07,0.22660022974014282,0.773608922958374,-0.03344476595520973,0.15224620699882507,0.6528359651565552,-0.047144681215286255,0.10205161571502686,0.5486291646957397,-0.057740677148103714,0.05551913380622864,0.48263925313949585,-0.06789040565490723,0.2149997353553772,0.445332795381546,-0.02612951397895813,0.19881023466587067,0.2944348454475403,-0.04479842260479927,0.18810875713825226,0.20187276601791382,-0.060364384204149246,0.17958605289459229,0.12280023097991943,-0.07403519749641418,0.2681863009929657,0.42769232392311096,-0.030268384143710136,0.2691589593887329,0.2581833004951477,-0.04792528226971626,0.26973462104797363,0.14870810508728027,-0.06525459885597229,0.2711734473705292,0.05629590153694153,-0.07914076000452042,0.3156658411026001,0.4493880867958069,-0.03951947018504143,0.3353070616722107,0.2924489974975586,-0.06681971997022629,0.3503091335296631,0.1940465271472931,-0.08768528699874878,0.36243903636932373,0.10339081287384033,-0.10232637822628021,0.35872384905815125,0.502035915851593,-0.05119660496711731,0.39750730991363525,0.4038694500923157,-0.08248404413461685,0.4248013496398926,0.333712100982666,-0.09928075224161148,0.4477587938308716,0.261821448802948,-0.1101001650094986,4
0.31352493166923523,0.8125662803649902,6.04081435540138e-07,0.22683338820934296,0.7765417098999023,-0.03324111923575401,0.1534474641084671,0.655714750289917,-0.046996790915727615,0.10349029302597046,0.5509821176528931,-0.057758621871471405,0.05691719055175781,0.48409783840179443,-0.06812113523483276,0.2144235521554947,0.44728904962539673,-0.025863025337457657,0.1981653869152069,0.29710838198661804,-0.04464384913444519,0.1876009851694107,0.20531371235847473,-0.06039917469024658,0.179325133562088,0.12667465209960938,-0.07420095801353455,0.26757633686065674,0.4299721419811249,-0.03022121638059616,0.268485963344574,0.260576069355011,-0.0478782132267952,0.2687981426715851,0.1514497697353363,-0.06538690626621246,0.26988735795021057,0.05943623185157776,-0.07942704111337662,0.31516432762145996,0.45206835865974426,-0.03968495875597,0.3351590633392334,0.2947003245353699,-0.06694164872169495,0.3499506413936615,0.19700241088867188,-0.08785822242498398,0.36161696910858154,0.1071135401725769,-0.10256801545619965,0.35828062891960144,0.5053369402885437,-0.051563020795583725,0.39766424894332886,0.40715017914772034,-0.08288317918777466,0.42481729388237,0.33703815937042236,-0.09972905367612839,0.4474135637283325,0.2653392553329468,-0.11057102680206299,4
0.8308775424957275,0.9701491594314575,3.006355200341204e-07,0.7825890779495239,0.913408637046814,-0.020889347419142723,0.747936487197876,0.8082160949707031,-0.028589453548192978,0.7225313782691956,0.7221224308013916,-0.035063859075307846,0.690997838973999,0.668479323387146,-0.04128674417734146,0.7963034510612488,0.6866216659545898,-0.007609457243233919,0.7850328683853149,0.5814563632011414,-0.02066097781062126,0.7805027365684509,0.5154746174812317,-0.03334257751703262,0.7794207334518433,0.4584972560405731,-0.04360722005367279,0.8357405662536621,0.6810122728347778,-0.01004980318248272,0.8387946486473083,0.5653427839279175,-0.019061429426074028,0.8411834239959717,0.4938300848007202,-0.030147820711135864,0.8429028987884521,0.43424472212791443,-0.039306122809648514,0.8714016675949097,0.7027320861816406,-0.016310853883624077,0.8808265328407288,0.599692165851593,-0.028595298528671265,0.8846367597579956,0.5358693599700928,-0.03787170723080635,0.8862004280090332,0.4795898497104645,-0.04520462825894356,0.9035264849662781,0.7458061575889587,-0.024844875559210777,0.9271659255027771,0.6785155534744263,-0.03580179065465927,0.9426854252815247,0.6334806084632874,-0.03999875858426094,0.9555212259292603,0.59087735414505,-0.04337536171078682,4
0.8305991888046265,0.9702509641647339,3.0550538099305413e-07,0.7821043133735657,0.9141153693199158,-0.021088171750307083,0.7473691701889038,0.8081932663917542,-0.028619416058063507,0.7221725583076477,0.7216769456863403,-0.03487524762749672,0.690897524356842,0.6677337884902954,-0.04089853912591934,0.7962000370025635,0.6877301931381226,-0.007749631069600582,0.7853204607963562,0.5826236009597778,-0.02043207734823227,0.7808611392974854,0.5169217586517334,-0.03277430310845375,0.7795740962028503,0.46065589785575867,-0.042894408106803894,0.8356431126594543,0.6828830242156982,-0.010203976184129715,0.8389526009559631,0.5664936304092407,-0.019141143187880516,0.8416495323181152,0.49436625838279724,-0.03025813028216362,0.8437395095825195,0.43467748165130615,-0.039428696036338806,0.8711751103401184,0.7057516574859619,-0.016491619870066643,0.8814293146133423,0.6013113260269165,-0.029208943247795105,0.8862860798835754,0.5371525883674622,-0.03895966336131096,0.8888716101646423,0.48021629452705383,-0.046565424650907516,0.9033619165420532,0.7498748898506165,-0.024984657764434814,0.9278293251991272,0.6828811764717102,-0.03672076389193535,0.944020688533783,0.6379086971282959,-0.04143640771508217,0.9575044512748718,0.5950673818588257,-0.04513639584183693,4
0.8306818604469299,0.969666063785553,3.0829494335193885e-07,0.7823433876037598,0.9126505851745605,-0.02091844007372856,0.748053789138794,0.8064470291137695,-0.028316084295511246,0.7229318022727966,0.720512330532074,-0.034469809383153915,0.6917824745178223,0.6669735908508301,-0.040400486439466476,0.7969966530799866,0.6859381794929504,-0.0073053473606705666,0.786302387714386,0.5806910395622253,-0.01990433968603611,0.7818860411643982,0.5148848295211792,-0.03224116936326027,0.7807644605636597,0.4580935537815094,-0.042388636618852615,0.8363484144210815,0.681191623210907,-0.009727433323860168,0.8395803570747375,0.5653746724128723,-0.018684670329093933,0.8423466086387634,0.4933210015296936,-0.029925623908638954,0.8446472883224487,0.43336257338523865,-0.03921828791499138,0.8717585802078247,0.7037863731384277,-0.0159798301756382,0.8817738890647888,0.6007402539253235,-0.028661390766501427,0.8865058422088623,0.5364412069320679,-0.03857692703604698,0.8891320824623108,0.4790012836456299,-0.04636310413479805,0.9037305116653442,0.7473216652870178,-0.02444448694586754,0.9280511140823364,0.680877685546875,-0.03622080385684967,0.9444199800491333,0.636396050453186,-0.04110230505466461,0.9582291841506958,0.5938424468040466,-0.04495474696159363,4
0.8299279808998108,0.9677547216415405,3.054628905374557e-07,0.7818500995635986,0.9109638333320618,-0.021110402420163155,0.7475357055664062,0.8064664006233215,-0.02893136441707611,0.7226012945175171,0.720444917678833,-0.03548284247517586,0.6921408176422119,0.6654177904129028,-0.041691362857818604,0.7961817383766174,0.6837732791900635,-0.0074156210757792,0.785217821598053,0.5789663791656494,-0.020372338593006134,0.7807085514068604,0.5136924982070923,-0.03300792723894119,0.7795253992080688,0.4575519263744354,-0.043239377439022064,0.8356736302375793,0.6787902116775513,-0.009777814149856567,0.8387444615364075,0.5635712742805481,-0.0188343096524477,0.841127336025238,0.4920811057090759,-0.030109714716672897,0.8429660797119141,0.43273642659187317,-0.03934590518474579,0.8712995052337646,0.7012406587600708,-0.016000429168343544,0.8813002705574036,0.5986226797103882,-0.028463438153266907,0.8857032656669617,0.5351263284683228,-0.03794766589999199,0.8878510594367981,0.4787967801094055,-0.045372556895017624,0.9034819006919861,0.7448931932449341,-0.02448011189699173,0.9274996519088745,0.6784422993659973,-0.03570310398936272,0.9431842565536499,0.6340075731277466,-0.04005936533212662,0.9562267661094666,0.5917080640792847,-0.04348570480942726,4
0.8289368152618408,0.965941846370697,3.187852257724444e-07,0.7811048030853271,0.9084831476211548,-0.021339306607842445,0.7474382519721985,0.8044275641441345,-0.029522987082600594,0.7225690484046936,0.7195786833763123,-0.03641437739133835,0.6916786432266235,0.6660407781600952,-0.043011829257011414,0.7963854074478149,0.6833329796791077,-0.008277646265923977,0.7857898473739624,0.5784108638763428,-0.021617351099848747,0.7814109921455383,0.5127663612365723,-0.034421809017658234,0.7805667519569397,0.4559575617313385,-0.044800080358982086,0.8355937600135803,0.6785957217216492,-0.010758276097476482,0.8391430377960205,0.5627427101135254,-0.020239772275090218,0.8420196771621704,0.49044522643089294,-0.03159579262137413,0.8445000648498535,0.4300667345523834,-0.04089152440428734,0.8707899451255798,0.701483964920044,-0.0171068012714386,0.881342887878418,0.5978915691375732,-0.030200723558664322,0.8861303329467773,0.5339900255203247,-0.03990912437438965,0.888795793056488,0.4768275022506714,-0.04742765799164772,0.9025324583053589,0.7456730604171753,-0.025705769658088684,0.9272921085357666,0.67959064245224,-0.03762585297226906,0.9434769749641418,0.6346476674079895,-0.042374737560749054,0.9570361375808716,0.5912293195724487,-0.04605108126997948,4
0.829905092716217,0.9665504693984985,3.1045075843394443e-07,0.7819093465805054,0.909828245639801,-0.020941749215126038,0.7481039762496948,0.8047220706939697,-0.02858729474246502,0.7235227227210999,0.7187443375587463,-0.035025157034397125,0.692899227142334,0.6644538044929504,-0.04110566899180412,0.796919047832489,0.6821103692054749,-0.006825629156082869,0.7863189578056335,0.5773881673812866,-0.019372308626770973,0.7818673849105835,0.5124481916427612,-0.031784676015377045,0.7805495858192444,0.45646384358406067,-0.04192637652158737,0.8363956809043884,0.6773393750190735,-0.009331251494586468,0.8399912118911743,0.5616995692253113,-0.01808306574821472,0.8427079916000366,0.4898192286491394,-0.029277905821800232,0.8446316719055176,0.4300965368747711,-0.0385051965713501,0.8718514442443848,0.7000981569290161,-0.01571151427924633,0.8826488256454468,0.5975115895271301,-0.028086701408028603,0.8874226808547974,0.5333638191223145,-0.03782261162996292,0.8897141814231873,0.4761701822280884,-0.045489002019166946,0.9037131071090698,0.7442206144332886,-0.024347830563783646,0.9290494918823242,0.6788274645805359,-0.035775404423475266,0.9455744028091431,0.634391725063324,-0.04047343134880066,0.9592752456665039,0.5917506814002991,-0.04416849464178085,4
0.8293014764785767,0.9650971293449402,3.0847704124425945e-07,0.7809563875198364,0.9082801342010498,-0.021128572523593903,0.7472637891769409,0.8037970662117004,-0.029067454859614372,0.7225657105445862,0.7170150279998779,-0.03580976650118828,0.6916658878326416,0.662108302116394,-0.04221510514616966,0.79604172706604,0.6813989877700806,-0.007002019323408604,0.7853742241859436,0.5766838788986206,-0.019635949283838272,0.7807974219322205,0.511735200881958,-0.032083116471767426,0.7793511748313904,0.4557131826877594,-0.04227670282125473,0.8353953957557678,0.6768296360969543,-0.009440210647881031,0.8389409780502319,0.5615466237068176,-0.018365075811743736,0.841588020324707,0.49027663469314575,-0.029645735397934914,0.8436027765274048,0.43073657155036926,-0.03894483670592308,0.8708080053329468,0.699596643447876,-0.015743786469101906,0.8814374208450317,0.5970417261123657,-0.028219405561685562,0.8861122131347656,0.5334317088127136,-0.0379277840256691,0.8886029124259949,0.47658491134643555,-0.045583851635456085,0.9026790261268616,0.7436612248420715,-0.02431226149201393,0.9277998208999634,0.6780592799186707,-0.035767458379268646,0.9443821907043457,0.6336040496826172,-0.04043886438012123,0.9583525061607361,0.5910893678665161,-0.04412033036351204,4
0.828761637210846,0.964181125164032,3.134640849111747e-07,0.7806362509727478,0.9074240326881409,-0.021082157269120216,0.7472354173660278,0.802922785282135,-0.028883209452033043,0.723055362701416,0.716887354850769,-0.03545721247792244,0.6927170753479004,0.662235677242279,-0.04173645004630089,0.7956768274307251,0.6808521747589111,-0.007430208381265402,0.7848164439201355,0.576421320438385,-0.02033792808651924,0.7801676988601685,0.5109948515892029,-0.032949451357126236,0.7790247201919556,0.4543778896331787,-0.043246012181043625,0.8348146080970764,0.6761577129364014,-0.009950338862836361,0.8384128212928772,0.5605936050415039,-0.019067782908678055,0.8413214683532715,0.4885227084159851,-0.030384782701730728,0.8438361287117004,0.4282088279724121,-0.03970896452665329,0.870050847530365,0.699051558971405,-0.01633443310856819,0.880591869354248,0.595859169960022,-0.029088126495480537,0.8852269053459167,0.5317695140838623,-0.038927111774683,0.8877899050712585,0.4745147228240967,-0.046640198677778244,0.9019536375999451,0.7431445121765137,-0.02496924251317978,0.926980197429657,0.6768171191215515,-0.036752182990312576,0.9434423446655273,0.6320884227752686,-0.041605304926633835,0.957234799861908,0.5891380906105042,-0.04540674388408661,4
0.8278315663337708,0.9633883237838745,3.1477449624617293e-07,0.7799254059791565,0.9060233235359192,-0.02122187614440918,0.7467590570449829,0.8007214069366455,-0.029068490490317345,0.722303569316864,0.7150560617446899,-0.03568135201931,0.6916214227676392,0.6612082719802856,-0.042023006826639175,0.7955383658409119,0.6805344223976135,-0.007787234149873257,0.7846881151199341,0.5756787657737732,-0.020840654149651527,0.7799893021583557,0.5096813440322876,-0.033490970730781555,0.7788572311401367,0.45270565152168274,-0.043775588274002075,0.8347319960594177,0.6755711436271667,-0.010217580944299698,0.8386741280555725,0.5596741437911987,-0.0194139052182436,0.8417432904243469,0.4871518611907959,-0.030617309734225273,0.8444274663925171,0.4267731010913849,-0.03982684761285782,0.8698457479476929,0.6980652809143066,-0.016515064984560013,0.8808686137199402,0.5944864153862,-0.0291963592171669,0.885903000831604,0.5308026671409607,-0.03881235793232918,0.8887770175933838,0.4741569757461548,-0.046361908316612244,0.9013864398002625,0.7417003512382507,-0.025105241686105728,0.9265148639678955,0.6760677695274353,-0.03677371144294739,0.9430487751960754,0.6314852237701416,-0.04151322692632675,0.9569393992424011,0.5885968208312988,-0.04522700980305672,4
0.8285751938819885,0.9636785984039307,3.1491023833041254e-07,0.7802627086639404,0.906514585018158,-0.02106846496462822,0.7464200258255005,0.800353467464447,-0.02850797213613987,0.7215514183044434,0.7140165567398071,-0.03469819575548172,0.6907390356063843,0.6600605249404907,-0.04053782299160957,0.7951714992523193,0.6804088354110718,-0.006940426770597696,0.7844496369361877,0.5748935341835022,-0.01939046010375023,0.7800528407096863,0.5089538097381592,-0.031560685485601425,0.7790472507476807,0.4525129199028015,-0.04149582237005234,0.8345240950584412,0.6751596927642822,-0.009139767847955227,0.8384096622467041,0.5590102076530457,-0.017783766612410545,0.8415973782539368,0.4866059124469757,-0.028756720945239067,0.84428870677948,0.4267323315143585,-0.03779405727982521,0.8698493242263794,0.697339653968811,-0.015203417278826237,0.8805839419364929,0.5938676595687866,-0.027433300390839577,0.8854449391365051,0.5303279161453247,-0.037139054387807846,0.8880683779716492,0.474256694316864,-0.04475805535912514,0.9017130136489868,0.7407419681549072,-0.023526620119810104,0.9269143342971802,0.6756514310836792,-0.034834422171115875,0.9435350894927979,0.6315600872039795,-0.03959791362285614,0.9574768543243408,0.5896266102790833,-0.043326184153556824,4
0.8291987776756287,0.965252161026001,3.27335868632872e-07,0.7800301909446716,0.9091895222663879,-0.02160550095140934,0.745589017868042,0.8032142519950867,-0.029320666566491127,0.7210659384727478,0.7164844870567322,-0.03569025173783302,0.6904834508895874,0.6620509624481201,-0.041661594063043594,0.7948011159896851,0.681270182132721,-0.007846327498555183,0.783989667892456,0.575499415397644,-0.02061065100133419,0.7795214056968689,0.5097492337226868,-0.03292123228311539,0.7785372138023376,0.4531363546848297,-0.04289897531270981,0.834198534488678,0.6761800646781921,-0.009956816211342812,0.8384849429130554,0.5594061613082886,-0.01895952969789505,0.8419157862663269,0.4863887429237366,-0.030074328184127808,0.8448706269264221,0.42595282196998596,-0.03914277255535126,0.8693939447402954,0.6983451843261719,-0.015980618074536324,0.8808538317680359,0.5957939028739929,-0.028783908113837242,0.8861281871795654,0.5316258072853088,-0.038850557059049606,0.8891115784645081,0.47478216886520386,-0.046590760350227356,0.9012203216552734,0.7416691184043884,-0.02428910881280899,0.9276193976402283,0.6765594482421875,-0.03628752753138542,0.9449986219406128,0.632718026638031,-0.041449520736932755,0.9594563841819763,0.5909785032272339,-0.045334409922361374,4
0.8282536268234253,0.9661397337913513,3.236078498503048e-07,0.7798762321472168,0.9100356101989746,-0.021412478759884834,0.7457255125045776,0.8029490113258362,-0.02879401296377182,0.7206052541732788,0.7160345911979675,-0.034859318286180496,0.6893244981765747,0.6628385782241821,-0.04057174175977707,0.794590950012207,0.6813884973526001,-0.007375271990895271,0.7835440039634705,0.5760860443115234,-0.019917432218790054,0.7791157960891724,0.5101969242095947,-0.03214189410209656,0.778239369392395,0.4536418318748474,-0.0421159602701664,0.8340109586715698,0.6762256622314453,-0.00951968040317297,0.8382033705711365,0.5600035190582275,-0.018332693725824356,0.8417087197303772,0.4870225191116333,-0.02933380752801895,0.8447296023368835,0.42643845081329346,-0.03833627328276634,0.8693031072616577,0.6987146735191345,-0.015580127947032452,0.8806871771812439,0.5959910750389099,-0.028275199234485626,0.8861069679260254,0.5319310426712036,-0.03826006129384041,0.8892786502838135,0.47471165657043457,-0.045961782336235046,0.9011814594268799,0.7423589825630188,-0.023914894089102745,0.9273310303688049,0.6772791147232056,-0.035856232047080994,0.9446061849594116,0.6332600712776184,-0.04094696044921875,0.9590922594070435,0.5909641981124878,-0.04480614513158798,4
0.8285766243934631,0.9671217203140259,3.1722527182864724e-07,0.780367910861969,0.9109047055244446,-0.02102520503103733,0.7459569573402405,0.8040401339530945,-0.02832454815506935,0.7206995487213135,0.7168060541152954,-0.03440188989043236,0.6891739368438721,0.6634013652801514,-0.04017120972275734,0.7946110367774963,0.6826127171516418,-0.006586469244211912,0.783850908279419,0.577726423740387,-0.01893707551062107,0.7793658375740051,0.5120205283164978,-0.031146854162216187,0.7781521677970886,0.4557586908340454,-0.04119325429201126,0.8340358734130859,0.6775012612342834,-0.00896077323704958,0.838409423828125,0.5614121556282043,-0.01769375242292881,0.8416861891746521,0.48867160081863403,-0.028803979977965355,0.8442092537879944,0.4282968044281006,-0.037925835698843,0.8693605661392212,0.7000139355659485,-0.01524240430444479,0.8805615305900574,0.5971153378486633,-0.02790144272148609,0.885914146900177,0.5329318642616272,-0.03794046863913536,0.8888939619064331,0.4756438136100769,-0.04573335126042366,0.9012967944145203,0.7437564730644226,-0.02374691516160965,0.9271607398986816,0.6789539456367493,-0.03565530478954315,0.9443397521972656,0.6350767612457275,-0.04072520509362221,0.9586698412895203,0.5929816961288452,-0.04462233930826187,4
0.8283570408821106,0.9659426212310791,3.1660820809520374e-07,0.7800387144088745,0.9099019765853882,-0.021072762086987495,0.7460084557533264,0.8042125701904297,-0.028648918494582176,0.7213541865348816,0.7176834940910339,-0.034973952919244766,0.690621018409729,0.6631408333778381,-0.04099471867084503,0.7954169511795044,0.6829794049263,-0.007374288979917765,0.7845680117607117,0.577949047088623,-0.02004842646420002,0.7798832058906555,0.5121474266052246,-0.0323718823492527,0.7786464691162109,0.45569124817848206,-0.042435694485902786,0.8346957564353943,0.6780809760093689,-0.009847563691437244,0.839031994342804,0.5613381862640381,-0.018919942900538445,0.8425086736679077,0.488240122795105,-0.030139843001961708,0.8454078435897827,0.42772266268730164,-0.03929048776626587,0.8697327375411987,0.700761616230011,-0.01619618572294712,0.8812042474746704,0.5973659157752991,-0.02927042916417122,0.8868508338928223,0.5327373743057251,-0.03950003907084465,0.8901635408401489,0.47521454095840454,-0.047339245676994324,0.9014431834220886,0.7446396350860596,-0.024732667952775955,0.9277021288871765,0.6796714663505554,-0.0369800440967083,0.9450403451919556,0.6356953978538513,-0.042216502130031586,0.9594525098800659,0.5934935808181763,-0.04618178308010101,4
0.8288364410400391,0.9659736156463623,3.244801405344333e-07,0.7800959348678589,0.9093096256256104,-0.02121991105377674,0.7460755705833435,0.8037407398223877,-0.028629373759031296,0.7214586138725281,0.7167276740074158,-0.03478696569800377,0.6907557845115662,0.662549614906311,-0.04063580557703972,0.7955941557884216,0.6836706399917603,-0.007087402977049351,0.7851018905639648,0.578011691570282,-0.01944667659699917,0.7807586193084717,0.5123177170753479,-0.03155718743801117,0.779813826084137,0.45594239234924316,-0.04148298501968384,0.8350691795349121,0.6789476871490479,-0.009326997213065624,0.8398390412330627,0.5622354745864868,-0.01814579777419567,0.8435630202293396,0.4890134334564209,-0.02935333177447319,0.8465304970741272,0.42831385135650635,-0.03855253383517265,0.8702009916305542,0.7015594840049744,-0.0154768917709589,0.8824675679206848,0.5988866686820984,-0.028413591906428337,0.8884110450744629,0.5342327952384949,-0.03896932676434517,0.891811728477478,0.47661441564559937,-0.047055717557668686,0.9019919633865356,0.7450955510139465,-0.02381642907857895,0.9291830062866211,0.6807683110237122,-0.036036428064107895,0.9471074938774109,0.6367842555046082,-0.04158109053969383,0.9620689153671265,0.5945839285850525,-0.045789483934640884,4
0.2599046528339386,0.9368019104003906,5.403195473263622e-07,0.19464601576328278,0.9112854599952698,-0.02775983326137066,0.13856422901153564,0.8256463408470154,-0.04192519932985306,0.09682303667068481,0.7512385845184326,-0.0540764294564724,0.057028740644454956,0.7045360803604126,-0.06621966511011124,0.17946389317512512,0.6560133099555969,-0.020899146795272827,0.1678885668516159,0.5426366329193115,-0.03899334743618965,0.1596258282661438,0.46905869245529175,-0.05401858687400818,0.15362471342086792,0.4071199595928192,-0.06650898605585098,0.21600662171840668,0.6439592242240906,-0.024802353233098984,0.21940943598747253,0.5125246047973633,-0.04177943989634514,0.2204314023256302,0.42881545424461365,-0.056181080639362335,0.22215750813484192,0.35523343086242676,-0.06699590384960175,0.24909725785255432,0.663131833076477,-0.03320124372839928,0.2606472671031952,0.5388326048851013,-0.05653616040945053,0.26787006855010986,0.46245625615119934,-0.0715116485953331,0.2740173935890198,0.3894457519054413,-0.0817418098449707,0.27992624044418335,0.7065246105194092,-0.04390915110707283,0.30679434537887573,0.6299376487731934,-0.06987693160772324,0.3246713876724243,0.5741313099861145,-0.08256123214960098,0.3396415710449219,0.5162345170974731,-0.09037993848323822,4
0.2590096592903137,0.9376469850540161,5.391195259107917e-07,0.19506394863128662,0.9129247069358826,-0.028173739090561867,0.13820579648017883,0.8272315859794617,-0.04256571829319,0.09598904103040695,0.7524888515472412,-0.05492241680622101,0.0563855916261673,0.7049987316131592,-0.06720151752233505,0.17896679043769836,0.6566289067268372,-0.02094600349664688,0.16678501665592194,0.5434911847114563,-0.039233896881341934,0.15808221697807312,0.4701448678970337,-0.05423160642385483,0.15177184343338013,0.40876078605651855,-0.06666844338178635,0.21513384580612183,0.6447352170944214,-0.024661490693688393,0.21807333827018738,0.5135599374771118,-0.042061541229486465,0.21889697015285492,0.4304083287715912,-0.05643729493021965,0.22046971321105957,0.3571624159812927,-0.06707745045423508,0.24805434048175812,0.6635863184928894,-0.032976940274238586,0.258969783782959,0.5396562814712524,-0.056924305856227875,0.2659986913204193,0.4634324908256531,-0.0720234289765358,0.27218499779701233,0.3903602957725525,-0.0821627825498581,0.2787392735481262,0.7065533995628357,-0.04361318424344063,0.30501747131347656,0.6305627822875977,-0.07012515515089035,0.3229515552520752,0.5756372213363647,-0.08304058015346527,0.33806419372558594,0.5184982419013977,-0.09093645215034485,4
0.25928953289985657,0.934140682220459,5.376356853048492e-07,0.194664865732193,0.9094625115394592,-0.027927184477448463,0.13776904344558716,0.82386314868927,-0.04202961549162865,0.09619332104921341,0.748613715171814,-0.05401914566755295,0.05708976089954376,0.7016655802726746,-0.06602603942155838,0.17860881984233856,0.65546715259552,-0.02120371162891388,0.16735169291496277,0.5430049300193787,-0.039462946355342865,0.15925873816013336,0.47054940462112427,-0.05464841425418854,0.1533581018447876,0.4091818630695343,-0.06726183742284775,0.21492625772953033,0.6443302631378174,-0.025027254596352577,0.21809260547161102,0.513678252696991,-0.04237302392721176,0.21912221610546112,0.43066301941871643,-0.05691629648208618,0.2208247035741806,0.35765039920806885,-0.06773097813129425,0.2477329522371292,0.6639033555984497,-0.033370718359947205,0.25851064920425415,0.5397944450378418,-0.05741085857152939,0.2660898268222809,0.46345192193984985,-0.07277162373065948,0.2728748619556427,0.3903180658817291,-0.0830797553062439,0.27842479944229126,0.7071645259857178,-0.04397622123360634,0.3041456937789917,0.6307638883590698,-0.07067736983299255,0.3220222592353821,0.576037585735321,-0.08371841907501221,0.33700069785118103,0.5190173387527466,-0.09169930964708328,4
0.25977176427841187,0.9328596591949463,5.431261911326146e-07,0.19527189433574677,0.9078078269958496,-0.028336292132735252,0.1389637291431427,0.82291579246521,-0.04303460568189621,0.0968521237373352,0.7485388517379761,-0.05554940551519394,0.05723600089550018,0.7016602754592896,-0.06804884225130081,0.17968791723251343,0.6533293128013611,-0.022113867104053497,0.1675751954317093,0.5406763553619385,-0.04098653420805931,0.15910625457763672,0.46786338090896606,-0.05655922740697861,0.15307022631168365,0.40589797496795654,-0.06937479227781296,0.2155739814043045,0.6422746181488037,-0.02578262984752655,0.21867308020591736,0.5116240978240967,-0.04366948455572128,0.2197747677564621,0.4285150170326233,-0.0585268959403038,0.22184054553508759,0.354956716299057,-0.0694766715168953,0.2480044662952423,0.6622114181518555,-0.03394288569688797,0.2592278718948364,0.5381060838699341,-0.058255717158317566,0.26674121618270874,0.46174928545951843,-0.0737113431096077,0.2735474705696106,0.3882565498352051,-0.08401671797037125,0.2783445119857788,0.7061136960983276,-0.04437558352947235,0.3044828474521637,0.6298115849494934,-0.07125227898359299,0.3221316635608673,0.5746566653251648,-0.0843815729022026,0.3369904160499573,0.516956627368927,-0.09234673529863358,4
0.2597689926624298,0.9329866766929626,5.525294568542449e-07,0.1948195844888687,0.9076389074325562,-0.028967633843421936,0.138652503490448,0.8229029178619385,-0.043816689401865005,0.09669229388237,0.7480121850967407,-0.05650363117456436,0.05695965886116028,0.7003312706947327,-0.06905276328325272,0.17911604046821594,0.6524950861930847,-0.020937031134963036,0.16706667840480804,0.5394366383552551,-0.03926197066903114,0.15857501327991486,0.46594393253326416,-0.05440931394696236,0.15253590047359467,0.40395498275756836,-0.06693870574235916,0.2150094211101532,0.6414619088172913,-0.024276459589600563,0.21816982328891754,0.5107213258743286,-0.04153171926736832,0.21954648196697235,0.42768359184265137,-0.05579705536365509,0.221729576587677,0.3540583550930023,-0.06634556502103806,0.24734869599342346,0.6609550714492798,-0.03236978128552437,0.2584667205810547,0.5373205542564392,-0.05636104941368103,0.26616984605789185,0.46148616075515747,-0.0715952217578888,0.27298060059547424,0.3884601593017578,-0.0817786306142807,0.2776060998439789,0.7037687301635742,-0.04287707433104515,0.30382239818573,0.6278672814369202,-0.06958360970020294,0.32206523418426514,0.5737019777297974,-0.08273322135210037,0.3374214768409729,0.5169904828071594,-0.09075330197811127,4
0.2591570019721985,0.9346680641174316,5.429625957731332e-07,0.1945023387670517,0.9106719493865967,-0.02871268428862095,0.13773703575134277,0.8242759108543396,-0.04314645379781723,0.09554509818553925,0.7490205764770508,-0.05538242310285568,0.05581797659397125,0.7015987038612366,-0.06752406060695648,0.17794710397720337,0.6536821126937866,-0.020998073741793633,0.16673988103866577,0.5416407585144043,-0.039244506508111954,0.15849870443344116,0.4691872298717499,-0.05434888228774071,0.15260758996009827,0.40774261951446533,-0.06689400225877762,0.2139539122581482,0.6425670981407166,-0.024490775540471077,0.21728719770908356,0.5120957493782043,-0.0418735146522522,0.21844303607940674,0.4294777810573578,-0.05628009885549545,0.22035761177539825,0.35652869939804077,-0.06692031025886536,0.24652418494224548,0.6619846820831299,-0.03266601264476776,0.25769737362861633,0.5384692549705505,-0.05680306255817413,0.26516827940940857,0.46242964267730713,-0.07207483053207397,0.2717231512069702,0.38928255438804626,-0.08227129280567169,0.2768918573856354,0.705185055732727,-0.04321090877056122,0.30284708738327026,0.6286470890045166,-0.06993116438388824,0.32071200013160706,0.5737673044204712,-0.08303053677082062,0.33559757471084595,0.5164222717285156,-0.09105724841356277,4
0.2572781443595886,0.9357360601425171,5.458878149511293e-07,0.1926928609609604,0.9096119999885559,-0.028055982664227486,0.13642269372940063,0.824099600315094,-0.042539019137620926,0.09430680423974991,0.7503089308738708,-0.055033884942531586,0.05463749170303345,0.7035546898841858,-0.06748460978269577,0.1779603809118271,0.6539236307144165,-0.020641470327973366,0.166087806224823,0.5416007041931152,-0.03860335797071457,0.15756316483020782,0.46875691413879395,-0.05360802635550499,0.15128372609615326,0.406887024641037,-0.06619951128959656,0.21405713260173798,0.6429716348648071,-0.02460683509707451,0.21735553443431854,0.5126162767410278,-0.04180092737078667,0.21809259057044983,0.42950350046157837,-0.05622270703315735,0.21928416192531586,0.35590267181396484,-0.06697730720043182,0.24660837650299072,0.6629980206489563,-0.03318209573626518,0.2577250003814697,0.5400243997573853,-0.0571330226957798,0.26510584354400635,0.4637882709503174,-0.07241864502429962,0.2712384760379791,0.39022010564804077,-0.08272357285022736,0.27673691511154175,0.7065384984016418,-0.04407896474003792,0.3028777241706848,0.6303242444992065,-0.07071921229362488,0.3206590414047241,0.5750918388366699,-0.08382107317447662,0.3354201316833496,0.517206609249115,-0.09191595017910004,4
0.2588598132133484,0.933794379234314,5.45736838830635e-07,0.19474874436855316,0.9089670181274414,-0.028390835970640182,0.13782842457294464,0.8238654136657715,-0.043013107031583786,0.09529192745685577,0.7496687173843384,-0.05546646565198898,0.05581972002983093,0.7021099925041199,-0.06777302920818329,0.17836885154247284,0.6521301865577698,-0.02153664082288742,0.16654352843761444,0.53836590051651,-0.03979237750172615,0.15838822722434998,0.4654184579849243,-0.05489720404148102,0.1524958610534668,0.4035738408565521,-0.06743872165679932,0.21424232423305511,0.6416940093040466,-0.02520819753408432,0.21727944910526276,0.510146975517273,-0.04248356446623802,0.21837535500526428,0.4270521402359009,-0.05683199688792229,0.2202484905719757,0.3543701767921448,-0.0674736350774765,0.24685345590114594,0.662241518497467,-0.03346329927444458,0.2578563094139099,0.5382709503173828,-0.05729496106505394,0.26570355892181396,0.4618538022041321,-0.07247486710548401,0.27266383171081543,0.3885079324245453,-0.08268943428993225,0.27726247906684875,0.7063504457473755,-0.044052232056856155,0.302958220243454,0.6298409700393677,-0.07048264145851135,0.3208511769771576,0.5749825835227966,-0.08344212919473648,0.3359784185886383,0.5176986455917358,-0.09140842407941818,4
0.25849050283432007,0.9379499554634094,5.36602954070986e-07,0.19422468543052673,0.9134771823883057,-0.02726498804986477,0.13717049360275269,0.8264007568359375,-0.040856510400772095,0.09476708620786667,0.7517707347869873,-0.05258864536881447,0.05493025481700897,0.7054723501205444,-0.06429298222064972,0.1774427443742752,0.6548203229904175,-0.01887279376387596,0.1660115271806717,0.5431526303291321,-0.03667997196316719,0.1580263078212738,0.47102415561676025,-0.05166904628276825,0.15250279009342194,0.41007018089294434,-0.06418079137802124,0.21315650641918182,0.6443361043930054,-0.023002758622169495,0.21631550788879395,0.5140233635902405,-0.04017297923564911,0.2173902988433838,0.43095576763153076,-0.054814279079437256,0.21921990811824799,0.3579748570919037,-0.06563836336135864,0.2456093728542328,0.6643221974372864,-0.03175905719399452,0.25680115818977356,0.5417347550392151,-0.05575213208794594,0.26423484086990356,0.46555429697036743,-0.07125182449817657,0.27078720927238464,0.39233702421188354,-0.0815892368555069,0.2758360505104065,0.7080037593841553,-0.042760372161865234,0.30175304412841797,0.6316903829574585,-0.06933220475912094,0.3194534182548523,0.5766722559928894,-0.08247298002243042,0.33438563346862793,0.5190328359603882,-0.09055522829294205,4
0.25483447313308716,0.9399139881134033,5.290909825816925e-07,0.1915130615234375,0.9140775203704834,-0.02723819762468338,0.1358518898487091,0.8294318318367004,-0.041460148990154266,0.09375450015068054,0.7562099695205688,-0.05398382991552353,0.053628772497177124,0.7101158499717712,-0.0664910227060318,0.17660412192344666,0.6588248014450073,-0.019262641668319702,0.16486375033855438,0.5481610298156738,-0.03744209185242653,0.15642130374908447,0.47627171874046326,-0.05273960530757904,0.1502426564693451,0.415072500705719,-0.06551476567983627,0.21206006407737732,0.6472629308700562,-0.02364887110888958,0.2145453542470932,0.5178598761558533,-0.040984805673360825,0.21519407629966736,0.43514567613601685,-0.055707044899463654,0.21638508141040802,0.36151963472366333,-0.06668154150247574,0.2445281445980072,0.6667797565460205,-0.032630983740091324,0.2546609342098236,0.5436910390853882,-0.05665748566389084,0.2621104419231415,0.4678120017051697,-0.07184716314077377,0.26835352182388306,0.39452600479125977,-0.08203870058059692,0.27503150701522827,0.7104096412658691,-0.04389328509569168,0.3008826673030853,0.6340675354003906,-0.07035662233829498,0.3186492621898651,0.5789704322814941,-0.08318056166172028,0.3334085941314697,0.5218057036399841,-0.09105829894542694,4
0.2552505135536194,0.9373117685317993,5.440036829895689e-07,0.19194693863391876,0.9121098518371582,-0.02861352637410164,0.1362040489912033,0.827560305595398,-0.04372571408748627,0.09419609606266022,0.7541750073432922,-0.0568244569003582,0.054090023040771484,0.7071852087974548,-0.06991422176361084,0.17677956819534302,0.6568823456764221,-0.021386481821537018,0.16514721512794495,0.5449455976486206,-0.04013606905937195,0.1571706086397171,0.4731305241584778,-0.05580383539199829,0.1514163613319397,0.41148605942726135,-0.0688193142414093,0.21277737617492676,0.6461039185523987,-0.0253542922437191,0.21557971835136414,0.515813946723938,-0.043410275131464005,0.21661138534545898,0.4326798915863037,-0.058635909110307693,0.21778751909732819,0.3584892749786377,-0.06994239240884781,0.24540747702121735,0.6660161018371582,-0.033967889845371246,0.2551022469997406,0.542892336845398,-0.05871984735131264,0.26265186071395874,0.46670639514923096,-0.07455866038799286,0.2687758207321167,0.39274024963378906,-0.08513954281806946,0.2759591341018677,0.7090152502059937,-0.04490286111831665,0.30098092555999756,0.6319223046302795,-0.0719810426235199,0.3186519145965576,0.5769498944282532,-0.08527123183012009,0.3331482708454132,0.5197498798370361,-0.09348896890878677,4
0.2571754455566406,0.9344083666801453,5.416178510131431e-07,0.1932506412267685,0.9104102849960327,-0.028660310432314873,0.13705405592918396,0.8252516388893127,-0.04348824545741081,0.09505604207515717,0.7515878677368164,-0.056224554777145386,0.05522443354129791,0.7051612734794617,-0.0688888281583786,0.17752140760421753,0.653454065322876,-0.021187137812376022,0.16580840945243835,0.5426107048988342,-0.03982856869697571,0.15768326818943024,0.47075626254081726,-0.055293284356594086,0.1519460678100586,0.4096877872943878,-0.06809220463037491,0.2129991203546524,0.6426537036895752,-0.024891119450330734,0.2159477323293686,0.5127865076065063,-0.042757853865623474,0.21692270040512085,0.43017908930778503,-0.057468026876449585,0.21870307624340057,0.3569283187389374,-0.06827780604362488,0.24528120458126068,0.6626900434494019,-0.033279165625572205,0.25585582852363586,0.5399175882339478,-0.057796068489551544,0.263325035572052,0.4638978838920593,-0.07322583347558975,0.26989471912384033,0.39038965106010437,-0.08347102999687195,0.275511771440506,0.7065232992172241,-0.04403926432132721,0.30106866359710693,0.6299629807472229,-0.07108950614929199,0.3186613917350769,0.5749234557151794,-0.08433585613965988,0.33328789472579956,0.5172516703605652,-0.09243358671665192,4
0.2561849057674408,0.9338783025741577,5.401154226092331e-07,0.1921595335006714,0.9093693494796753,-0.028336605057120323,0.1368049830198288,0.8241732716560364,-0.04312961921095848,0.09527835994958878,0.7500863671302795,-0.05590679496526718,0.055099740624427795,0.7034947872161865,-0.0686575174331665,0.17674991488456726,0.6522521376609802,-0.020929604768753052,0.16518720984458923,0.5406946539878845,-0.03951793536543846,0.15734390914440155,0.4688124656677246,-0.055047132074832916,0.1518809050321579,0.40732312202453613,-0.0679524689912796,0.2121712565422058,0.6416854858398438,-0.02487136423587799,0.21539908647537231,0.511622428894043,-0.042648252099752426,0.216709703207016,0.4295347034931183,-0.05751916021108627,0.21859110891819,0.35651540756225586,-0.0685577392578125,0.24438361823558807,0.6620003581047058,-0.03346126526594162,0.25523531436920166,0.5396706461906433,-0.0578727163374424,0.26316383481025696,0.46390795707702637,-0.07323983311653137,0.26995497941970825,0.3905999958515167,-0.0835253968834877,0.274455189704895,0.7060859203338623,-0.044404301792383194,0.299968421459198,0.6292343735694885,-0.07128097116947174,0.31781312823295593,0.574076771736145,-0.08435532450675964,0.33264392614364624,0.5165996551513672,-0.09239860624074936,4
0.25658494234085083,0.932545006275177,5.389491661844659e-07,0.19268670678138733,0.9093406200408936,-0.02884873002767563,0.13672733306884766,0.825034499168396,-0.04396525397896767,0.09492262452840805,0.7511817216873169,-0.05686628445982933,0.0546540766954422,0.7044531106948853,-0.06975628435611725,0.17702555656433105,0.6528647541999817,-0.022331517189741135,0.16471540927886963,0.5410673022270203,-0.040920667350292206,0.15625129640102386,0.4687414765357971,-0.05629445239901543,0.15018834173679352,0.4068164825439453,-0.06918869912624359,0.21268805861473083,0.6418416500091553,-0.026149876415729523,0.21562926471233368,0.5118348598480225,-0.0440547838807106,0.21634723246097565,0.4290635287761688,-0.05888016149401665,0.21758905053138733,0.3556213974952698,-0.06997739523649216,0.24485774338245392,0.6622201204299927,-0.03458741307258606,0.25565844774246216,0.5395722985267639,-0.05924230068922043,0.26305660605430603,0.46331706643104553,-0.07496246695518494,0.2693006694316864,0.3895336389541626,-0.08559949696063995,0.27463051676750183,0.7063695192337036,-0.045370716601610184,0.2999238669872284,0.6302494406700134,-0.07279903441667557,0.3174344003200531,0.5747912526130676,-0.08648530393838882,0.33193814754486084,0.5165807604789734,-0.09503872692584991,4
0.25725057721138,0.9323264360427856,5.391499371398822e-07,0.19293706119060516,0.908410906791687,-0.028221916407346725,0.13642673194408417,0.823602557182312,-0.042980168014764786,0.0944310650229454,0.750106155872345,-0.05572427809238434,0.054157570004463196,0.7039886713027954,-0.068551205098629,0.17667558789253235,0.6518560647964478,-0.02132469229400158,0.16490623354911804,0.5407435894012451,-0.039993468672037125,0.15716862678527832,0.46878570318222046,-0.05555343255400658,0.15172430872917175,0.4069930613040924,-0.06852778047323227,0.21246032416820526,0.6407637000083923,-0.02550925873219967,0.21534089744091034,0.5106723308563232,-0.043419159948825836,0.21616122126579285,0.42795199155807495,-0.05840594694018364,0.2174810916185379,0.354381263256073,-0.06957422196865082,0.24483183026313782,0.6609484553337097,-0.03431248664855957,0.25526049733161926,0.5382581353187561,-0.058927323669195175,0.2627444565296173,0.4618556499481201,-0.07465705275535583,0.2690906226634979,0.38817334175109863,-0.08525799959897995,0.2748757600784302,0.7048141956329346,-0.04543311893939972,0.29976481199264526,0.6285891532897949,-0.07273047417402267,0.31721168756484985,0.5733158588409424,-0.08621413260698318,0.3317407965660095,0.5155556797981262,-0.09459025412797928,4
0.25896546244621277,0.9340399503707886,5.526073323380842e-07,0.19367441534996033,0.9104965925216675,-0.028971387073397636,0.1366320252418518,0.8245763182640076,-0.043750882148742676,0.09426278620958328,0.7503530979156494,-0.05644694343209267,0.05418810248374939,0.7036492824554443,-0.06910934299230576,0.17654579877853394,0.6530888676643372,-0.020841706544160843,0.16468316316604614,0.5413570404052734,-0.03914308547973633,0.15624848008155823,0.4691700339317322,-0.054374657571315765,0.1504174768924713,0.40745940804481506,-0.06716376543045044,0.21217823028564453,0.6423689723014832,-0.024692025035619736,0.2141410857439041,0.512708306312561,-0.04269248619675636,0.21428100764751434,0.4294043183326721,-0.05765482038259506,0.21533167362213135,0.3552946448326111,-0.06875064969062805,0.24440422654151917,0.6623644828796387,-0.03336966037750244,0.25472649931907654,0.5405756831169128,-0.058350421488285065,0.26186180114746094,0.4637871980667114,-0.07454272359609604,0.2680911719799042,0.38915184140205383,-0.08542251586914062,0.27435070276260376,0.7053241729736328,-0.044455017894506454,0.299379825592041,0.6290979385375977,-0.07226027548313141,0.3167596161365509,0.5737553238868713,-0.08649422973394394,0.331235408782959,0.5149952173233032,-0.09544556587934494,4
0.25737181305885315,0.9337810277938843,5.294705260894261e-07,0.1931384801864624,0.9096022844314575,-0.027085905894637108,0.13615646958351135,0.8228904008865356,-0.04062719643115997,0.09445714205503464,0.7490455508232117,-0.05234876275062561,0.055527180433273315,0.7033685445785522,-0.06408850848674774,0.17702706158161163,0.6535782814025879,-0.019582323729991913,0.16497687995433807,0.5412482023239136,-0.03764025866985321,0.1567499339580536,0.4692465662956238,-0.052617184817790985,0.15095146000385284,0.4081224203109741,-0.06508121639490128,0.2127096801996231,0.6427209973335266,-0.023858901113271713,0.2150285542011261,0.5122077465057373,-0.04147671163082123,0.21562057733535767,0.4291102886199951,-0.05616878345608711,0.21711188554763794,0.35599780082702637,-0.06695958971977234,0.24514557421207428,0.6621148586273193,-0.03270430117845535,0.25498223304748535,0.5396462678909302,-0.05690647289156914,0.26217448711395264,0.4630848169326782,-0.07237476110458374,0.2687043249607086,0.3894435465335846,-0.08267321437597275,0.2755056619644165,0.7046047449111938,-0.04380635544657707,0.3001711964607239,0.6282603740692139,-0.07049717754125595,0.3173961043357849,0.5728381872177124,-0.0837407037615776,0.3318939208984375,0.5146716237068176,-0.09192218631505966,4
0.25859886407852173,0.9320797920227051,5.364726121115382e-07,0.19411206245422363,0.9090697169303894,-0.028225932270288467,0.13704852759838104,0.8217895030975342,-0.04235260933637619,0.09569641947746277,0.7459917664527893,-0.05435001477599144,0.05648656189441681,0.6990107297897339,-0.06636933237314224,0.1776837408542633,0.6520243287086487,-0.02131802774965763,0.1653628647327423,0.5390993356704712,-0.04002676159143448,0.15665830671787262,0.4668464660644531,-0.05551445484161377,0.15046752989292145,0.4051361382007599,-0.06832683086395264,0.21313975751399994,0.6411177515983582,-0.025091733783483505,0.2155548334121704,0.5104735493659973,-0.043386757373809814,0.21618777513504028,0.4271314740180969,-0.05842771381139755,0.21796755492687225,0.35388055443763733,-0.06942194700241089,0.2451564371585846,0.6608580946922302,-0.03347284719347954,0.25521835684776306,0.5375475287437439,-0.058284394443035126,0.26266536116600037,0.46091800928115845,-0.07401716709136963,0.26966944336891174,0.3870979845523834,-0.08444151282310486,0.2751486301422119,0.7038020491600037,-0.04416058957576752,0.29972946643829346,0.627025842666626,-0.07142491638660431,0.3169809579849243,0.5714702606201172,-0.08496180176734924,0.33165961503982544,0.5129696726799011,-0.09330591559410095,4
0.3174147605895996,0.9044786691665649,2.672809671366849e-07,0.3448515832424164,0.8712241649627686,-0.013250388205051422,0.3649616241455078,0.8181958794593811,-0.018368298187851906,0.3814520835876465,0.7725280523300171,-0.022792240604758263,0.39624112844467163,0.7411569356918335,-0.0268679391592741,0.337607204914093,0.7515479922294617,-0.007912286557257175,0.35127657651901245,0.6932318210601807,-0.01632864773273468,0.35781165957450867,0.6550359129905701,-0.02381828986108303,0.36270222067832947,0.622623085975647,-0.029317880049347878,0.317935585975647,0.7462535500526428,-0.008107705041766167,0.31978467106819153,0.6788524389266968,-0.014648939482867718,0.3216633200645447,0.6365823745727539,-0.020731037482619286,0.32275840640068054,0.6005589365959167,-0.025310344994068146,0.3008556067943573,0.7553485631942749,-0.010330092161893845,0.29617536067962646,0.6958521008491516,-0.017463143914937973,0.2944682538509369,0.6584476828575134,-0.022716019302606583,0.29338860511779785,0.6251562833786011,-0.026421748101711273,0.28554630279541016,0.7769814133644104,-0.014084702357649803,0.27327558398246765,0.7367374897003174,-0.0218505822122097,0.26529866456985474,0.7089167833328247,-0.025151224806904793,0.2583222985267639,0.6812624931335449,-0.026938920840620995,4
0.3172547221183777,0.9065378904342651,2.680571355995198e-07,0.34486910700798035,0.8728559613227844,-0.013216615654528141,0.36487457156181335,0.8193031549453735,-0.01810074783861637,0.3813752233982086,0.7737986445426941,-0.022271020337939262,0.3964255452156067,0.7431020140647888,-0.026111038401722908,0.33844929933547974,0.7523173093795776,-0.007399378344416618,0.3522985279560089,0.6945456266403198,-0.015439250506460667,0.3585221469402313,0.6563733816146851,-0.02283342182636261,0.3629756271839142,0.6236503720283508,-0.028442636132240295,0.31839683651924133,0.7466587424278259,-0.007567162625491619,0.32064488530158997,0.6798662543296814,-0.013829088769853115,0.3223698139190674,0.63796067237854,-0.020077962428331375,0.32326871156692505,0.6021384596824646,-0.024824930354952812,0.3009180724620819,0.7555943131446838,-0.009733631275594234,0.29674461483955383,0.6955271363258362,-0.016722265630960464,0.2952822744846344,0.6577415466308594,-0.022349881008267403,0.29438987374305725,0.6240803003311157,-0.026409490033984184,0.2853389084339142,0.7773284912109375,-0.01341625489294529,0.2732349634170532,0.738142728805542,-0.02128135971724987,0.26531386375427246,0.7106742858886719,-0.02489781193435192,0.2585142254829407,0.6831614375114441,-0.026921233162283897,4
0.3170829117298126,0.9065433144569397,2.619892995880946e-07,0.3444714844226837,0.8734315633773804,-0.013471612706780434,0.3647710084915161,0.8209105730056763,-0.01846315525472164,0.38111627101898193,0.7751879096031189,-0.02268756367266178,0.3958050608634949,0.7436306476593018,-0.026496805250644684,0.33817633986473083,0.75213223695755,-0.007181544788181782,0.3519778251647949,0.6947619318962097,-0.015189708210527897,0.35822969675064087,0.6568559408187866,-0.02258358709514141,0.3627329170703888,0.6247446537017822,-0.028115013614296913,0.31822022795677185,0.7466229200363159,-0.007128905039280653,0.32021480798721313,0.680031418800354,-0.013296689838171005,0.32201340794563293,0.6385055184364319,-0.01935451291501522,0.32300952076911926,0.6034445762634277,-0.0239289291203022,0.30090805888175964,0.755580723285675,-0.009143500588834286,0.2968052923679352,0.6957097053527832,-0.016085874289274216,0.29543474316596985,0.658669114112854,-0.021452711895108223,0.2946038246154785,0.625825822353363,-0.025257252156734467,0.2855229377746582,0.7771849632263184,-0.012711366638541222,0.27345478534698486,0.737747073173523,-0.02047719433903694,0.2654864490032196,0.7106841206550598,-0.023920878767967224,0.2585376799106598,0.6837649345397949,-0.02576366253197193,4
0.31725379824638367,0.907063901424408,2.635248108617816e-07,0.34489694237709045,0.8728007078170776,-0.01266118697822094,0.36536476016044617,0.8207316994667053,-0.017632631585001945,0.38144421577453613,0.7758611440658569,-0.022084563970565796,0.39611050486564636,0.744986891746521,-0.026249663904309273,0.3381756544113159,0.7544572353363037,-0.007449669297784567,0.3521333336830139,0.6969905495643616,-0.015925144776701927,0.35841020941734314,0.6589606404304504,-0.02352658286690712,0.36275261640548706,0.6264451742172241,-0.02915477566421032,0.31810784339904785,0.7489203214645386,-0.008051502518355846,0.3202399015426636,0.6822273135185242,-0.014881795272231102,0.32199737429618835,0.6400943398475647,-0.02128155343234539,0.32274532318115234,0.6041324734687805,-0.026015039533376694,0.30073559284210205,0.7579581141471863,-0.010594178922474384,0.2961661219596863,0.698760986328125,-0.017983682453632355,0.29471659660339355,0.6616294384002686,-0.02340824343264103,0.29379498958587646,0.6285310983657837,-0.027163036167621613,0.2854236662387848,0.7797056436538696,-0.014602177776396275,0.2733322083950043,0.7401491403579712,-0.02252277545630932,0.2655094265937805,0.7127756476402283,-0.025862621143460274,0.25862738490104675,0.6855443716049194,-0.027607375755906105,4
0.31733372807502747,0.90928053855896,2.6289501420251327e-07,0.34450647234916687,0.8738150000572205,-0.012674478814005852,0.36470097303390503,0.8215983510017395,-0.01761031709611416,0.3807455599308014,0.7771739959716797,-0.02205601893365383,0.39502817392349243,0.7463748455047607,-0.026227638125419617,0.3375042974948883,0.7556248307228088,-0.006963352207094431,0.3506773114204407,0.6981537342071533,-0.015389415435492992,0.35702767968177795,0.6605762243270874,-0.023158129304647446,0.36171817779541016,0.6278954148292542,-0.028945254161953926,0.31790146231651306,0.7504771947860718,-0.007546262349933386,0.3196070194244385,0.6843224167823792,-0.014151967130601406,0.3213615417480469,0.642275333404541,-0.020609047263860703,0.32229748368263245,0.6058332324028015,-0.02551010251045227,0.30075833201408386,0.759740948677063,-0.010149553418159485,0.29581671953201294,0.7001549601554871,-0.017474884167313576,0.2939539849758148,0.6625893115997314,-0.023136669769883156,0.2927367389202118,0.6288062334060669,-0.027119062840938568,0.2854178547859192,0.7815908193588257,-0.014243895187973976,0.27269893884658813,0.7416945099830627,-0.02233068086206913,0.26438552141189575,0.7141079306602478,-0.025984901934862137,0.25704896450042725,0.6864591240882874,-0.027995022013783455,4
0.31701692938804626,0.9099608063697815,2.601731807772012e-07,0.34413203597068787,0.8755638599395752,-0.012951711192727089,0.3642268776893616,0.8231672644615173,-0.017801204696297646,0.3805016279220581,0.7782931923866272,-0.022054191678762436,0.3952343165874481,0.7473357319831848,-0.025961261242628098,0.33789026737213135,0.7559572458267212,-0.006503549870103598,0.35116082429885864,0.6992536783218384,-0.014737076126039028,0.3576870560646057,0.661853551864624,-0.022478118538856506,0.36260658502578735,0.6293144822120667,-0.028257878497242928,0.3183538317680359,0.7500475645065308,-0.006743002217262983,0.3205878734588623,0.6847615838050842,-0.012998450547456741,0.3227461874485016,0.6432902812957764,-0.019144097343087196,0.3242191672325134,0.6074353456497192,-0.023829948157072067,0.301201194524765,0.7587029933929443,-0.009098255075514317,0.29702749848365784,0.6995880603790283,-0.016159113496541977,0.29553377628326416,0.6621698141098022,-0.02160019613802433,0.2947095036506653,0.6286416053771973,-0.025450339540839195,0.28586050868034363,0.7800257802009583,-0.012998591177165508,0.27366697788238525,0.7402459979057312,-0.020870009437203407,0.265651136636734,0.7127844095230103,-0.024430645629763603,0.25868409872055054,0.685393214225769,-0.02638428844511509,4
0.31541237235069275,0.9098853468894958,2.6254772933498316e-07,0.3425006866455078,0.8759917616844177,-0.013525926508009434,0.3627566993236542,0.8247636556625366,-0.018823249265551567,0.3795216679573059,0.7801253199577332,-0.023426441475749016,0.39412930607795715,0.7480488419532776,-0.02766408957540989,0.33721140027046204,0.7564711570739746,-0.007510493975132704,0.3506418466567993,0.6989622116088867,-0.015819130465388298,0.3567407727241516,0.6613813638687134,-0.023413535207509995,0.36109721660614014,0.6288264989852905,-0.029127689078450203,0.3173235356807709,0.7507399320602417,-0.007625202648341656,0.31938809156417847,0.6847918629646301,-0.014234859496355057,0.3211985230445862,0.6432124376296997,-0.020664889365434647,0.3222401440143585,0.6075073480606079,-0.025521915405988693,0.2999042868614197,0.7596527338027954,-0.009822667576372623,0.29545068740844727,0.6998980641365051,-0.017224667593836784,0.2937062084674835,0.6620942950248718,-0.023030800744891167,0.29271015524864197,0.6279236078262329,-0.027133116498589516,0.28447800874710083,0.7810730338096619,-0.013554937206208706,0.27221208810806274,0.741474986076355,-0.021794946864247322,0.26399773359298706,0.7141575813293457,-0.02560954913496971,0.25688815116882324,0.686583399772644,-0.02771151252090931,4
0.31495895981788635,0.9117200374603271,2.5868445163723663e-07,0.3417844772338867,0.8773787617683411,-0.01321193017065525,0.36226990818977356,0.8263614177703857,-0.0185597762465477,0.3788229823112488,0.7815815806388855,-0.023317253217101097,0.3934550881385803,0.7496732473373413,-0.027737164869904518,0.3363437354564667,0.758960485458374,-0.007550129201263189,0.34961843490600586,0.7016483545303345,-0.016301287338137627,0.35584646463394165,0.6638777256011963,-0.024222949519753456,0.36027538776397705,0.6307361125946045,-0.030122626572847366,0.3169291615486145,0.7528814673423767,-0.00792442262172699,0.31932514905929565,0.6872578859329224,-0.014920691028237343,0.32115063071250916,0.6453458070755005,-0.021452760323882103,0.32202446460723877,0.6085000038146973,-0.026347652077674866,0.2998344302177429,0.761342465877533,-0.010368299670517445,0.29517775774002075,0.7021735906600952,-0.018040696159005165,0.2932296097278595,0.6647995710372925,-0.02362152189016342,0.2918730676174164,0.6310153007507324,-0.027480415999889374,0.28457963466644287,0.7822941541671753,-0.014352022670209408,0.27220913767814636,0.7425028085708618,-0.022617841139435768,0.2639443874359131,0.71489417552948,-0.026269733905792236,0.25664374232292175,0.6871331334114075,-0.028228215873241425,4
0.31468191742897034,0.9112943410873413,2.629402899856359e-07,0.34195438027381897,0.878444254398346,-0.013420145958662033,0.3621208369731903,0.8264407515525818,-0.01840899884700775,0.3788442015647888,0.7810928225517273,-0.022680655121803284,0.39370197057724,0.749259889125824,-0.026541482657194138,0.3365488648414612,0.7582430839538574,-0.007089829072356224,0.34989896416664124,0.7007198333740234,-0.01517375186085701,0.3561346232891083,0.6631667613983154,-0.022628258913755417,0.3606969118118286,0.6305433511734009,-0.028264401480555534,0.31703534722328186,0.7522900700569153,-0.007086608558893204,0.3191981911659241,0.6868749856948853,-0.013581398874521255,0.3210688829421997,0.6448988318443298,-0.019979363307356834,0.3220874071121216,0.6085164546966553,-0.02479846403002739,0.29980623722076416,0.7605677843093872,-0.009163660928606987,0.2953709065914154,0.7013863325119019,-0.016479110345244408,0.2938181757926941,0.663703978061676,-0.022271109744906425,0.2929238975048065,0.6297212839126587,-0.026300465688109398,0.28440383076667786,0.7812478542327881,-0.01277918554842472,0.27204540371894836,0.7416282296180725,-0.020930767059326172,0.2637394070625305,0.7143431901931763,-0.024763502180576324,0.25646552443504333,0.6869199872016907,-0.026846610009670258,4
0.31471890211105347,0.9104732275009155,2.6507771622164e-07,0.3416317403316498,0.8773669004440308,-0.013870551250874996,0.3618360757827759,0.8256436586380005,-0.018964320421218872,0.37854212522506714,0.7811422944068909,-0.02328401617705822,0.39314210414886475,0.7494330406188965,-0.02712637558579445,0.33662062883377075,0.7574852705001831,-0.006883941125124693,0.35007795691490173,0.7005986571311951,-0.014847824349999428,0.3562147319316864,0.6631011366844177,-0.022346820682287216,0.3606010377407074,0.6304981708526611,-0.028004856780171394,0.31688445806503296,0.7511104941368103,-0.006563048809766769,0.31911104917526245,0.686002790927887,-0.012776962481439114,0.3210617005825043,0.6443425416946411,-0.018946414813399315,0.3222307562828064,0.608130931854248,-0.0235980823636055,0.2996106445789337,0.7591655254364014,-0.008404338732361794,0.2956622242927551,0.6999001502990723,-0.015416482463479042,0.29407817125320435,0.6629780530929565,-0.020899400115013123,0.2930298149585724,0.629615068435669,-0.02473580092191696,0.28434106707572937,0.7795446515083313,-0.011871456168591976,0.27262744307518005,0.7401430010795593,-0.019738825038075447,0.26456254720687866,0.7134034633636475,-0.02331535518169403,0.2573927044868469,0.6865890026092529,-0.025219473987817764,4
0.8119304180145264,0.8519471883773804,1.909903062369267e-07,0.7862829566001892,0.830246090888977,-0.012440276332199574,0.7647751569747925,0.7869444489479065,-0.018045417964458466,0.7493481636047363,0.7494506239891052,-0.022497566416859627,0.7340523600578308,0.7221197485923767,-0.026652753353118896,0.7841547727584839,0.7145338654518127,-0.009619221091270447,0.7769250869750977,0.6594647169113159,-0.017428286373615265,0.773361086845398,0.625095009803772,-0.024094847962260246,0.7715535163879395,0.5951775908470154,-0.029383674263954163,0.8032820224761963,0.7085784673690796,-0.010461226105690002,0.802308201789856,0.6484070420265198,-0.016557348892092705,0.8021802306175232,0.6109768748283386,-0.02278486080467701,0.8019019365310669,0.5788164734840393,-0.027820777148008347,0.8212917447090149,0.7173629403114319,-0.01313380803912878,0.8271899819374084,0.6627947688102722,-0.022023774683475494,0.8311030864715576,0.6287911534309387,-0.02875571697950363,0.8332014083862305,0.5982122421264648,-0.03356890752911568,0.8378757238388062,0.7373597025871277,-0.016803374513983727,0.852232813835144,0.700532853603363,-0.026358038187026978,0.8625738620758057,0.6775482296943665,-0.031029630452394485,0.870832085609436,0.6557632684707642,-0.033983901143074036,4
0.8136861324310303,0.8544994592666626,1.8811935831308801e-07,0.7877838611602783,0.8318955302238464,-0.01211580354720354,0.7656446099281311,0.7873311042785645,-0.01724216714501381,0.750356912612915,0.7502978444099426,-0.021257279440760612,0.7355995178222656,0.7233076095581055,-0.025013819336891174,0.7850711345672607,0.7176915407180786,-0.009538039565086365,0.7779231071472168,0.6616261005401611,-0.01731184870004654,0.7745697498321533,0.6271432638168335,-0.023739861324429512,0.7728515863418579,0.5973309874534607,-0.02875537797808647,0.8043205142021179,0.7113290429115295,-0.010408702306449413,0.8033098578453064,0.6502970457077026,-0.01646791212260723,0.8030793070793152,0.612483024597168,-0.022531572729349136,0.802858293056488,0.5801031589508057,-0.027383552864193916,0.8225029110908508,0.7195075750350952,-0.013069664128124714,0.828212320804596,0.6641008853912354,-0.021706951782107353,0.8320989012718201,0.6296928524971008,-0.028178256005048752,0.8343769311904907,0.5988603234291077,-0.03279673308134079,0.8393650650978088,0.7389775514602661,-0.016714807599782944,0.852993905544281,0.7020602226257324,-0.025915488600730896,0.8630282282829285,0.6785513758659363,-0.030270308256149292,0.8712039589881897,0.656444251537323,-0.03299817815423012,4
0.8139846920967102,0.8554835915565491,1.8324963946270145e-07,0.7883601784706116,0.8327564001083374,-0.01174609549343586,0.7663025259971619,0.7885451316833496,-0.016741640865802765,0.7507218718528748,0.7515717148780823,-0.020732885226607323,0.7364963293075562,0.7239794731140137,-0.024423493072390556,0.7858014702796936,0.7187017798423767,-0.008822199888527393,0.7786679267883301,0.6627641320228577,-0.01640441082417965,0.7756272554397583,0.6287519335746765,-0.022705813869833946,0.774354100227356,0.5994645953178406,-0.027619699016213417,0.8051276803016663,0.7125416398048401,-0.009785864502191544,0.8037691712379456,0.6516199111938477,-0.015656301751732826,0.803534746170044,0.6138755679130554,-0.021634338423609734,0.8032177090644836,0.5816503167152405,-0.026430025696754456,0.8234164118766785,0.7207529544830322,-0.012549400329589844,0.8291620016098022,0.6657849550247192,-0.020940378308296204,0.8330903649330139,0.6314879655838013,-0.027293480932712555,0.8351911902427673,0.6009562015533447,-0.03183968365192413,0.8403998613357544,0.7401066422462463,-0.01628769561648369,0.8541823029518127,0.7030408978462219,-0.025148527696728706,0.8640722036361694,0.6794461607933044,-0.029389191418886185,0.8719638586044312,0.6574729084968567,-0.03206470608711243,4
0.8148452639579773,0.8576910495758057,1.875335016165991e-07,0.7888866066932678,0.8345956206321716,-0.011963949538767338,0.7666018009185791,0.7903798222541809,-0.01704350858926773,0.7508621215820312,0.7534556984901428,-0.021079592406749725,0.7364851832389832,0.7257674932479858,-0.024790562689304352,0.7859302759170532,0.720060408115387,-0.00874418020248413,0.7788145542144775,0.6642277240753174,-0.016452621668577194,0.7759515643119812,0.630070149898529,-0.022955454885959625,0.7748860716819763,0.6004388928413391,-0.0280191320925951,0.8052263259887695,0.7135042548179626,-0.009668960236012936,0.8036125898361206,0.6524737477302551,-0.015623833984136581,0.8032599687576294,0.6146000623703003,-0.021783018484711647,0.8028818964958191,0.5819944143295288,-0.02671615034341812,0.8235494494438171,0.7215076088905334,-0.01244065910577774,0.8291781544685364,0.6664372086524963,-0.020871145650744438,0.8328953981399536,0.6319597959518433,-0.02737375721335411,0.8348139524459839,0.6011502742767334,-0.03204963356256485,0.8406877517700195,0.7406801581382751,-0.016224250197410583,0.854299783706665,0.7035776972770691,-0.025083793327212334,0.8640850186347961,0.6798855662345886,-0.02939068153500557,0.8718607425689697,0.6577059626579285,-0.03214247152209282,4
0.8149591088294983,0.8583288788795471,1.8803321211180446e-07,0.7894037365913391,0.8348636627197266,-0.012253981083631516,0.7670826315879822,0.7911944389343262,-0.017390860244631767,0.7511522769927979,0.7543438076972961,-0.021440915763378143,0.7365131378173828,0.7265858054161072,-0.025115985423326492,0.785790205001831,0.7200555801391602,-0.008667325600981712,0.77843177318573,0.6645474433898926,-0.016415512189269066,0.7754367589950562,0.6306421756744385,-0.022958749905228615,0.774242103099823,0.6009721755981445,-0.028043407946825027,0.8049278259277344,0.7133349180221558,-0.009401997551321983,0.8030315637588501,0.6527882218360901,-0.0153339933604002,0.8026750683784485,0.6151749491691589,-0.021408947184681892,0.8023263216018677,0.582754909992218,-0.026295430958271027,0.8232282996177673,0.7212551832199097,-0.012047125026583672,0.8287630677223206,0.6669923067092896,-0.02043246291577816,0.8324043154716492,0.6327531337738037,-0.026764318346977234,0.8342470526695251,0.6021860837936401,-0.03130694106221199,0.8405390381813049,0.7404012680053711,-0.015756504610180855,0.853773295879364,0.7033119797706604,-0.02453000284731388,0.8633294105529785,0.6794064044952393,-0.028769169002771378,0.8709201812744141,0.6569032073020935,-0.03147247061133385,4
0.814599871635437,0.8576436042785645,1.9530580175342038e-07,0.7883909344673157,0.8342546224594116,-0.011994363740086555,0.7653681635856628,0.7911939024925232,-0.017120933160185814,0.7491987943649292,0.7548806071281433,-0.02118048071861267,0.7350995540618896,0.7265971302986145,-0.024860378354787827,0.7842491269111633,0.720615565776825,-0.008933182805776596,0.7771116495132446,0.6640483736991882,-0.016833199188113213,0.7742409706115723,0.6296664476394653,-0.023424141108989716,0.7731752395629883,0.5998688340187073,-0.028490114957094193,0.8033827543258667,0.7137095332145691,-0.009779862128198147,0.8014854788780212,0.6525644063949585,-0.015836428850889206,0.8011910915374756,0.6146368384361267,-0.022002195939421654,0.8008994460105896,0.5820695161819458,-0.026943279430270195,0.8216790556907654,0.7211082577705383,-0.012492253445088863,0.8267270922660828,0.6657140254974365,-0.02101062797009945,0.8302156329154968,0.6314229965209961,-0.02749640867114067,0.8319505453109741,0.6008930802345276,-0.03212905302643776,0.8391141295433044,0.7397181987762451,-0.016214346513152122,0.8524002432823181,0.7020614743232727,-0.025223158299922943,0.8619626760482788,0.6779648065567017,-0.029650986194610596,0.8695802092552185,0.655380129814148,-0.03244366496801376,4
0.8138250112533569,0.8574838042259216,1.9217866054077604e-07,0.7877535820007324,0.835259199142456,-0.012680021114647388,0.7647929191589355,0.7918799519538879,-0.018031371757388115,0.7489994168281555,0.7549089193344116,-0.022173088043928146,0.7343124747276306,0.7269752621650696,-0.025947757065296173,0.7837852835655212,0.719981849193573,-0.009987832978367805,0.7763487100601196,0.663006067276001,-0.018028363585472107,0.7731991410255432,0.6284414529800415,-0.0246769767254591,0.7717794179916382,0.5982195138931274,-0.029823362827301025,0.802737832069397,0.71296626329422,-0.010603447444736958,0.8006194829940796,0.651637852191925,-0.016855062916874886,0.8002651929855347,0.6136837601661682,-0.02303389459848404,0.7999176383018494,0.5811705589294434,-0.028012515977025032,0.8208669424057007,0.7201770544052124,-0.013111156411468983,0.8258298635482788,0.6645443439483643,-0.021809106692671776,0.8292751908302307,0.6301212906837463,-0.028308870270848274,0.8309082388877869,0.5994371175765991,-0.03297070041298866,0.8382367491722107,0.7385866045951843,-0.016699478030204773,0.85117107629776,0.7001748085021973,-0.02594609744846821,0.8606909513473511,0.6760216951370239,-0.03048657439649105,0.8681442141532898,0.653619110584259,-0.03337092697620392,4
0.8141927719116211,0.8567339777946472,1.9440969367678917e-07,0.7883580923080444,0.8340340852737427,-0.012183726765215397,0.7650608420372009,0.7909302115440369,-0.017286870628595352,0.7490519285202026,0.7543994188308716,-0.02126866951584816,0.7344365119934082,0.7266831398010254,-0.02492312714457512,0.7842116355895996,0.7200177311897278,-0.009212099947035313,0.7772001624107361,0.663201630115509,-0.016851766034960747,0.7741689085960388,0.6287517547607422,-0.023325594142079353,0.7728022336959839,0.5985502004623413,-0.028385797515511513,0.8032311797142029,0.7131333351135254,-0.009974331595003605,0.8013604879379272,0.6515544056892395,-0.015927094966173172,0.8011082410812378,0.6133036017417908,-0.02212955802679062,0.8008400201797485,0.580450177192688,-0.027142805978655815,0.8213354349136353,0.7204192280769348,-0.012574948370456696,0.8263406753540039,0.6646425724029541,-0.02107284404337406,0.8300256133079529,0.6295914053916931,-0.027729449793696404,0.8318866491317749,0.5985519886016846,-0.0325307659804821,0.8385535478591919,0.7386336922645569,-0.016182303428649902,0.8515728712081909,0.7005324959754944,-0.02519995905458927,0.8612958788871765,0.6764851212501526,-0.029642898589372635,0.8690154552459717,0.6542636752128601,-0.032498348504304886,4
0.81401127576828,0.8570682406425476,1.9500160419738677e-07,0.7877659201622009,0.8355492353439331,-0.012956938706338406,0.7649600505828857,0.7924147844314575,-0.01841381937265396,0.7491136193275452,0.7552918195724487,-0.022585531696677208,0.7347972393035889,0.7266188263893127,-0.026344573125243187,0.7843247056007385,0.7198190689086914,-0.009755012579262257,0.7774354815483093,0.6626536846160889,-0.017516015097498894,0.7743102312088013,0.6278548240661621,-0.024060141295194626,0.7728503942489624,0.5976935625076294,-0.029166199266910553,0.8037388324737549,0.7130259275436401,-0.01018327847123146,0.8022758960723877,0.6514626145362854,-0.016137829050421715,0.8019338250160217,0.6132702827453613,-0.022286295890808105,0.8014370799064636,0.5807362198829651,-0.027263427153229713,0.8220229148864746,0.7205184698104858,-0.01252694334834814,0.8272807002067566,0.6647820472717285,-0.02098502777516842,0.8307393193244934,0.6299988627433777,-0.027505554258823395,0.8323164582252502,0.5990036129951477,-0.03223264217376709,0.8392515778541565,0.7390974760055542,-0.015962857753038406,0.8523651957511902,0.7011958360671997,-0.02501782588660717,0.8618420958518982,0.6771998405456543,-0.02948341704905033,0.8693556785583496,0.6548091173171997,-0.03233897313475609,4
0.2663232982158661,0.7927048802375793,4.510415863023809e-07,0.30666661262512207,0.7051557302474976,-0.012742566876113415,0.3275351822376251,0.6156819462776184,-0.014387592673301697,0.33280184864997864,0.543488085269928,-0.016621818765997887,0.33382004499435425,0.48430752754211426,-0.019085237756371498,0.2794854938983917,0.5612473487854004,0.00276914332062006,0.27943357825279236,0.48769569396972656,-0.005514095071703196,0.2811083495616913,0.43568482995033264,-0.016194792464375496,0.2819303572177887,0.3874114453792572,-0.024145040661096573,0.2492888867855072,0.5639800429344177,0.001223119325004518,0.23538044095039368,0.48866647481918335,-0.004456048831343651,0.22767598927021027,0.4340888559818268,-0.015181031078100204,0.22235555946826935,0.38661637902259827,-0.02289956621825695,0.22365880012512207,0.5820509791374207,-0.002935837022960186,0.20501260459423065,0.5129592418670654,-0.01155995111912489,0.1919773817062378,0.45867758989334106,-0.021953601390123367,0.18235363066196442,0.41078782081604004,-0.028651656582951546,0.20293593406677246,0.6188775300979614,-0.008565262891352177,0.17603880167007446,0.5697976350784302,-0.019497599452733994,0.15679597854614258,0.5351112484931946,-0.025259757414460182,0.14081484079360962,0.5027694702148438,-0.027473459020256996,4
0.25293242931365967,0.6294909715652466,3.362235077020159e-07,0.2763363718986511,0.5496001839637756,-0.017712144181132317,0.27670910954475403,0.4631786644458771,-0.021828055381774902,0.26928433775901794,0.3971633017063141,-0.025118805468082428,0.26465344429016113,0.3464718461036682,-0.028411103412508965,0.20562228560447693,0.43530911207199097,-0.007403726689517498,0.1877405196428299,0.3613176941871643,-0.01612004078924656,0.17531535029411316,0.31673210859298706,-0.0246089119464159,0.1629210263490677,0.2807103991508484,-0.03163496404886246,0.17927122116088867,0.4637695848941803,-0.0073380437679588795,0.14386576414108276,0.40214353799819946,-0.015685105696320534,0.12278169393539429,0.36374568939208984,-0.02517751418054104,0.10447047650814056,0.3330255448818207,-0.03250919654965401,0.16362915933132172,0.5031095147132874,-0.010119822807610035,0.12418384104967117,0.4545750319957733,-0.021046504378318787,0.10080476850271225,0.4226960241794586,-0.031321145594120026,0.08039058744907379,0.3934118449687958,-0.03847227990627289,0.157411128282547,0.5509987473487854,-0.014717977494001389,0.11852585524320602,0.5331048965454102,-0.02811834216117859,0.09279673546552658,0.5195349454879761,-0.036475807428359985,0.06930424273014069,0.5017457008361816,-0.041500236839056015,4
0.25809091329574585,0.6042509078979492,2.875485733966343e-07,0.27615538239479065,0.5247098803520203,-0.020586883649230003,0.2708573341369629,0.43941232562065125,-0.027614014223217964,0.2591952085494995,0.370026171207428,-0.03323342278599739,0.25304073095321655,0.3167983591556549,-0.038271695375442505,0.197940394282341,0.41824275255203247,-0.011261909268796444,0.17788632214069366,0.3516582250595093,-0.020598063245415688,0.1618003249168396,0.3097626566886902,-0.02869546413421631,0.14775322377681732,0.27867060899734497,-0.035219158977270126,0.17375139892101288,0.4486740529537201,-0.010147386230528355,0.13668373227119446,0.39229798316955566,-0.018230916932225227,0.11459727585315704,0.35808277130126953,-0.025430897250771523,0.0955289676785469,0.330689936876297,-0.03070332109928131,0.16115528345108032,0.4881752133369446,-0.012141668237745762,0.12117938697338104,0.44729524850845337,-0.02317339926958084,0.09700071811676025,0.41853970289230347,-0.03211607038974762,0.07621004432439804,0.3915489614009857,-0.03806309029459953,0.15817128121852875,0.5348667502403259,-0.01622619479894638,0.12060736119747162,0.5290419459342957,-0.029755083844065666,0.09508853405714035,0.5229852795600891,-0.03749523684382439,0.07187582552433014,0.5127347111701965,-0.0418766625225544,4
0.2753565311431885,0.5942017436027527,2.688934728212189e-07,0.29114189743995667,0.5155026912689209,-0.019039487466216087,0.2811155915260315,0.433491975069046,-0.025103796273469925,0.267812043428421,0.3700072467327118,-0.02988824062049389,0.2634906470775604,0.3198346197605133,-0.03421845659613609,0.20947839319705963,0.4197387099266052,-0.01243157871067524,0.18775837123394012,0.35403358936309814,-0.021879632025957108,0.17126846313476562,0.313297301530838,-0.02975456416606903,0.15650545060634613,0.28236252069473267,-0.03611607104539871,0.18622224032878876,0.45186907052993774,-0.012087957933545113,0.1476576328277588,0.3984101712703705,-0.02018069475889206,0.1248699352145195,0.36644136905670166,-0.02681121975183487,0.10497088730335236,0.3404415547847748,-0.03172865882515907,0.17465811967849731,0.4925040006637573,-0.014545507729053497,0.1336524337530136,0.4545679986476898,-0.025434251874685287,0.1095261499285698,0.4280238449573517,-0.03402822092175484,0.08865191042423248,0.40330764651298523,-0.03972280025482178,0.17327919602394104,0.5401026010513306,-0.018948087468743324,0.13445669412612915,0.5383201241493225,-0.03221280127763748,0.10882063210010529,0.5354828238487244,-0.039596643298864365,0.08518171310424805,0.528785228729248,-0.04378741234540939,4
0.2882852852344513,0.5886949300765991,2.7332876584296173e-07,0.3018138110637665,0.5127418041229248,-0.019426384940743446,0.29157599806785583,0.43188172578811646,-0.026524702087044716,0.2778615951538086,0.36920326948165894,-0.032250355929136276,0.27256232500076294,0.31914371252059937,-0.03754894435405731,0.22086907923221588,0.41824576258659363,-0.014007216319441795,0.19890283048152924,0.35550135374069214,-0.024528682231903076,0.1823337972164154,0.3155096769332886,-0.03338560834527016,0.16734428703784943,0.28410059213638306,-0.04036284238100052,0.19775357842445374,0.4514944553375244,-0.013713406398892403,0.1594424992799759,0.4008196294307709,-0.02235626056790352,0.13686105608940125,0.3694220781326294,-0.029315704479813576,0.11642124503850937,0.34272605180740356,-0.034593190997838974,0.18643718957901,0.49255841970443726,-0.016211142763495445,0.14613313972949982,0.4576578140258789,-0.027284689247608185,0.12168768048286438,0.43199193477630615,-0.035865668207407,0.1002940684556961,0.40784305334091187,-0.04163367673754692,0.18540990352630615,0.5405882596969604,-0.02071204222738743,0.14687275886535645,0.5413322448730469,-0.03372552990913391,0.12151756882667542,0.5404866933822632,-0.04088323190808296,0.0978005975484848,0.5355687737464905,-0.04503926262259483,4
0.29450011253356934,0.5843636393547058,2.759595361112588e-07,0.30895671248435974,0.5087549090385437,-0.020693017169833183,0.2987782657146454,0.42945173382759094,-0.028282642364501953,0.2848645746707916,0.36735999584198,-0.03421076014637947,0.28034326434135437,0.3170863389968872,-0.03971455991268158,0.22898635268211365,0.41558656096458435,-0.01585744321346283,0.20742690563201904,0.3537089228630066,-0.026939887553453445,0.19106990098953247,0.31334230303764343,-0.03589586541056633,0.17651963233947754,0.2817661166191101,-0.04299004003405571,0.2052403837442398,0.4485534429550171,-0.015121912583708763,0.16720163822174072,0.398186594247818,-0.024423018097877502,0.1448928266763687,0.36728721857070923,-0.031325798481702805,0.12497106939554214,0.3412081003189087,-0.03636939078569412,0.1940610110759735,0.4897875189781189,-0.01725129783153534,0.15353304147720337,0.45456963777542114,-0.02930290251970291,0.1286555528640747,0.42900070548057556,-0.038205113261938095,0.10679671168327332,0.40474632382392883,-0.04404229670763016,0.1939278542995453,0.5375908017158508,-0.021412234753370285,0.1558210551738739,0.5406726598739624,-0.03574211150407791,0.1306641697883606,0.5412466526031494,-0.043559808284044266,0.1071636825799942,0.5375041365623474,-0.04798867926001549,4
0.2983911335468292,0.5822816491127014,2.801260734486277e-07,0.31275859475135803,0.5076524019241333,-0.020749108865857124,0.30317896604537964,0.42960217595100403,-0.028213605284690857,0.2894654870033264,0.36743229627609253,-0.033946797251701355,0.28504040837287903,0.3178107738494873,-0.03925374522805214,0.23367153108119965,0.41442209482192993,-0.0155945448204875,0.21242737770080566,0.3518436551094055,-0.02599954605102539,0.19656454026699066,0.311942458152771,-0.034515418112277985,0.18237359821796417,0.2809906303882599,-0.04141116142272949,0.21059080958366394,0.44757238030433655,-0.014713617041707039,0.17269955575466156,0.3967629373073578,-0.02354714833199978,0.15069708228111267,0.36652469635009766,-0.030490366742014885,0.13141530752182007,0.34144681692123413,-0.03570360690355301,0.19970598816871643,0.4893454611301422,-0.016681553795933723,0.15938414633274078,0.4529064893722534,-0.028559254482388496,0.13424313068389893,0.4274263381958008,-0.03801637887954712,0.1121053621172905,0.4033801555633545,-0.044402867555618286,0.1992848962545395,0.5379477739334106,-0.0205987561494112,0.16187649965286255,0.5407487154006958,-0.03502391278743744,0.13723784685134888,0.5419967174530029,-0.043259911239147186,0.11397299915552139,0.5389471054077148,-0.04809323325753212,4
0.3001266121864319,0.5825048685073853,2.690535154670215e-07,0.31546956300735474,0.5083991289138794,-0.020087189972400665,0.3055408000946045,0.42936408519744873,-0.02705424092710018,0.2915295362472534,0.3669338524341583,-0.03227754309773445,0.28737542033195496,0.3169548511505127,-0.0371171236038208,0.2361464649438858,0.4147528111934662,-0.015598154626786709,0.21466787159442902,0.35154634714126587,-0.025560466572642326,0.19865672290325165,0.31226348876953125,-0.03361755982041359,0.1841859072446823,0.28198105096817017,-0.040304820984601974,0.21339692175388336,0.4475855231285095,-0.014860815368592739,0.17555615305900574,0.39673203229904175,-0.02354194037616253,0.15355944633483887,0.36658918857574463,-0.030397463589906693,0.13423800468444824,0.3423160910606384,-0.03556833043694496,0.20267264544963837,0.48865562677383423,-0.016809986904263496,0.1623898595571518,0.45233792066574097,-0.028514720499515533,0.13758662343025208,0.4272213876247406,-0.03791194409132004,0.11550083011388779,0.40335193276405334,-0.04430485516786575,0.20250432193279266,0.5359808206558228,-0.02061588130891323,0.16553997993469238,0.5399031043052673,-0.034920427948236465,0.14141087234020233,0.5421979427337646,-0.04314307123422623,0.11854427307844162,0.5399396419525146,-0.047993890941143036,4
0.30168670415878296,0.583667516708374,2.768317131085496e-07,0.31632715463638306,0.509643018245697,-0.02021712064743042,0.30630043148994446,0.4304676949977875,-0.027200939133763313,0.2925625145435333,0.36805838346481323,-0.032347068190574646,0.2885516583919525,0.3185616135597229,-0.03708314895629883,0.2365221530199051,0.41657763719558716,-0.015884723514318466,0.2154507339000702,0.3528205156326294,-0.025815891101956367,0.19944167137145996,0.31343796849250793,-0.03382066637277603,0.18516778945922852,0.2835952639579773,-0.040451694279909134,0.21415302157402039,0.44984984397888184,-0.015158957801759243,0.17642942070960999,0.3988235890865326,-0.023893866688013077,0.15414144098758698,0.36866453289985657,-0.03078629821538925,0.13462449610233307,0.3448789715766907,-0.03596450760960579,0.20396235585212708,0.4913361966609955,-0.017124105244874954,0.16395430266857147,0.45489928126335144,-0.029038505628705025,0.13973364233970642,0.4296875,-0.038632556796073914,0.11815096437931061,0.4061276912689209,-0.04512353986501694,0.2042202204465866,0.539111316204071,-0.020919203758239746,0.16773612797260284,0.5437876582145691,-0.03556900843977928,0.14384552836418152,0.5467919707298279,-0.044033825397491455,0.12101045995950699,0.5452925562858582,-0.049008335918188095,4
0.30166637897491455,0.5835127830505371,2.7789275236500544e-07,0.316505491733551,0.5099712610244751,-0.020922554656863213,0.305963933467865,0.43160581588745117,-0.028124898672103882,0.2917594909667969,0.37014758586883545,-0.033331483602523804,0.2877153754234314,0.3205573558807373,-0.03817664459347725,0.23612378537654877,0.418964684009552,-0.016739552840590477,0.2144392877817154,0.35638701915740967,-0.0266813226044178,0.19809973239898682,0.3175623416900635,-0.034666337072849274,0.18337251245975494,0.2877296805381775,-0.04141397401690483,0.21408554911613464,0.4523549973964691,-0.015749722719192505,0.17628100514411926,0.4027913510799408,-0.024762192741036415,0.15361478924751282,0.3728370666503906,-0.031859252601861954,0.1334928274154663,0.34868815541267395,-0.037242576479911804,0.20422235131263733,0.49411922693252563,-0.017508162185549736,0.1640326976776123,0.45846763253211975,-0.029900269582867622,0.1391972452402115,0.43314358592033386,-0.04004412144422531,0.11669377237558365,0.40897196531295776,-0.04692782089114189,0.20466651022434235,0.5419312715530396,-0.02111712656915188,0.167983278632164,0.5474147200584412,-0.03636756166815758,0.14401954412460327,0.5508369207382202,-0.045437294989824295,0.12078201025724411,0.5491625070571899,-0.05090932920575142,4
0.30045846104621887,0.5851988196372986,2.8927405537615414e-07,0.314192533493042,0.5117897391319275,-0.020992401987314224,0.3033416271209717,0.43377357721328735,-0.028434082865715027,0.2886147201061249,0.3720729351043701,-0.03386297449469566,0.28410574793815613,0.32176366448402405,-0.03889349475502968,0.23407278954982758,0.4213572144508362,-0.01675782911479473,0.21243612468242645,0.35865408182144165,-0.02691165916621685,0.19626379013061523,0.3192777633666992,-0.03521857410669327,0.18148301541805267,0.2886185646057129,-0.04217659309506416,0.21176978945732117,0.4542595148086548,-0.01577066257596016,0.1743125468492508,0.4049359858036041,-0.024822836741805077,0.15152761340141296,0.3753967881202698,-0.03208683431148529,0.1309143453836441,0.35171374678611755,-0.037630800157785416,0.2016109824180603,0.4958045780658722,-0.017515208572149277,0.161744624376297,0.46099430322647095,-0.02969313971698284,0.13671627640724182,0.43709245324134827,-0.03960391506552696,0.11389478296041489,0.41435328125953674,-0.04637104645371437,0.2018188238143921,0.5441043376922607,-0.021151240915060043,0.1654140055179596,0.5496647953987122,-0.0359683632850647,0.14171913266181946,0.5533899068832397,-0.04460296407341957,0.11869386583566666,0.552253007888794,-0.04978036880493164,4
0.2985672950744629,0.5870413184165955,2.8424324227671605e-07,0.3118576109409332,0.5131924748420715,-0.020698273554444313,0.3000779151916504,0.43484780192375183,-0.027908366173505783,0.2852274775505066,0.37282881140708923,-0.0332498662173748,0.28103137016296387,0.32273417711257935,-0.03829199820756912,0.231184184551239,0.42213431000709534,-0.016313862055540085,0.2089814841747284,0.3606800436973572,-0.026484575122594833,0.19254085421562195,0.3218762278556824,-0.03492951765656471,0.17741140723228455,0.29175829887390137,-0.0420079380273819,0.20912867784500122,0.4560299813747406,-0.015575753524899483,0.17152085900306702,0.4073103368282318,-0.024559522047638893,0.1486981362104416,0.3782535791397095,-0.031953468918800354,0.12803015112876892,0.35504987835884094,-0.037610724568367004,0.19918107986450195,0.4982869029045105,-0.017562957480549812,0.15906374156475067,0.46359026432037354,-0.02964099682867527,0.1334848403930664,0.4404880404472351,-0.03964785486459732,0.11027434468269348,0.41864755749702454,-0.046537455171346664,0.19955909252166748,0.5472301244735718,-0.021437274292111397,0.16297289729118347,0.5532699823379517,-0.03606950119137764,0.13930955529212952,0.5577802062034607,-0.04456888884305954,0.11650986969470978,0.5574687719345093,-0.04969386011362076,4
0.296697735786438,0.5869555473327637,2.826465674843348e-07,0.3103579878807068,0.5133015513420105,-0.020990479737520218,0.2991970479488373,0.43603649735450745,-0.028553465381264687,0.28440240025520325,0.3744421601295471,-0.03420843929052353,0.2798501253128052,0.32420575618743896,-0.039575256407260895,0.22987473011016846,0.4224889278411865,-0.01680033653974533,0.20791815221309662,0.3610091507434845,-0.026974903419613838,0.19122222065925598,0.32266706228256226,-0.03528466448187828,0.17593693733215332,0.29333722591400146,-0.04228977486491203,0.20781326293945312,0.45647120475769043,-0.015983987599611282,0.16989362239837646,0.40812891721725464,-0.024999583140015602,0.1467888057231903,0.3794099688529968,-0.032235849648714066,0.12605732679367065,0.35664868354797363,-0.03774212300777435,0.1981067955493927,0.4988512694835663,-0.01790812984108925,0.1577203869819641,0.46455642580986023,-0.03012719936668873,0.13237987458705902,0.44038599729537964,-0.04018322005867958,0.1095098927617073,0.4174822270870209,-0.047085002064704895,0.19890636205673218,0.5474809408187866,-0.0217297300696373,0.1625865399837494,0.5545266270637512,-0.03673583269119263,0.1389884650707245,0.5592204332351685,-0.04553459584712982,0.11626900732517242,0.5590429306030273,-0.050820302218198776,4
0.2957819998264313,0.5862142443656921,2.7854730433318764e-07,0.3098020553588867,0.5122653245925903,-0.02082083187997341,0.2987370193004608,0.4347453713417053,-0.028206950053572655,0.2839243412017822,0.37313681840896606,-0.03369265794754028,0.27932217717170715,0.32353004813194275,-0.03890899196267128,0.2294880598783493,0.4220057725906372,-0.01700007915496826,0.20680123567581177,0.3604263365268707,-0.02711375616490841,0.1898491233587265,0.32224705815315247,-0.03528120368719101,0.17428600788116455,0.2931572198867798,-0.042154133319854736,0.20765340328216553,0.4563390612602234,-0.016184167936444283,0.16916875541210175,0.4078002870082855,-0.025151612237095833,0.14587870240211487,0.3792683780193329,-0.03229711949825287,0.12514027953147888,0.3571799099445343,-0.03772994875907898,0.19807270169258118,0.49875763058662415,-0.01804416999220848,0.15732420980930328,0.46425923705101013,-0.03016972355544567,0.1316390037536621,0.4405003786087036,-0.040111783891916275,0.10858692228794098,0.4186006784439087,-0.046911876648664474,0.19888219237327576,0.5474963784217834,-0.02177152782678604,0.16207489371299744,0.5533575415611267,-0.0366532988846302,0.1381550431251526,0.5576987862586975,-0.04528117552399635,0.11526191979646683,0.5577214956283569,-0.050429344177246094,4
0.2957383990287781,0.584773600101471,2.825505589498789e-07,0.3091541528701782,0.5103639960289001,-0.0207280982285738,0.2978823184967041,0.43290048837661743,-0.028102876618504524,0.28321143984794617,0.3727357089519501,-0.03358132764697075,0.2783358097076416,0.3239678144454956,-0.03880685567855835,0.22858142852783203,0.42182761430740356,-0.01707386039197445,0.2060357928276062,0.3602830469608307,-0.027476483955979347,0.18904100358486176,0.32189059257507324,-0.035929083824157715,0.17352885007858276,0.2921873927116394,-0.04296373203396797,0.20667269825935364,0.45613154768943787,-0.01633661799132824,0.16799277067184448,0.4082944691181183,-0.025518635287880898,0.14439310133457184,0.37972018122673035,-0.03284766897559166,0.12365076690912247,0.3574184477329254,-0.03839239478111267,0.19707807898521423,0.49873584508895874,-0.018278004601597786,0.15624192357063293,0.46512123942375183,-0.03052317164838314,0.1303665190935135,0.4419684112071991,-0.04054564610123634,0.10718664526939392,0.4202548861503601,-0.047387029975652695,0.19806313514709473,0.5474851727485657,-0.022076088935136795,0.16166648268699646,0.5540297627449036,-0.03699798136949539,0.13793529570102692,0.5586879849433899,-0.045619990676641464,0.11511528491973877,0.5589053630828857,-0.05075424164533615,4
0.2952123284339905,0.5848855972290039,2.848423150680901e-07,0.3083285987377167,0.511120617389679,-0.020216722041368484,0.29693835973739624,0.43411722779273987,-0.027587508782744408,0.2825149595737457,0.37343114614486694,-0.03321078419685364,0.2778579890727997,0.32448315620422363,-0.038596708327531815,0.22748054563999176,0.4224022626876831,-0.01666649803519249,0.2045864760875702,0.36097443103790283,-0.02700398489832878,0.18750552833080292,0.3227219581604004,-0.03539573401212692,0.17198538780212402,0.2931979298591614,-0.04237094894051552,0.20597167313098907,0.45676231384277344,-0.01617882214486599,0.1676129400730133,0.4089508652687073,-0.025295471772551537,0.14401820302009583,0.380439430475235,-0.03259526565670967,0.12289778888225555,0.3578360676765442,-0.03812498599290848,0.19655756652355194,0.49926188588142395,-0.018316559493541718,0.15583428740501404,0.46532654762268066,-0.030451707541942596,0.13026617467403412,0.4417969584465027,-0.040292710065841675,0.10723058134317398,0.4197612702846527,-0.047015078365802765,0.19764778017997742,0.5478652715682983,-0.022273598238825798,0.1613685041666031,0.5545464754104614,-0.03702428191900253,0.13775885105133057,0.5592197179794312,-0.045430801808834076,0.11508943885564804,0.5595824122428894,-0.05040985345840454,4
0.295431911945343,0.5818593502044678,2.802277379032603e-07,0.3084142506122589,0.5091978311538696,-0.021159730851650238,0.2968689203262329,0.4321499466896057,-0.028713790699839592,0.2823254466056824,0.3715836703777313,-0.034324854612350464,0.27774396538734436,0.3228248357772827,-0.03967902064323425,0.2279168665409088,0.42040780186653137,-0.01758364401757717,0.20522882044315338,0.35965633392333984,-0.02810203842818737,0.18809691071510315,0.3215489387512207,-0.03663752228021622,0.17231784760951996,0.29211437702178955,-0.04378270357847214,0.2061811089515686,0.4547096788883209,-0.016821062192320824,0.16733846068382263,0.40768352150917053,-0.02622963674366474,0.1435573399066925,0.37981000542640686,-0.033683065325021744,0.12234943360090256,0.35796940326690674,-0.03931436687707901,0.19693893194198608,0.4972459673881531,-0.01876882091164589,0.1560337245464325,0.46396005153656006,-0.03136509284377098,0.13019835948944092,0.44060346484184265,-0.041572410613298416,0.10683964937925339,0.41871386766433716,-0.04849798232316971,0.1982143670320511,0.5459227561950684,-0.022611351683735847,0.16151782870292664,0.5527278184890747,-0.03788909688591957,0.1377187818288803,0.5577515363693237,-0.046675872057676315,0.11472690850496292,0.558268666267395,-0.05192306637763977,4
0.29538488388061523,0.5811147689819336,2.8166701326881594e-07,0.30847111344337463,0.5075876712799072,-0.020596252754330635,0.2969951033592224,0.43045341968536377,-0.027789412066340446,0.2826489210128784,0.3702838718891144,-0.03316546976566315,0.27827203273773193,0.32202208042144775,-0.0383211225271225,0.22788633406162262,0.41988620162010193,-0.016694895923137665,0.20519062876701355,0.35909050703048706,-0.0267470870167017,0.18824666738510132,0.3210235834121704,-0.03499919921159744,0.17274034023284912,0.29152852296829224,-0.04194092005491257,0.20640182495117188,0.45437192916870117,-0.015997009351849556,0.1679573953151703,0.40731558203697205,-0.024937281385064125,0.1444735825061798,0.3793630003929138,-0.03215809538960457,0.12340381741523743,0.35726678371429443,-0.037675660103559494,0.19702544808387756,0.49706074595451355,-0.017983101308345795,0.1562567949295044,0.4636346399784088,-0.030144933611154556,0.13067364692687988,0.44047674536705017,-0.040125519037246704,0.10748157650232315,0.41878560185432434,-0.04694560542702675,0.1979045569896698,0.5460156202316284,-0.021823376417160034,0.16120122373104095,0.5526205897331238,-0.036676544696092606,0.137568861246109,0.5575776100158691,-0.04522407427430153,0.11479569226503372,0.5580689907073975,-0.05035320669412613,4
0.2951847314834595,0.583175539970398,2.818822792960418e-07,0.30835315585136414,0.5086007714271545,-0.020133541896939278,0.2965695559978485,0.43046557903289795,-0.026990603655576706,0.2818475365638733,0.36988162994384766,-0.032109446823596954,0.27773141860961914,0.32153400778770447,-0.03699517250061035,0.22733350098133087,0.4208749234676361,-0.015812711790204048,0.20461882650852203,0.35979196429252625,-0.025738323107361794,0.1876128613948822,0.32134106755256653,-0.033957645297050476,0.1721433401107788,0.29175183176994324,-0.04084720090031624,0.20599570870399475,0.45535117387771606,-0.015320266596972942,0.16689032316207886,0.40830180048942566,-0.024156367406249046,0.1431044340133667,0.3803379535675049,-0.03140033408999443,0.12186107039451599,0.35842689871788025,-0.036884065717458725,0.1967695951461792,0.49775534868240356,-0.017490524798631668,0.15600022673606873,0.4648571014404297,-0.02954695001244545,0.13022202253341675,0.4420812427997589,-0.03943844512104988,0.1070752963423729,0.420971542596817,-0.04612317308783531,0.19773516058921814,0.5465643405914307,-0.021490762010216713,0.16102689504623413,0.5534866452217102,-0.036127593368291855,0.13717010617256165,0.5583820343017578,-0.04448705166578293,0.11431039124727249,0.5589019060134888,-0.0494450144469738,4
0.294670432806015,0.5819471478462219,2.7800268753708224e-07,0.3077791929244995,0.5083454847335815,-0.020112590864300728,0.2961224913597107,0.4300256371498108,-0.027152007445693016,0.2815204858779907,0.3694095015525818,-0.032421451061964035,0.27693939208984375,0.3213094472885132,-0.03749145567417145,0.22669625282287598,0.4200763702392578,-0.01664484292268753,0.203778937458992,0.3590342402458191,-0.026832932606339455,0.18689841032028198,0.3208810091018677,-0.03513122722506523,0.17148946225643158,0.29151618480682373,-0.042053624987602234,0.20541606843471527,0.45455610752105713,-0.016231829300522804,0.16643026471138,0.4072665274143219,-0.025373129174113274,0.1426929533481598,0.3792854845523834,-0.03278195858001709,0.12162420898675919,0.35769137740135193,-0.03838265314698219,0.19626232981681824,0.4970852732658386,-0.018415898084640503,0.15533879399299622,0.46406975388526917,-0.030649764463305473,0.1293921172618866,0.44103488326072693,-0.04074599966406822,0.10603875666856766,0.41962191462516785,-0.04763151332736015,0.1974061131477356,0.5458619594573975,-0.02239420637488365,0.16088449954986572,0.5528832077980042,-0.03723995387554169,0.13710150122642517,0.5580065250396729,-0.045800674706697464,0.11421632021665573,0.5586742758750916,-0.050917018204927444,4
0.29413312673568726,0.5810179710388184,2.7928720669478935e-07,0.30748993158340454,0.5071799159049988,-0.020540209487080574,0.2964729070663452,0.4294556677341461,-0.02792823687195778,0.2819138765335083,0.3687058091163635,-0.03345784917473793,0.2772870659828186,0.3202058970928192,-0.03879820182919502,0.22729042172431946,0.41912320256233215,-0.017431631684303284,0.20429985225200653,0.35827791690826416,-0.02790851704776287,0.1872762143611908,0.3204144835472107,-0.03644991293549538,0.17149674892425537,0.2912864089012146,-0.04358116537332535,0.2060067355632782,0.4533744752407074,-0.016913563013076782,0.1671140491962433,0.40592512488365173,-0.026420576497912407,0.14322754740715027,0.3778952658176422,-0.03415235877037048,0.12182433903217316,0.3564683794975281,-0.04002772644162178,0.19677340984344482,0.4958050847053528,-0.018984917551279068,0.1559727042913437,0.4625805914402008,-0.03154784440994263,0.13006874918937683,0.4395325481891632,-0.04184168949723244,0.10661545395851135,0.4184144139289856,-0.04886554926633835,0.19758786261081696,0.5446640849113464,-0.02286108024418354,0.16082929074764252,0.5506250262260437,-0.0379503071308136,0.13702274858951569,0.5551850199699402,-0.04666922986507416,0.11406131088733673,0.5554181933403015,-0.05191332846879959,4
0.2939854562282562,0.5813150405883789,2.852257523500157e-07,0.3067655861377716,0.5067606568336487,-0.019955843687057495,0.29513490200042725,0.42860710620880127,-0.026906266808509827,0.28061264753341675,0.3680849075317383,-0.03209851309657097,0.27583205699920654,0.3198373019695282,-0.03701821342110634,0.22553256154060364,0.4186658263206482,-0.016069991514086723,0.20266662538051605,0.3568066954612732,-0.02598428539931774,0.18574216961860657,0.31843823194503784,-0.034181028604507446,0.1702193021774292,0.2891697883605957,-0.04104996845126152,0.20411524176597595,0.453365296125412,-0.015633169561624527,0.16512057185173035,0.4060494601726532,-0.024452781304717064,0.1416340470314026,0.37770500779151917,-0.0316740907728672,0.12076283991336823,0.3559650182723999,-0.03714772313833237,0.19474633038043976,0.495921790599823,-0.01781023107469082,0.1541990339756012,0.4632459282875061,-0.029691820964217186,0.1286340057849884,0.4398036301136017,-0.03951605036854744,0.10554011166095734,0.4180391728878021,-0.046233050525188446,0.19562335312366486,0.5445816516876221,-0.02179177664220333,0.1595485508441925,0.5510289669036865,-0.0362466536462307,0.13606257736682892,0.555823802947998,-0.044507402926683426,0.11344614624977112,0.5562779903411865,-0.04942062869668007,4
0.2217383086681366,0.5406531691551208,3.55072529600875e-07,0.24009016156196594,0.5888843536376953,-0.019385457038879395,0.2653278708457947,0.6196452379226685,-0.02988182194530964,0.2869974672794342,0.6465573906898499,-0.03838350251317024,0.30412036180496216,0.6732130646705627,-0.046833585947752,0.30545249581336975,0.5415266752243042,-0.02150304988026619,0.34077560901641846,0.5584323406219482,-0.03489707037806511,0.36500298976898193,0.5696880221366882,-0.04582251235842705,0.38556402921676636,0.5777495503425598,-0.05343947559595108,0.3068203926086426,0.5022304058074951,-0.020326951518654823,0.34648337960243225,0.49235278367996216,-0.031173449009656906,0.3735474646091461,0.48643067479133606,-0.04036520794034004,0.3967023193836212,0.4798930585384369,-0.04738540202379227,0.29869526624679565,0.47042331099510193,-0.021107496693730354,0.3338717222213745,0.4514719843864441,-0.03281070664525032,0.3588678240776062,0.4401133954524994,-0.04213988780975342,0.3804274797439575,0.4314142167568207,-0.04835721105337143,0.2829733192920685,0.4448219835758209,-0.02341996319591999,0.30207785964012146,0.403979629278183,-0.035169512033462524,0.31647565960884094,0.37832820415496826,-0.041412465274333954,0.3309350907802582,0.3579668402671814,-0.04515326768159866,4
0.22094124555587769,0.5396814942359924,3.469347973350523e-07,0.23931019008159637,0.5896763205528259,-0.01902373693883419,0.2651961147785187,0.6203792691230774,-0.02907508611679077,0.2869529724121094,0.6458725929260254,-0.03723881021142006,0.3038438558578491,0.6724307537078857,-0.04535159841179848,0.3050633668899536,0.5431531071662903,-0.02104370854794979,0.34065672755241394,0.5607536435127258,-0.0340428464114666,0.3646586239337921,0.5720524787902832,-0.04461135342717171,0.38523733615875244,0.5800467133522034,-0.05208529531955719,0.3062984049320221,0.5036315321922302,-0.020085787400603294,0.34585076570510864,0.4938487112522125,-0.031028514727950096,0.37294307351112366,0.4873640835285187,-0.040317289531230927,0.3966203033924103,0.47963181138038635,-0.04737522453069687,0.29826727509498596,0.4717097878456116,-0.021026503294706345,0.33327552676200867,0.4518802762031555,-0.032928548753261566,0.3585197925567627,0.4413210153579712,-0.04226580634713173,0.38074129819869995,0.43283113837242126,-0.04841792583465576,0.28275278210639954,0.44601935148239136,-0.023473447188735008,0.3022761940956116,0.4048055410385132,-0.03535328805446625,0.3171655833721161,0.3790544867515564,-0.041611239314079285,0.332311749458313,0.35838595032691956,-0.04536377266049385,4
0.22196829319000244,0.5378873944282532,3.4718723895821313e-07,0.24137316644191742,0.5869590044021606,-0.018444273620843887,0.26755380630493164,0.6179988384246826,-0.028290627524256706,0.28943535685539246,0.6439619660377502,-0.0363718643784523,0.3066737651824951,0.669446587562561,-0.044408053159713745,0.306974858045578,0.5408192276954651,-0.019979115575551987,0.34221839904785156,0.5571115016937256,-0.032833024859428406,0.365829735994339,0.568037748336792,-0.043416280299425125,0.385966420173645,0.5759305953979492,-0.05086493864655495,0.3076435923576355,0.5009065866470337,-0.019368741661310196,0.3472687602043152,0.48979684710502625,-0.03023073635995388,0.3744347095489502,0.4841591417789459,-0.039486318826675415,0.3980811834335327,0.47734376788139343,-0.04642089456319809,0.29933589696884155,0.4689444899559021,-0.020696530118584633,0.3342645466327667,0.4485274851322174,-0.032666079699993134,0.35978561639785767,0.43795889616012573,-0.042003434151411057,0.38239794969558716,0.42965763807296753,-0.04806283488869667,0.2839706838130951,0.4435582160949707,-0.023487070575356483,0.3035832941532135,0.4018362760543823,-0.035348065197467804,0.31840479373931885,0.3759463429450989,-0.041472163051366806,0.3335821330547333,0.3554653823375702,-0.04508683457970619,4
0.22556917369365692,0.5378136038780212,3.4941547255584737e-07,0.24420088529586792,0.5857436060905457,-0.018248356878757477,0.2696882486343384,0.6162994503974915,-0.028298793360590935,0.29169732332229614,0.6423026919364929,-0.03658146783709526,0.3090449273586273,0.6678098440170288,-0.04479202255606651,0.3102225065231323,0.5389341115951538,-0.02003544569015503,0.3458799421787262,0.5571514964103699,-0.03292323276400566,0.3697090148925781,0.5686533451080322,-0.043394140899181366,0.3895584046840668,0.5769087672233582,-0.050732314586639404,0.31089696288108826,0.49911564588546753,-0.019479362294077873,0.3511475622653961,0.4889245629310608,-0.030250852927565575,0.3780629336833954,0.48264598846435547,-0.03939291462302208,0.40093713998794556,0.4753798246383667,-0.046235326677560806,0.30240651965141296,0.46717381477355957,-0.02081158198416233,0.33840835094451904,0.4472716450691223,-0.032752715051174164,0.3638467490673065,0.43600034713745117,-0.04213252291083336,0.3857513964176178,0.42731955647468567,-0.04823169484734535,0.28667187690734863,0.4420434236526489,-0.02352721430361271,0.3062668740749359,0.4006006419658661,-0.03578372672200203,0.32088884711265564,0.3745741546154022,-0.042193472385406494,0.33556947112083435,0.3538849353790283,-0.045862384140491486,4
0.22693972289562225,0.5367416143417358,3.47481943663297e-07,0.24618829786777496,0.5853420495986938,-0.017710737884044647,0.27274131774902344,0.6156038045883179,-0.02707701176404953,0.2950652241706848,0.642181396484375,-0.034784652292728424,0.31204789876937866,0.6680706143379211,-0.042443227022886276,0.3130708932876587,0.5383055806159973,-0.01853582262992859,0.3481980860233307,0.5565033555030823,-0.030993033200502396,0.37182044982910156,0.5683446526527405,-0.041466183960437775,0.39155781269073486,0.5767152309417725,-0.04888750612735748,0.3137147128582001,0.4983748197555542,-0.018238067626953125,0.35379794239997864,0.48916730284690857,-0.028579501435160637,0.380727618932724,0.48377737402915955,-0.037670888006687164,0.4037049412727356,0.47713491320610046,-0.04453815892338753,0.3051914870738983,0.46619415283203125,-0.019899651408195496,0.34085315465927124,0.4478600025177002,-0.031557563692331314,0.36646315455436707,0.4375405013561249,-0.041058462113142014,0.3886590600013733,0.42916005849838257,-0.047284238040447235,0.2893272340297699,0.4407394230365753,-0.022942177951335907,0.30919352173805237,0.3999366760253906,-0.03492385521531105,0.32398104667663574,0.3742492198944092,-0.0412561260163784,0.3389045000076294,0.3538011908531189,-0.044955670833587646,4
0.22700181603431702,0.535798192024231,3.548651079654519e-07,0.24604927003383636,0.5840727686882019,-0.018695028498768806,0.2725864350795746,0.615151047706604,-0.028564199805259705,0.2946520447731018,0.6419957280158997,-0.036582499742507935,0.31186795234680176,0.6666852235794067,-0.04449456185102463,0.3129121959209442,0.5392235517501831,-0.01997239515185356,0.34852999448776245,0.5567319989204407,-0.032950423657894135,0.37243741750717163,0.5687522292137146,-0.0437089279294014,0.39262425899505615,0.577684760093689,-0.051209717988967896,0.313960462808609,0.49901917576789856,-0.019170938059687614,0.3541789948940277,0.48879170417785645,-0.029910333454608917,0.38148629665374756,0.4830355644226074,-0.0391816645860672,0.4047439992427826,0.4764244556427002,-0.04610006511211395,0.3058704137802124,0.4664953947067261,-0.020339982584118843,0.3415675759315491,0.44615060091018677,-0.03207234665751457,0.367339164018631,0.4356418251991272,-0.04135945811867714,0.38972216844558716,0.4277343153953552,-0.04741416499018669,0.290377140045166,0.44046586751937866,-0.0230003222823143,0.3101648986339569,0.39918822050094604,-0.034709520637989044,0.3249364495277405,0.37321746349334717,-0.040718983858823776,0.33993515372276306,0.352764368057251,-0.04421798884868622,4
0.23081471025943756,0.5368574261665344,3.528457739321311e-07,0.25048357248306274,0.5849990844726562,-0.01861986517906189,0.2779720723628998,0.616148829460144,-0.02823622152209282,0.3008055090904236,0.6426577568054199,-0.03603782504796982,0.3180568814277649,0.6678486466407776,-0.04372904449701309,0.3173939883708954,0.5390468239784241,-0.019681047648191452,0.3529419004917145,0.5563668608665466,-0.03260406479239464,0.37678176164627075,0.5679688453674316,-0.043269623070955276,0.39702871441841125,0.5765498876571655,-0.05080384761095047,0.31807661056518555,0.49884268641471863,-0.01910381205379963,0.3583928942680359,0.48847728967666626,-0.030023187398910522,0.3854948878288269,0.48240676522254944,-0.039326056838035583,0.40907928347587585,0.4753027856349945,-0.04626460373401642,0.30961108207702637,0.46631523966789246,-0.020531300455331802,0.3456785976886749,0.44693827629089355,-0.03263029083609581,0.37125441431999207,0.43630653619766235,-0.042017024010419846,0.39388924837112427,0.427740216255188,-0.04813516512513161,0.2936423420906067,0.44033536314964294,-0.023453135043382645,0.3133150637149811,0.3989410102367401,-0.035713713616132736,0.3282264471054077,0.37304359674453735,-0.04206165671348572,0.3437504172325134,0.3522695302963257,-0.04576778784394264,4
0.23115003108978271,0.5351585149765015,3.4521752922955784e-07,0.25173720717430115,0.5832943916320801,-0.01711125299334526,0.27964499592781067,0.6125056743621826,-0.025976160541176796,0.3029124140739441,0.6381407380104065,-0.03332911431789398,0.3199385404586792,0.6652622818946838,-0.04062570258975029,0.3180810809135437,0.5348784327507019,-0.017327910289168358,0.35370078682899475,0.5522027015686035,-0.029830001294612885,0.37783288955688477,0.5641570091247559,-0.0404503270983696,0.3981000781059265,0.5727800130844116,-0.04792211577296257,0.3188474774360657,0.4948176145553589,-0.017275657504796982,0.35940077900886536,0.484348863363266,-0.02735067531466484,0.386374831199646,0.47849738597869873,-0.0361899770796299,0.4093954861164093,0.4716470539569855,-0.04282495751976967,0.31060847640037537,0.46263387799263,-0.019206808879971504,0.3467767834663391,0.4430687427520752,-0.030409349128603935,0.3722289502620697,0.4321881830692291,-0.03928493335843086,0.3943103849887848,0.4237064719200134,-0.04508862644433975,0.2947658896446228,0.43694931268692017,-0.022570231929421425,0.3145184814929962,0.39542263746261597,-0.03385385125875473,0.3291322886943817,0.3698965609073639,-0.03949958086013794,0.3437943160533905,0.34979790449142456,-0.042733773589134216,4
0.23177208006381989,0.5331929326057434,3.511528348099091e-07,0.2519197463989258,0.5807238817214966,-0.018232649192214012,0.2795698642730713,0.6107062101364136,-0.02770857885479927,0.30273136496543884,0.6373427510261536,-0.035493362694978714,0.31998080015182495,0.6641716957092285,-0.043164677917957306,0.31858181953430176,0.5346477627754211,-0.018524212762713432,0.3538874387741089,0.5516805052757263,-0.03150462731719017,0.37775203585624695,0.5633449554443359,-0.04246963933110237,0.3982013165950775,0.5716084241867065,-0.05020085349678993,0.31928199529647827,0.4940311908721924,-0.018177976831793785,0.35930153727531433,0.48349660634994507,-0.0289474930614233,0.3863224983215332,0.4773631989955902,-0.03823162242770195,0.4099673330783844,0.47005119919776917,-0.04512835666537285,0.31081530451774597,0.46136149764060974,-0.01989610865712166,0.34634116291999817,0.4415106773376465,-0.031754523515701294,0.37192419171333313,0.43076395988464355,-0.04089255630970001,0.3945763111114502,0.422235906124115,-0.046773511916399,0.2948448956012726,0.43529409170150757,-0.0231451615691185,0.3148486614227295,0.3941652178764343,-0.03485628962516785,0.3295096457004547,0.3686092495918274,-0.04064733907580376,0.34456223249435425,0.3481922149658203,-0.04395657405257225,4
0.23274709284305573,0.5330591201782227,3.482295198864449e-07,0.25264695286750793,0.581017792224884,-0.018760595470666885,0.28037312626838684,0.611433744430542,-0.028561461716890335,0.3040229380130768,0.6376581788063049,-0.03656992316246033,0.3211781978607178,0.6655994057655334,-0.04447269067168236,0.31945592164993286,0.5357077121734619,-0.019320089370012283,0.35454636812210083,0.5522714853286743,-0.032579489052295685,0.3785898685455322,0.5639549493789673,-0.043689124286174774,0.39898863434791565,0.5723971128463745,-0.05153940990567207,0.32050821185112,0.4952860176563263,-0.01883109100162983,0.3606850802898407,0.48407596349716187,-0.029688693583011627,0.38760271668434143,0.477679967880249,-0.038962651044130325,0.41076332330703735,0.4704643785953522,-0.04589113965630531,0.31208336353302,0.4626748263835907,-0.02044171839952469,0.3478602170944214,0.4426422119140625,-0.032448604702949524,0.37304654717445374,0.43134355545043945,-0.04172389954328537,0.39495381712913513,0.4226377010345459,-0.047753579914569855,0.29592034220695496,0.4366685450077057,-0.023611944168806076,0.3153156638145447,0.3949239253997803,-0.035671353340148926,0.3297555446624756,0.3690820038318634,-0.04182276874780655,0.3443371653556824,0.3484059274196625,-0.045387670397758484,4
0.2337520718574524,0.5347110629081726,3.439180318309809e-07,0.25362178683280945,0.5830852389335632,-0.01793658174574375,0.2811414897441864,0.6128522753715515,-0.027184834703803062,0.3046603798866272,0.6388623714447021,-0.034722451120615005,0.3219657242298126,0.6654784083366394,-0.0421564094722271,0.3205970823764801,0.5367977619171143,-0.018389873206615448,0.3563169240951538,0.5542364716529846,-0.031062154099345207,0.38046374917030334,0.5661357045173645,-0.04166450351476669,0.4007425308227539,0.5745915174484253,-0.049136631190776825,0.32153019309043884,0.496529221534729,-0.017949523404240608,0.36201685667037964,0.4860978424549103,-0.02822702005505562,0.3888658285140991,0.4798029661178589,-0.03710343316197395,0.41171398758888245,0.4725796580314636,-0.04377373307943344,0.31314846873283386,0.46397465467453003,-0.019529934972524643,0.3490716814994812,0.4443137049674988,-0.030939340591430664,0.37453168630599976,0.4333193898200989,-0.04002055525779724,0.39662453532218933,0.4248211681842804,-0.04598424211144447,0.2970941662788391,0.4381151497364044,-0.02258905954658985,0.3165404498577118,0.39649498462677,-0.03423008695244789,0.3311116099357605,0.37052756547927856,-0.040265437215566635,0.3458445072174072,0.3498096466064453,-0.04376377910375595,4
0.2338932752609253,0.5347113013267517,3.504138419430092e-07,0.2537434697151184,0.5833743810653687,-0.018482446670532227,0.28139349818229675,0.6131221652030945,-0.027887236326932907,0.3045710027217865,0.6392889022827148,-0.03550482913851738,0.32154589891433716,0.6657342910766602,-0.043031781911849976,0.32072925567626953,0.5373057126998901,-0.019163329154253006,0.3566206693649292,0.5551539659500122,-0.032045718282461166,0.380637526512146,0.5675787925720215,-0.042783018201589584,0.4009287357330322,0.5767191648483276,-0.05034029856324196,0.321458637714386,0.496818870306015,-0.01847667060792446,0.36196112632751465,0.48642343282699585,-0.029150525107979774,0.3891026973724365,0.4799690544605255,-0.03834546357393265,0.41257354617118835,0.47237491607666016,-0.04523143544793129,0.31301525235176086,0.4641479253768921,-0.01981412060558796,0.3486548960208893,0.4447205364704132,-0.03150602802634239,0.3742993175983429,0.4342338740825653,-0.0406806655228138,0.39671212434768677,0.42585065960884094,-0.04665866494178772,0.2971024513244629,0.4380453824996948,-0.02268092706799507,0.31704211235046387,0.39690864086151123,-0.034359317272901535,0.33192533254623413,0.3713056445121765,-0.0403352789580822,0.3471374809741974,0.3507777750492096,-0.043816789984703064,4
0.23459619283676147,0.5319234132766724,3.506980306156038e-07,0.2541322708129883,0.5799248814582825,-0.018193000927567482,0.2813548147678375,0.6095945835113525,-0.027615252882242203,0.3043000102043152,0.6353573799133301,-0.035261958837509155,0.3213908076286316,0.6611970663070679,-0.042838238179683685,0.32080066204071045,0.5340796113014221,-0.0192455742508173,0.35680529475212097,0.5517210364341736,-0.03212098777294159,0.38086768984794617,0.5632920861244202,-0.04275937005877495,0.4011710286140442,0.571600615978241,-0.050245851278305054,0.32148176431655884,0.49340635538101196,-0.0187841709703207,0.3621255159378052,0.4823460578918457,-0.029449982568621635,0.38920858502388,0.4762767553329468,-0.038482315838336945,0.41252660751342773,0.46918824315071106,-0.0451933853328228,0.3129163086414337,0.4608899652957916,-0.020312653854489326,0.3485044836997986,0.44046375155448914,-0.0321025550365448,0.3743121325969696,0.42997217178344727,-0.041269659996032715,0.39692217111587524,0.42184847593307495,-0.04721542075276375,0.296963095664978,0.4352697432041168,-0.023315640166401863,0.3165378272533417,0.3937729597091675,-0.035247284919023514,0.33117398619651794,0.36802130937576294,-0.041300516575574875,0.3461794853210449,0.3474198281764984,-0.04477929323911667,4
0.23496927320957184,0.5312807559967041,3.4269422144461714e-07,0.25484174489974976,0.5788785219192505,-0.017636235803365707,0.2822461724281311,0.6083106994628906,-0.026919858530163765,0.30527177453041077,0.6342459917068481,-0.03458051756024361,0.3226134181022644,0.6608954668045044,-0.04224259778857231,0.3210243582725525,0.5327766537666321,-0.018763437867164612,0.35656723380088806,0.5504482388496399,-0.03180501237511635,0.3805719316005707,0.5622080564498901,-0.04255480691790581,0.40072375535964966,0.5706110596656799,-0.050100814551115036,0.3219428062438965,0.4928034543991089,-0.018695980310440063,0.3626565933227539,0.48198601603507996,-0.029323700815439224,0.38962632417678833,0.47636157274246216,-0.038273438811302185,0.4126499891281128,0.46953290700912476,-0.044951725751161575,0.31342729926109314,0.460698664188385,-0.020625462755560875,0.34900254011154175,0.439996600151062,-0.032372549176216125,0.3745156228542328,0.42914101481437683,-0.041434839367866516,0.396891325712204,0.42062652111053467,-0.04734807088971138,0.29730677604675293,0.43515321612358093,-0.024004913866519928,0.3168516159057617,0.3933399021625519,-0.035917483270168304,0.33149564266204834,0.36778298020362854,-0.041917476803064346,0.34641796350479126,0.3474108874797821,-0.04537809267640114,4
0.23533566296100616,0.5292850136756897,3.451444854363217e-07,0.25502949953079224,0.5758185982704163,-0.01740569807589054,0.2822013199329376,0.6048551797866821,-0.026561547070741653,0.3049590587615967,0.631003737449646,-0.03413044661283493,0.32209426164627075,0.6568393707275391,-0.04167819395661354,0.32229071855545044,0.5313474535942078,-0.018233422189950943,0.35804399847984314,0.548545777797699,-0.03098968416452408,0.3819029927253723,0.5605067014694214,-0.04165492206811905,0.401792049407959,0.5693964958190918,-0.0490872822701931,0.32296082377433777,0.4911304712295532,-0.018139826133847237,0.363465279340744,0.48039934039115906,-0.028347959741950035,0.3904199004173279,0.4747268855571747,-0.03729879483580589,0.4132762551307678,0.46825599670410156,-0.04404546320438385,0.3142119348049164,0.4587840139865875,-0.020022312179207802,0.3499367833137512,0.4389902353286743,-0.03126199543476105,0.3751775920391083,0.42859748005867004,-0.040294304490089417,0.3971570134162903,0.4207857847213745,-0.04628690704703331,0.29790064692497253,0.4330071806907654,-0.023347007110714912,0.3172343671321869,0.3918565809726715,-0.034807804971933365,0.33173853158950806,0.36653345823287964,-0.040665462613105774,0.3465404510498047,0.3466704487800598,-0.04407738894224167,4
0.23393160104751587,0.5320255160331726,3.441335820753011e-07,0.2543841600418091,0.5773547291755676,-0.01729005016386509,0.281744122505188,0.6051027774810791,-0.026336606591939926,0.3041831851005554,0.6305353045463562,-0.03386169672012329,0.321274995803833,0.6554279327392578,-0.04134649783372879,0.32158955931663513,0.5299628376960754,-0.017632845789194107,0.3569198548793793,0.5470055341720581,-0.0305508803576231,0.38093647360801697,0.5591994524002075,-0.04157504439353943,0.40112945437431335,0.5682017207145691,-0.04926595091819763,0.3222232758998871,0.489729106426239,-0.01771191693842411,0.36258965730667114,0.4788758456707001,-0.027877476066350937,0.38953715562820435,0.47309502959251404,-0.03690096735954285,0.4123748242855072,0.46656477451324463,-0.04370727390050888,0.3134526014328003,0.457614004611969,-0.019830986857414246,0.3490847945213318,0.43795153498649597,-0.03099980019032955,0.37444809079170227,0.42727652192115784,-0.03999499976634979,0.3965747058391571,0.41918545961380005,-0.04598112404346466,0.2969115376472473,0.43233978748321533,-0.023426886647939682,0.31629645824432373,0.3911154270172119,-0.0348227359354496,0.3308378756046295,0.36558279395103455,-0.040582336485385895,0.34563231468200684,0.34533995389938354,-0.04393064230680466,4
0.23301106691360474,0.5293353199958801,3.486311186406965e-07,0.25314241647720337,0.5744333863258362,-0.017702167853713036,0.2798006236553192,0.6035637259483337,-0.02724302187561989,0.30236518383026123,0.6296065449714661,-0.035189129412174225,0.3195914030075073,0.65492844581604,-0.04307166114449501,0.3201577663421631,0.5284243822097778,-0.018496636301279068,0.3557141125202179,0.5460184812545776,-0.0315670371055603,0.37957853078842163,0.5580780506134033,-0.04257373511791229,0.3996085226535797,0.56721031665802,-0.05019929260015488,0.321142315864563,0.48837700486183167,-0.018339451402425766,0.36163944005966187,0.4780212938785553,-0.028540991246700287,0.38876599073410034,0.47259920835494995,-0.03755239397287369,0.4116385281085968,0.4666500389575958,-0.04440494254231453,0.3125796616077423,0.4563337564468384,-0.020200733095407486,0.3482345640659332,0.43661952018737793,-0.03132525086402893,0.3734850585460663,0.42675718665122986,-0.04029306769371033,0.3953258991241455,0.41977202892303467,-0.04629472643136978,0.2962160110473633,0.43082162737846375,-0.023557541891932487,0.31540441513061523,0.38945847749710083,-0.03482063114643097,0.3300141394138336,0.36415886878967285,-0.04055440053343773,0.34484967589378357,0.34437525272369385,-0.04392184689640999,4
0.23343884944915771,0.5320132374763489,3.492242228730902e-07,0.25401371717453003,0.5767541527748108,-0.01753311976790428,0.28095078468322754,0.6044048070907593,-0.026716988533735275,0.30366086959838867,0.6300212740898132,-0.034318290650844574,0.32037779688835144,0.6555697917938232,-0.041858334094285965,0.3208479583263397,0.5298943519592285,-0.018107101321220398,0.35630518198013306,0.5477397441864014,-0.030936239287257195,0.38014060258865356,0.5599560141563416,-0.04183149337768555,0.40011486411094666,0.5692660212516785,-0.049440402537584305,0.3217695653438568,0.4896385371685028,-0.017894787713885307,0.3618854284286499,0.4796389937400818,-0.027961060404777527,0.3889234662055969,0.4741452634334564,-0.036887455731630325,0.41187989711761475,0.46824097633361816,-0.04367999732494354,0.3132093548774719,0.45748043060302734,-0.019700923934578896,0.3484751582145691,0.4380229711532593,-0.030669329687952995,0.3737139403820038,0.4286816120147705,-0.03959955647587776,0.395773708820343,0.42236900329589844,-0.045615680515766144,0.29680556058883667,0.4320821166038513,-0.023019377142190933,0.3154023289680481,0.39071527123451233,-0.03421017527580261,0.32985520362854004,0.3656633496284485,-0.040006015449762344,0.3447655439376831,0.3462829887866974,-0.04344526678323746,4
0.23517285287380219,0.5294036269187927,3.450145413808059e-07,0.25508588552474976,0.5733266472816467,-0.01748274266719818,0.281541645526886,0.6008543968200684,-0.026834702119231224,0.3039444386959076,0.6257486343383789,-0.034572821110486984,0.32124438881874084,0.649773120880127,-0.04225919768214226,0.32189416885375977,0.5271419286727905,-0.018544377759099007,0.35755670070648193,0.5452834367752075,-0.0314631350338459,0.3813936710357666,0.5574303865432739,-0.042250338941812515,0.40124085545539856,0.5666900277137756,-0.04975738003849983,0.32268285751342773,0.48717743158340454,-0.018364623188972473,0.3629102110862732,0.47699812054634094,-0.028637729585170746,0.3898473381996155,0.47138917446136475,-0.037646304816007614,0.4126671850681305,0.4653133153915405,-0.04448115825653076,0.31403419375419617,0.455331951379776,-0.02015463076531887,0.34966498613357544,0.4361066520214081,-0.03136928379535675,0.3749972879886627,0.4263676404953003,-0.04035944119095802,0.39704978466033936,0.4197031855583191,-0.04638903588056564,0.2977259159088135,0.43018320202827454,-0.023394789546728134,0.3165193498134613,0.3884959816932678,-0.034870732575654984,0.3310588598251343,0.3631277084350586,-0.040794581174850464,0.34588897228240967,0.3435975909233093,-0.04426790401339531,4
0.7489328980445862,0.4789169430732727,3.288630523456959e-07,0.7539864778518677,0.5405032634735107,-0.018568266183137894,0.7548256516456604,0.6081445217132568,-0.03301387280225754,0.7671864032745361,0.6634303331375122,-0.04663679003715515,0.7873806953430176,0.7022638320922852,-0.061358556151390076,0.6868748664855957,0.6272500157356262,-0.025135444477200508,0.6631913185119629,0.6952258944511414,-0.04067762941122055,0.6486247181892395,0.738093376159668,-0.05291184037923813,0.635291576385498,0.7761632204055786,-0.062324170023202896,0.6689215898513794,0.5961956977844238,-0.028248025104403496,0.6345909833908081,0.6518436074256897,-0.041971661150455475,0.6115818619728088,0.686955451965332,-0.05369247868657112,0.5915553569793701,0.7184045910835266,-0.0627727210521698,0.6609219908714294,0.5540153384208679,-0.03334615379571915,0.6235185861587524,0.5912401080131531,-0.04845026880502701,0.5989996194839478,0.6139287352561951,-0.060043592005968094,0.5777117609977722,0.6379096508026123,-0.06823551654815674,0.66045743227005,0.506188154220581,-0.039842117577791214,0.6258218884468079,0.5086147785186768,-0.0528070293366909,0.6019356846809387,0.5076239705085754,-0.05901627615094185,0.5806151032447815,0.5105987191200256,-0.06353757530450821,4
0.7471919655799866,0.48321589827537537,3.2734683941271214e-07,0.7511757612228394,0.5440194606781006,-0.01771783083677292,0.7513184547424316,0.6122696995735168,-0.031689323484897614,0.7633296251296997,0.6673698425292969,-0.044923435896635056,0.7829819321632385,0.7053520083427429,-0.05930714309215546,0.6835487484931946,0.6291183233261108,-0.02443753555417061,0.6595258116722107,0.6967179775238037,-0.03951184079051018,0.6443977952003479,0.739631712436676,-0.05139189958572388,0.6308218836784363,0.7769812345504761,-0.060551200062036514,0.6654083132743835,0.5976474285125732,-0.02769969403743744,0.6302493810653687,0.6527741551399231,-0.04094922915101051,0.607208788394928,0.6885191798210144,-0.05242666229605675,0.5875910520553589,0.7207698225975037,-0.0612848661839962,0.6573387980461121,0.5557510256767273,-0.032806750386953354,0.6192947030067444,0.5921134352684021,-0.04727732762694359,0.5945415496826172,0.6155441999435425,-0.058714497834444046,0.5732357501983643,0.6402536034584045,-0.06687003374099731,0.6571711897850037,0.5086676478385925,-0.0392252542078495,0.6227115392684937,0.5093848705291748,-0.051569707691669464,0.5988479852676392,0.5082760453224182,-0.05750983580946922,0.5777331590652466,0.5112999081611633,-0.061862051486968994,4
0.746692419052124,0.4820474088191986,3.2803450267238077e-07,0.7511106729507446,0.542655348777771,-0.018145667389035225,0.7510401010513306,0.6103531718254089,-0.032357633113861084,0.7625808119773865,0.6662573218345642,-0.04586807265877724,0.7827482223510742,0.7056319713592529,-0.06064179167151451,0.6836757063865662,0.6286433339118958,-0.02497856505215168,0.6596839427947998,0.6962729692459106,-0.040525805205106735,0.6444644331932068,0.7393873929977417,-0.05276968330144882,0.6305596232414246,0.7773106098175049,-0.06225360557436943,0.6655924320220947,0.597114622592926,-0.0283769890666008,0.6305267214775085,0.6523123383522034,-0.042246513068675995,0.6073477268218994,0.68853360414505,-0.05422035977244377,0.5873969793319702,0.7217198610305786,-0.06350571662187576,0.6578781008720398,0.5550068616867065,-0.033665865659713745,0.6197869777679443,0.5908770561218262,-0.048985134810209274,0.5948518514633179,0.6142460107803345,-0.060912325978279114,0.5733590722084045,0.639063835144043,-0.06935073435306549,0.6580682396888733,0.5077487230300903,-0.0402761809527874,0.6232886910438538,0.508333146572113,-0.053382985293865204,0.5992051362991333,0.5065402984619141,-0.05975775420665741,0.5779452919960022,0.5090442299842834,-0.06444096565246582,4
0.7475766539573669,0.47943437099456787,3.287279923824826e-07,0.7526753544807434,0.5389538407325745,-0.01877259463071823,0.7530814409255981,0.6058536171913147,-0.03331760689616203,0.7650096416473389,0.66009920835495,-0.047009192407131195,0.7851380705833435,0.6981661319732666,-0.06204182654619217,0.6858890056610107,0.6244374513626099,-0.026626259088516235,0.6620307564735413,0.692321240901947,-0.042572278529405594,0.6469400525093079,0.735582172870636,-0.054940130561590195,0.633206307888031,0.7735015749931335,-0.06443986296653748,0.667687714099884,0.593116819858551,-0.029764896258711815,0.6325618624687195,0.649603545665741,-0.043839231133461,0.6092761158943176,0.6860777735710144,-0.05577374994754791,0.5891786813735962,0.7191418409347534,-0.06504394859075546,0.6599244475364685,0.551225483417511,-0.03480411693453789,0.6217175126075745,0.5879771709442139,-0.05047933757305145,0.5966330170631409,0.611049473285675,-0.06266671419143677,0.5751080513000488,0.6352488994598389,-0.07123025506734848,0.659866988658905,0.504091739654541,-0.04116421937942505,0.6247509121894836,0.5048810243606567,-0.05469368398189545,0.6006661653518677,0.5028626322746277,-0.0613577738404274,0.5794824361801147,0.505260705947876,-0.06622330844402313,4
0.7501339316368103,0.4775674045085907,3.278207429957547e-07,0.7551147937774658,0.5364004969596863,-0.0187560822814703,0.7558278441429138,0.6033815145492554,-0.033625997602939606,0.7676019668579102,0.6575019359588623,-0.04756014794111252,0.7879254817962646,0.6951001882553101,-0.0628306046128273,0.6892975568771362,0.6220158338546753,-0.02806955948472023,0.6648705005645752,0.6899934411048889,-0.044278115034103394,0.6497079133987427,0.7329391241073608,-0.05663369223475456,0.6358581185340881,0.7710570096969604,-0.0660850927233696,0.6710678339004517,0.5904916524887085,-0.031246734783053398,0.6361393332481384,0.6465076208114624,-0.04559081420302391,0.6128739714622498,0.6827530860900879,-0.057452648878097534,0.5926415324211121,0.715978741645813,-0.06670669466257095,0.6633394956588745,0.5485531091690063,-0.03617899864912033,0.6249986290931702,0.5852969288825989,-0.05196751281619072,0.5997594594955444,0.6082919836044312,-0.0639859214425087,0.5782428979873657,0.6325215101242065,-0.07248087972402573,0.6634349226951599,0.5015878081321716,-0.0423956960439682,0.628163754940033,0.5025746822357178,-0.0561702661216259,0.6039717197418213,0.500521719455719,-0.062812440097332,0.5827693343162537,0.5030162334442139,-0.0676410123705864,4
0.7504521012306213,0.4773760437965393,3.372294088421768e-07,0.7551287412643433,0.5362213850021362,-0.018822748214006424,0.7556303143501282,0.6024486422538757,-0.03369510546326637,0.7676596641540527,0.6571342945098877,-0.04766608774662018,0.7876369953155518,0.6958567500114441,-0.06289517134428024,0.6894015669822693,0.6208809614181519,-0.02721562795341015,0.6653374433517456,0.6882139444351196,-0.043268993496894836,0.6502587199211121,0.7306419610977173,-0.05559716373682022,0.6362974047660828,0.7685408592224121,-0.06508971005678177,0.6714502573013306,0.5891723036766052,-0.030386922881007195,0.6364954710006714,0.643872857093811,-0.04468463361263275,0.6132538318634033,0.6793578267097473,-0.056624412536621094,0.5930279493331909,0.7122644186019897,-0.06589377671480179,0.6639582514762878,0.5471506714820862,-0.035394083708524704,0.6261597275733948,0.5828834772109985,-0.051106713712215424,0.6009579300880432,0.606187641620636,-0.06312023103237152,0.5791794061660767,0.6311853528022766,-0.07161575555801392,0.6642364263534546,0.5003736615180969,-0.041719287633895874,0.6298078894615173,0.5004346370697021,-0.055320851504802704,0.6057497262954712,0.4988333582878113,-0.06196502223610878,0.5843715667724609,0.5019132494926453,-0.06682569533586502,4
0.7524036169052124,0.4806213080883026,3.324169881580019e-07,0.7567539215087891,0.5391820669174194,-0.01917312666773796,0.7571285963058472,0.6054931282997131,-0.03403030335903168,0.7692641019821167,0.6608671545982361,-0.04781762510538101,0.7885260581970215,0.7004483938217163,-0.06277250498533249,0.690689742565155,0.6230027675628662,-0.027210300788283348,0.6662957668304443,0.6898055672645569,-0.042848456650972366,0.6512437462806702,0.7318064570426941,-0.05487973242998123,0.637479841709137,0.7689247131347656,-0.06411018967628479,0.6727046966552734,0.5906952023506165,-0.029962170869112015,0.6375938653945923,0.6444717645645142,-0.043767813593149185,0.6142516732215881,0.6796231865882874,-0.05549684166908264,0.5937731266021729,0.7119954228401184,-0.06461760401725769,0.6653477549552917,0.5486854314804077,-0.03455255553126335,0.6275375485420227,0.5831990838050842,-0.04975445568561554,0.602289080619812,0.6052107810974121,-0.06152267009019852,0.5802955031394958,0.6288928389549255,-0.0698937252163887,0.6658076643943787,0.5021883845329285,-0.04049178585410118,0.631881058216095,0.501130998134613,-0.05367957055568695,0.6082586050033569,0.4990021288394928,-0.06006168574094772,0.5871937274932861,0.5015271902084351,-0.06471779197454453,4
0.755834698677063,0.48251187801361084,3.2302804697792453e-07,0.7602973580360413,0.5426667928695679,-0.018937261775135994,0.7606666088104248,0.6097777485847473,-0.03379088640213013,0.7719336748123169,0.6657977104187012,-0.04763315990567207,0.7897297143936157,0.7060116529464722,-0.06265781074762344,0.6935306787490845,0.6247413158416748,-0.027495132759213448,0.6688126921653748,0.6912751793861389,-0.04372376203536987,0.6534643173217773,0.7332257032394409,-0.0560636930167675,0.6394627094268799,0.7702627182006836,-0.06544727087020874,0.6758959293365479,0.5923787355422974,-0.03047342225909233,0.640354335308075,0.6455895304679871,-0.04472600296139717,0.6167129874229431,0.6799314022064209,-0.05641958862543106,0.5961338877677917,0.7114866971969604,-0.06551418453454971,0.6688272356987,0.55036860704422,-0.03534920513629913,0.6306448578834534,0.5851023197174072,-0.05123104527592659,0.6051077842712402,0.6068478226661682,-0.063156358897686,0.5831141471862793,0.6299942135810852,-0.07155376672744751,0.6697033643722534,0.5035794973373413,-0.04153520613908768,0.6352354288101196,0.5017863512039185,-0.05566354840993881,0.6112497448921204,0.4988095164299011,-0.06257801502943039,0.5900357365608215,0.5006124973297119,-0.06750529259443283,4
0.756877064704895,0.4840352237224579,3.230270806398039e-07,0.7617619633674622,0.5442783236503601,-0.0188307948410511,0.7618285417556763,0.6118717789649963,-0.033386100083589554,0.772354781627655,0.667693018913269,-0.04693574830889702,0.7907695174217224,0.7074465155601501,-0.06169591844081879,0.6955155730247498,0.6263812184333801,-0.02757653407752514,0.6708562970161438,0.6932150721549988,-0.04373786598443985,0.6554201245307922,0.7357438802719116,-0.056030869483947754,0.6411871314048767,0.7732844948768616,-0.06543733179569244,0.6780933141708374,0.594175398349762,-0.030572067946195602,0.6426106691360474,0.6476591229438782,-0.0446816012263298,0.6188836693763733,0.6820695996284485,-0.056247249245643616,0.5979816913604736,0.7133822441101074,-0.06529098749160767,0.6709226965904236,0.5522404909133911,-0.03542657569050789,0.6327290534973145,0.586692214012146,-0.05097110942006111,0.6072537899017334,0.6085497736930847,-0.0627308264374733,0.5851519107818604,0.6317010521888733,-0.0711076408624649,0.6715037822723389,0.5053156018257141,-0.04163051396608353,0.6370723843574524,0.5038451552391052,-0.055469971150159836,0.6130881309509277,0.5010002255439758,-0.06232370808720589,0.5916095972061157,0.5026353597640991,-0.06728683412075043,4
0.7572689652442932,0.48739224672317505,3.345213031025196e-07,0.7622864842414856,0.5470419526100159,-0.020200878381729126,0.7619261741638184,0.6142292022705078,-0.03532860428094864,0.7717422246932983,0.6704361438751221,-0.049153052270412445,0.7897684574127197,0.7108302116394043,-0.06413218379020691,0.6951839923858643,0.6271745562553406,-0.02905239537358284,0.6703206896781921,0.6935414671897888,-0.0453055277466774,0.6546555161476135,0.7352892756462097,-0.05754153057932854,0.6401772499084473,0.7724570631980896,-0.06697648763656616,0.6778131723403931,0.5941784977912903,-0.031532179564237595,0.6420886516571045,0.6470620632171631,-0.0461287759244442,0.6183062791824341,0.6808520555496216,-0.05806821957230568,0.5971149206161499,0.7119713425636292,-0.06736594438552856,0.6710191965103149,0.5520846247673035,-0.03592798858880997,0.6331724524497986,0.5856714248657227,-0.052198320627212524,0.6075828075408936,0.6069733500480652,-0.06459604203701019,0.5851014256477356,0.6298192739486694,-0.07333233952522278,0.6718816161155701,0.5057266354560852,-0.04171619936823845,0.637690544128418,0.5038594007492065,-0.05617150291800499,0.6138399839401245,0.5001828670501709,-0.0635797530412674,0.5923071503639221,0.5012251138687134,-0.06894402951002121,4
0.758997917175293,0.48922860622406006,3.195179374415602e-07,0.7637324929237366,0.5496090650558472,-0.01815832033753395,0.7631493210792542,0.6176978349685669,-0.032219305634498596,0.7729136943817139,0.673718273639679,-0.04540248587727547,0.791285514831543,0.7140243053436279,-0.05982491746544838,0.696813702583313,0.6311786770820618,-0.02649206854403019,0.6723485589027405,0.6972255110740662,-0.04216636344790459,0.6570420265197754,0.7391207218170166,-0.05403650179505348,0.6430429220199585,0.7765809893608093,-0.06329579651355743,0.6796090602874756,0.5986729264259338,-0.030037812888622284,0.6440062522888184,0.6516779065132141,-0.044178951531648636,0.6202199459075928,0.685495138168335,-0.055921122431755066,0.599172830581665,0.7169390916824341,-0.06511806696653366,0.6729927659034729,0.5566405057907104,-0.035436369478702545,0.6351161003112793,0.5906319618225098,-0.051687873899936676,0.6095162034034729,0.6117413640022278,-0.06405944377183914,0.5869635343551636,0.6348512768745422,-0.07277534902095795,0.6741560697555542,0.5098299384117126,-0.042041465640068054,0.6396852135658264,0.5071855187416077,-0.056542038917541504,0.615447461605072,0.5037665367126465,-0.06392404437065125,0.5935884118080139,0.5056152939796448,-0.06932246685028076,4
0.7576940059661865,0.4893866777420044,3.249327562571125e-07,0.7622851133346558,0.5496887564659119,-0.01917508989572525,0.7620201706886292,0.6162987947463989,-0.033956218510866165,0.7715237140655518,0.6723099946975708,-0.04765351116657257,0.7897053956985474,0.712614119052887,-0.06244392320513725,0.6957637667655945,0.6302731037139893,-0.02752336487174034,0.6714092493057251,0.6962560415267944,-0.04390159994363785,0.6558095812797546,0.7384127974510193,-0.05626324191689491,0.6415465474128723,0.7758098840713501,-0.06571319699287415,0.6786505579948425,0.5975439548492432,-0.030542606487870216,0.6432720422744751,0.649575412273407,-0.045001570135354996,0.6196644902229309,0.6827098727226257,-0.05652725324034691,0.5989809036254883,0.7127280831336975,-0.06546217948198318,0.6719872951507568,0.5552231073379517,-0.03554363176226616,0.6341772079467773,0.5883664488792419,-0.051604390144348145,0.6088694930076599,0.6100069880485535,-0.06342024356126785,0.5866624116897583,0.6330825686454773,-0.07174307107925415,0.673260509967804,0.5083651542663574,-0.04192085191607475,0.6393221616744995,0.5065141916275024,-0.05611345171928406,0.6155061721801758,0.5038520693778992,-0.0631517544388771,0.5938012003898621,0.505589485168457,-0.0682520940899849,4
0.7556989789009094,0.4912796914577484,3.326098294564872e-07,0.7604730129241943,0.5513403415679932,-0.01966971531510353,0.7604097127914429,0.6180630326271057,-0.034771181643009186,0.7697449326515198,0.674536943435669,-0.04869205132126808,0.7871842384338379,0.7155213356018066,-0.06370232999324799,0.6939096450805664,0.6313589811325073,-0.02828281931579113,0.669387936592102,0.6974726915359497,-0.04461819306015968,0.6540206074714661,0.7389927506446838,-0.05693177133798599,0.6398079991340637,0.7757651805877686,-0.06638713926076889,0.6767861247062683,0.598608672618866,-0.031053708866238594,0.6409683227539062,0.6512937545776367,-0.045597318559885025,0.617446780204773,0.6845256686210632,-0.057415302842855453,0.5966065526008606,0.7149786949157715,-0.0665847659111023,0.6701704263687134,0.556311309337616,-0.035756323486566544,0.6323930621147156,0.5894420742988586,-0.051940254867076874,0.6071827411651611,0.6100881099700928,-0.0639839693903923,0.5848343372344971,0.6323255300521851,-0.07247722148895264,0.6714499592781067,0.509390652179718,-0.0418330654501915,0.6374185085296631,0.5063835382461548,-0.0561721995472908,0.6136610507965088,0.5024073123931885,-0.06334421038627625,0.5919947624206543,0.5032196044921875,-0.06852114945650101,4
0.7546315789222717,0.4972492754459381,3.2696601692805416e-07,0.7593436241149902,0.5571277737617493,-0.020014217123389244,0.7590993046760559,0.6230775713920593,-0.0353848822414875,0.7680220603942871,0.6795291900634766,-0.0494697131216526,0.7846888899803162,0.721744179725647,-0.0646294429898262,0.6926740407943726,0.6367835402488708,-0.029150981456041336,0.6682775616645813,0.7022812366485596,-0.0459708571434021,0.6527377963066101,0.7440069317817688,-0.05855921655893326,0.6385228633880615,0.7812691926956177,-0.06818846613168716,0.675837516784668,0.6038464903831482,-0.031940847635269165,0.6406229138374329,0.656333327293396,-0.04720538109540939,0.6169285774230957,0.6893048286437988,-0.059336692094802856,0.5958166122436523,0.7196027040481567,-0.06866602599620819,0.6696237325668335,0.5614789128303528,-0.03666511923074722,0.6322559118270874,0.5939114093780518,-0.05367167666554451,0.606566309928894,0.6148829460144043,-0.0659436509013176,0.5837523937225342,0.6375374794006348,-0.07449191808700562,0.6710190773010254,0.5145144462585449,-0.042728714644908905,0.6367589831352234,0.5120524764060974,-0.05764712020754814,0.6130055785179138,0.5083482265472412,-0.0649036169052124,0.5913884043693542,0.5095859169960022,-0.0700996145606041,4
0.636902928352356,0.6879813075065613,3.968559383338288e-07,0.5835931301116943,0.6475259065628052,-0.012800277210772038,0.545540452003479,0.5467069745063782,-0.017303651198744774,0.531786322593689,0.4651164710521698,-0.022102734073996544,0.5194759368896484,0.3996763527393341,-0.02712978422641754,0.5688859224319458,0.4273945987224579,-0.00818487349897623,0.5617327690124512,0.3224596381187439,-0.02363428846001625,0.5542674660682678,0.25652962923049927,-0.03653022646903992,0.5470056533813477,0.2020532786846161,-0.046648554503917694,0.5947628021240234,0.42018043994903564,-0.01672486402094364,0.5927832722663879,0.29437702894210815,-0.0311632938683033,0.5896170735359192,0.21287810802459717,-0.045022152364254,0.5866539478302002,0.14528214931488037,-0.055170655250549316,0.6193298101425171,0.4397900700569153,-0.02828315459191799,0.6222252249717712,0.316611647605896,-0.04704385995864868,0.6252514123916626,0.24109993875026703,-0.06157549098134041,0.627490758895874,0.17319053411483765,-0.07192355394363403,0.6428399085998535,0.48135021328926086,-0.041024867445230484,0.6605885028839111,0.4063684940338135,-0.06229538470506668,0.672930896282196,0.35173505544662476,-0.07348986715078354,0.6841864585876465,0.2991097569465637,-0.08077932894229889,4
0.6406903266906738,0.6887636184692383,3.890720279287052e-07,0.587265133857727,0.6483617424964905,-0.012833582237362862,0.5493001341819763,0.5457249879837036,-0.01682674139738083,0.5357642769813538,0.46332210302352905,-0.02115323208272457,0.5231083631515503,0.3996613621711731,-0.025745300576090813,0.5735801458358765,0.42718496918678284,-0.007553998380899429,0.5665682554244995,0.32274144887924194,-0.022877903655171394,0.5593315362930298,0.25695908069610596,-0.0358549989759922,0.5522858500480652,0.20237886905670166,-0.046070460230112076,0.5994155406951904,0.41967520117759705,-0.015969861298799515,0.5969542860984802,0.2944997549057007,-0.030490169301629066,0.5938805937767029,0.21281632781028748,-0.04458194971084595,0.5910988450050354,0.1446762979030609,-0.05487283691763878,0.6239949464797974,0.438405841588974,-0.02746935933828354,0.6264386773109436,0.3162708878517151,-0.04636729508638382,0.6296446919441223,0.24092914164066315,-0.061251360923051834,0.6321353912353516,0.17308756709098816,-0.07178974896669388,0.6475914716720581,0.47844213247299194,-0.04017835482954979,0.664737343788147,0.40402957797050476,-0.061492301523685455,0.6771607995033264,0.3500145971775055,-0.07296577095985413,0.688568651676178,0.2977488040924072,-0.0804905816912651,4
0.644996702671051,0.6889464259147644,3.887570017013786e-07,0.5907229781150818,0.6495012044906616,-0.012536639347672462,0.5522845387458801,0.5472308993339539,-0.016338100656867027,0.5386234521865845,0.46547839045524597,-0.020492952316999435,0.5261428356170654,0.4016168713569641,-0.024971434846520424,0.5763872265815735,0.42641860246658325,-0.007081716321408749,0.5693846940994263,0.32291555404663086,-0.02206297218799591,0.5621671676635742,0.25731050968170166,-0.03485126048326492,0.5552816987037659,0.20309162139892578,-0.045034267008304596,0.6022734045982361,0.4189366102218628,-0.015653466805815697,0.6002659797668457,0.2945175766944885,-0.029920248314738274,0.5973966121673584,0.21331104636192322,-0.04387039318680763,0.5948425531387329,0.1453346610069275,-0.05415111407637596,0.626762330532074,0.43822038173675537,-0.02733851782977581,0.62973952293396,0.3162173628807068,-0.046242233365774155,0.6327856183052063,0.2406436949968338,-0.06125590577721596,0.6351200938224792,0.1720392107963562,-0.07198619097471237,0.6501648426055908,0.47897738218307495,-0.04019248113036156,0.667617917060852,0.4038785994052887,-0.06169254705309868,0.6799497604370117,0.34928011894226074,-0.07336524873971939,0.6912648677825928,0.2957984209060669,-0.08110380917787552,4
0.6451634168624878,0.6872119307518005,3.8489088183268905e-07,0.5916286706924438,0.6476243734359741,-0.012283852323889732,0.5529646277427673,0.5455197095870972,-0.015924012288451195,0.5396757125854492,0.46370983123779297,-0.019929135218262672,0.5280170440673828,0.40058183670043945,-0.02425386942923069,0.5778177380561829,0.4248358905315399,-0.007200565189123154,0.5710349082946777,0.3214218318462372,-0.022120323032140732,0.5639122128486633,0.25607264041900635,-0.03477424010634422,0.5571393370628357,0.20189079642295837,-0.044862277805805206,0.6037174463272095,0.41776153445243835,-0.01576096937060356,0.6015917062759399,0.2934342622756958,-0.030072171241044998,0.5988566875457764,0.21241097152233124,-0.043926339596509933,0.5965235829353333,0.1445940136909485,-0.05410457029938698,0.628295361995697,0.4370919466018677,-0.027370311319828033,0.630846381187439,0.3156265318393707,-0.04628116637468338,0.6340898275375366,0.2404877245426178,-0.06119442731142044,0.6367026567459106,0.17250198125839233,-0.07179713249206543,0.6517983675003052,0.47767993807792664,-0.040116649121046066,0.6687013506889343,0.40245819091796875,-0.06167779490351677,0.6808475852012634,0.3481100797653198,-0.0734134241938591,0.6920728087425232,0.295005202293396,-0.0811627060174942,4
0.6443771719932556,0.6847650408744812,3.8060528595451615e-07,0.5907339453697205,0.6441787481307983,-0.012391520664095879,0.5527336597442627,0.5441445112228394,-0.016369065269827843,0.5394498109817505,0.46369561553001404,-0.020759698003530502,0.5271813869476318,0.40120336413383484,-0.025462811812758446,0.578102707862854,0.422731876373291,-0.0071373688988387585,0.5714950561523438,0.3197407126426697,-0.022356819361448288,0.5644572973251343,0.254935622215271,-0.03536015748977661,0.5576299428939819,0.20099332928657532,-0.04571359232068062,0.6037530899047852,0.4158968925476074,-0.0157586969435215,0.6016553044319153,0.2921024560928345,-0.030375570058822632,0.5990698933601379,0.21171030402183533,-0.04449329525232315,0.596790075302124,0.14391714334487915,-0.05488298460841179,0.6279892325401306,0.4353574514389038,-0.02749001979827881,0.6305591464042664,0.3139873743057251,-0.04661291092634201,0.633974015712738,0.23928828537464142,-0.06169644743204117,0.6366435289382935,0.17135730385780334,-0.072441466152668,0.6514121890068054,0.4758417308330536,-0.040387194603681564,0.6682065725326538,0.40134644508361816,-0.062086716294288635,0.6798914670944214,0.34738728404045105,-0.07399937510490417,0.6905800104141235,0.29417192935943604,-0.0819222629070282,4
0.6441828012466431,0.6851012706756592,3.6346645515550335e-07,0.5900396704673767,0.6455428004264832,-0.011792903766036034,0.5519951581954956,0.5433029532432556,-0.014828981831669807,0.5385750532150269,0.4628550410270691,-0.018314560875296593,0.5246386528015137,0.4030840992927551,-0.022132674232125282,0.5774309635162354,0.4245088994503021,-0.00595965888351202,0.5708492994308472,0.32222098112106323,-0.020616618916392326,0.5636082291603088,0.2580728530883789,-0.03318091109395027,0.5565404891967773,0.20458343625068665,-0.04329546540975571,0.602750301361084,0.41675472259521484,-0.01453888788819313,0.6006922125816345,0.29430001974105835,-0.028669873252511024,0.5982330441474915,0.21438902616500854,-0.04227686673402786,0.5962039232254028,0.14722904562950134,-0.052336059510707855,0.6265748739242554,0.43552514910697937,-0.026247384026646614,0.6293193697929382,0.31485533714294434,-0.0447743684053421,0.6325465440750122,0.24083895981311798,-0.05932695418596268,0.6351656317710876,0.17363762855529785,-0.06978804618120193,0.6496312022209167,0.47534334659576416,-0.03913845866918564,0.6656893491744995,0.40161508321762085,-0.06033579260110855,0.6761340498924255,0.34678080677986145,-0.07211198657751083,0.6857377886772156,0.2927013039588928,-0.08007372915744781,4
0.6434115171432495,0.6855496764183044,3.6099541489420517e-07,0.5898783206939697,0.6459447145462036,-0.01144934818148613,0.5523965358734131,0.5442391633987427,-0.01445471215993166,0.5392323136329651,0.46426787972450256,-0.01796392910182476,0.5255458950996399,0.404123991727829,-0.021818529814481735,0.5776374340057373,0.4269047975540161,-0.006091926712542772,0.570999264717102,0.3243795335292816,-0.020719116553664207,0.5638476610183716,0.2603515684604645,-0.03313435614109039,0.5567289590835571,0.2071530818939209,-0.043052807450294495,0.6025757789611816,0.419296532869339,-0.014760162681341171,0.6005278825759888,0.29646730422973633,-0.02869519405066967,0.597977340221405,0.21665124595165253,-0.04196157678961754,0.5957209467887878,0.15008383989334106,-0.05173351243138313,0.6261788606643677,0.43805763125419617,-0.026489749550819397,0.6288586258888245,0.31695711612701416,-0.04460156336426735,0.6320027112960815,0.24312938749790192,-0.05864011123776436,0.6344892978668213,0.1763487160205841,-0.06875436007976532,0.6491024494171143,0.47796809673309326,-0.03939618170261383,0.6649641990661621,0.4044240117073059,-0.06015516445040703,0.6754750609397888,0.34948718547821045,-0.07148461043834686,0.6853115558624268,0.29586613178253174,-0.07911407947540283,4
0.6452337503433228,0.6854673624038696,3.64087952675618e-07,0.5918930172920227,0.6460860967636108,-0.011676222085952759,0.5538365840911865,0.5434210896492004,-0.014154856093227863,0.5406159162521362,0.46278220415115356,-0.017024347558617592,0.5282992720603943,0.4022582173347473,-0.020196663215756416,0.5800155997276306,0.4257090091705322,-0.005134611390531063,0.5732125639915466,0.3239460587501526,-0.01902180165052414,0.566028892993927,0.26008516550064087,-0.031098945066332817,0.5592594146728516,0.20679166913032532,-0.04079609364271164,0.6052444577217102,0.4179571866989136,-0.013300878927111626,0.6031488180160522,0.29586300253868103,-0.02639051154255867,0.6006070375442505,0.21626810729503632,-0.0393199548125267,0.5986415147781372,0.14950180053710938,-0.04890786111354828,0.6288960576057434,0.4357788860797882,-0.024599280208349228,0.6320546865463257,0.315904438495636,-0.04208341985940933,0.6352125406265259,0.2420078068971634,-0.056023091077804565,0.6377568244934082,0.17523831129074097,-0.0660925880074501,0.6514379978179932,0.47418832778930664,-0.03711497038602829,0.6672819256782532,0.40063831210136414,-0.057244498282670975,0.6782624125480652,0.346774697303772,-0.06826750934123993,0.6885108947753906,0.2942349910736084,-0.07569857686758041,4
0.6478313207626343,0.6857529878616333,3.6957464999431977e-07,0.5947740077972412,0.645149827003479,-0.012424744665622711,0.5574278831481934,0.5436015725135803,-0.01592334173619747,0.5447195172309875,0.4625391364097595,-0.01975630782544613,0.5331166982650757,0.39935389161109924,-0.02378898113965988,0.5830743312835693,0.4264264404773712,-0.0058506084606051445,0.5773082971572876,0.3231527805328369,-0.02036157064139843,0.5705098509788513,0.2585487961769104,-0.03284483030438423,0.5637066960334778,0.20463579893112183,-0.04274861142039299,0.6082488298416138,0.4185093343257904,-0.01383758895099163,0.6071361899375916,0.2951590120792389,-0.027386480942368507,0.6050570011138916,0.2150835245847702,-0.04058559238910675,0.6031051874160767,0.14782929420471191,-0.05035848170518875,0.6317230463027954,0.43625587224960327,-0.02499927394092083,0.6352235674858093,0.31588804721832275,-0.042610518634319305,0.6389411687850952,0.24158607423305511,-0.05635034665465355,0.6416451930999756,0.17449083924293518,-0.06625106930732727,0.6544214487075806,0.47455108165740967,-0.03745762258768082,0.6701096892356873,0.40029120445251465,-0.05722483620047569,0.6807809472084045,0.34607255458831787,-0.067769855260849,0.6904063820838928,0.2934449315071106,-0.07488048076629639,4
0.648621141910553,0.6849385499954224,3.66582554534034e-07,0.5956510901451111,0.6431677341461182,-0.011910518631339073,0.5593933463096619,0.5412928462028503,-0.015438157133758068,0.5470328330993652,0.4606561064720154,-0.019416216760873795,0.5349608659744263,0.3979894816875458,-0.0236701387912035,0.585881233215332,0.42578279972076416,-0.0062336684204638,0.580701470375061,0.3227123022079468,-0.021045010536909103,0.574442446231842,0.2582480311393738,-0.03363596647977829,0.5681392550468445,0.20411774516105652,-0.04366592317819595,0.6107923984527588,0.4181586503982544,-0.014732446521520615,0.6104503273963928,0.2949371933937073,-0.02868686430156231,0.6089059114456177,0.21470828354358673,-0.04203987121582031,0.6074527502059937,0.14713221788406372,-0.05192231014370918,0.6339092254638672,0.43667975068092346,-0.026328308507800102,0.6381450295448303,0.31576767563819885,-0.044255051761865616,0.6422766447067261,0.2419862449169159,-0.05800195783376694,0.6454103589057922,0.17509979009628296,-0.06792540103197098,0.6561546325683594,0.4761732518672943,-0.03917136788368225,0.6722016334533691,0.40258854627609253,-0.05933217331767082,0.6828355193138123,0.3483124375343323,-0.07009387761354446,0.6924835443496704,0.29554417729377747,-0.07736604660749435,4
0.6504042744636536,0.6859239935874939,3.6613093357118487e-07,0.5966593623161316,0.644290566444397,-0.011715072207152843,0.559995710849762,0.54241943359375,-0.014808308333158493,0.5473000407218933,0.4619057774543762,-0.018298417329788208,0.5351258516311646,0.4002249538898468,-0.022107725962996483,0.5870068073272705,0.4264151155948639,-0.006105147767812014,0.5818526744842529,0.3240188956260681,-0.020674020051956177,0.5752034783363342,0.25958681106567383,-0.033161360770463943,0.5685559511184692,0.20533713698387146,-0.04320486634969711,0.6120312213897705,0.41940855979919434,-0.014548267237842083,0.6114593148231506,0.2968915104866028,-0.028463304042816162,0.6095178723335266,0.2166765332221985,-0.04188529774546623,0.6077345013618469,0.14891386032104492,-0.05187664553523064,0.6352789998054504,0.4383566379547119,-0.026066208258271217,0.6395387053489685,0.31822261214256287,-0.04404199868440628,0.643404483795166,0.24419717490673065,-0.05809120833873749,0.6463578343391418,0.1770208775997162,-0.06826119124889374,0.6575174927711487,0.4778359830379486,-0.038792144507169724,0.6731823086738586,0.40419596433639526,-0.05926956981420517,0.6834548115730286,0.349494069814682,-0.07053267955780029,0.6929656267166138,0.29595333337783813,-0.07819312065839767,4
0.6493458151817322,0.6848081946372986,3.660853451492585e-07,0.5961753129959106,0.6428551077842712,-0.011560331098735332,0.5596893429756165,0.5406301021575928,-0.014759163372218609,0.5468737483024597,0.4605053961277008,-0.018457181751728058,0.5350568294525146,0.39890894293785095,-0.022537359967827797,0.5862622857093811,0.425234317779541,-0.005919677205383778,0.5808324813842773,0.3228036165237427,-0.020498741418123245,0.574073314666748,0.2583535313606262,-0.033000215888023376,0.567410945892334,0.2040022909641266,-0.0430561900138855,0.6109376549720764,0.41778460144996643,-0.014408822171390057,0.6102068424224854,0.294589638710022,-0.028232038021087646,0.6081353425979614,0.2140018492937088,-0.041734132915735245,0.6061627268791199,0.14588478207588196,-0.05184771865606308,0.6339897513389587,0.4361148476600647,-0.025960730388760567,0.6381904482841492,0.31602317094802856,-0.04352043569087982,0.641952395439148,0.2413584142923355,-0.057625483721494675,0.6444594860076904,0.17388787865638733,-0.06796324998140335,0.6561391353607178,0.4749062657356262,-0.03872748836874962,0.6713741421699524,0.4001357853412628,-0.05837292596697807,0.6810109615325928,0.34442535042762756,-0.06938482075929642,0.6894984841346741,0.29026007652282715,-0.07709572464227676,4
0.6479867100715637,0.6814734935760498,3.597540398914134e-07,0.5948222279548645,0.6394706964492798,-0.011457911692559719,0.5583363771438599,0.5391931533813477,-0.014795140363276005,0.546051561832428,0.46008703112602234,-0.01860601082444191,0.5345194339752197,0.39824044704437256,-0.022662319242954254,0.5847566723823547,0.4226599931716919,-0.0057568298652768135,0.579311192035675,0.3200390934944153,-0.02026558481156826,0.5726133584976196,0.2561238408088684,-0.03265663608908653,0.5660156011581421,0.20244169235229492,-0.042526863515377045,0.6092035174369812,0.41497236490249634,-0.01405404508113861,0.6081812381744385,0.2923489809036255,-0.02761046215891838,0.6062681078910828,0.2126578688621521,-0.04071469232439995,0.6045814156532288,0.14564180374145508,-0.05051612854003906,0.6321417093276978,0.43275418877601624,-0.02542704902589321,0.6361563205718994,0.31328248977661133,-0.0425572507083416,0.6400058269500732,0.23952043056488037,-0.0562051497399807,0.6426022052764893,0.17309170961380005,-0.06621162593364716,0.6544561982154846,0.47086286544799805,-0.03803997486829758,0.6693457961082458,0.39651480317115784,-0.05729302391409874,0.6781406402587891,0.3410485088825226,-0.06808001548051834,0.6856944561004639,0.2871516942977905,-0.07559854537248611,4
0.6476825475692749,0.6826560497283936,3.5379267160351446e-07,0.59449303150177,0.6421308517456055,-0.011578009463846684,0.5576210618019104,0.54054194688797,-0.014730981551110744,0.5453717708587646,0.4602622985839844,-0.018311670050024986,0.5334108471870422,0.39847150444984436,-0.02216832898557186,0.5834157466888428,0.4234253466129303,-0.005621862132102251,0.5781094431877136,0.32141077518463135,-0.020015504211187363,0.5713937878608704,0.25763848423957825,-0.03240378946065903,0.5646969676017761,0.2040831446647644,-0.04230561852455139,0.6081037521362305,0.4154367446899414,-0.01392064057290554,0.6072027087211609,0.2928104102611542,-0.02734140120446682,0.6051321625709534,0.2129441797733307,-0.0403708815574646,0.6032243967056274,0.1458280086517334,-0.05012074112892151,0.6312363147735596,0.4333949387073517,-0.025326551869511604,0.6353086829185486,0.3134445250034332,-0.042468611150979996,0.6391162276268005,0.23927919566631317,-0.05610724166035652,0.6416184902191162,0.17236924171447754,-0.06611515581607819,0.6537202000617981,0.4718937873840332,-0.03797771409153938,0.668133020401001,0.39682096242904663,-0.05728672444820404,0.6769596338272095,0.34163346886634827,-0.06790945678949356,0.6845556497573853,0.2879719138145447,-0.0752977654337883,4
0.64762943983078,0.6826763153076172,3.534094616952643e-07,0.5949307680130005,0.6419228315353394,-0.011923212558031082,0.5590197443962097,0.540323793888092,-0.015217001549899578,0.5471938848495483,0.45998716354370117,-0.018964018672704697,0.5354176759719849,0.3976636230945587,-0.023046722635626793,0.585665225982666,0.423250287771225,-0.0056394110433757305,0.5801153182983398,0.32147204875946045,-0.02019454352557659,0.5731028318405151,0.25757259130477905,-0.032826341688632965,0.5660895705223083,0.20367711782455444,-0.04295504465699196,0.6099317669868469,0.41561633348464966,-0.013926473446190357,0.6090433597564697,0.2933749854564667,-0.02762843482196331,0.6068658232688904,0.21359887719154358,-0.040994416922330856,0.6047554016113281,0.14603620767593384,-0.051000144332647324,0.6326171159744263,0.4337809681892395,-0.025363506749272346,0.6367368698120117,0.3142288327217102,-0.04282938316464424,0.6406278610229492,0.2403668761253357,-0.05649854615330696,0.6432230472564697,0.1733524203300476,-0.06646701693534851,0.6546694040298462,0.47229844331741333,-0.038108620792627335,0.669219970703125,0.3975296914577484,-0.057496849447488785,0.6786501407623291,0.34244316816329956,-0.06801055371761322,0.6870359778404236,0.2886871099472046,-0.0753166452050209,4
0.6485915780067444,0.6819111108779907,3.4923269254250044e-07,0.5963489413261414,0.6404846906661987,-0.011644307523965836,0.5602616667747498,0.5385594964027405,-0.014926976524293423,0.5481916666030884,0.45824167132377625,-0.018685005605220795,0.5365334153175354,0.39578720927238464,-0.022704651579260826,0.5869092345237732,0.42123112082481384,-0.0056254868395626545,0.5816307067871094,0.3187796473503113,-0.020141523331403732,0.5749557614326477,0.25517284870147705,-0.03264991566538811,0.5682376027107239,0.20161622762680054,-0.042641397565603256,0.6111806035041809,0.41393575072288513,-0.013976635411381721,0.610556423664093,0.29107969999313354,-0.027587173506617546,0.6090511679649353,0.21125826239585876,-0.040800414979457855,0.6076660752296448,0.1438656747341156,-0.050689153373241425,0.6338558197021484,0.4323834180831909,-0.02544742450118065,0.6383830308914185,0.31247854232788086,-0.04266264662146568,0.64280104637146,0.23857340216636658,-0.05631441995501518,0.6458554863929749,0.17198631167411804,-0.06631673872470856,0.6558127999305725,0.47125527262687683,-0.038195110857486725,0.6703633069992065,0.39625805616378784,-0.05739764869213104,0.679606020450592,0.340686172246933,-0.06801564246416092,0.6877599954605103,0.2868904173374176,-0.07544358819723129,4
0.6501842737197876,0.6816437840461731,3.550295275545068e-07,0.5966202020645142,0.6401822566986084,-0.011834395118057728,0.5601159930229187,0.5391564965248108,-0.01533124316483736,0.5480529069900513,0.45839545130729675,-0.019290661439299583,0.5364827513694763,0.3951151371002197,-0.023577632382512093,0.5870685577392578,0.4220007658004761,-0.006051264703273773,0.5818760991096497,0.31939783692359924,-0.02077900432050228,0.5752170085906982,0.2554400563240051,-0.03344450891017914,0.5684852600097656,0.20133507251739502,-0.043564323335886,0.6115247011184692,0.4146062433719635,-0.014416124671697617,0.6110319495201111,0.29157736897468567,-0.0282813161611557,0.6093496084213257,0.21152928471565247,-0.04170897230505943,0.6077790260314941,0.14363834261894226,-0.05178298428654671,0.6342013478279114,0.43289750814437866,-0.025906134396791458,0.6387248039245605,0.31309276819229126,-0.043321117758750916,0.6429036259651184,0.23893429338932037,-0.057149309664964676,0.6458364129066467,0.17206880450248718,-0.06726772338151932,0.6562188267707825,0.4713512361049652,-0.03867186978459358,0.670222282409668,0.3959500789642334,-0.05795593187212944,0.6790248155593872,0.34021568298339844,-0.06865081191062927,0.6868612766265869,0.28609269857406616,-0.07615164667367935,4
0.6496926546096802,0.682136058807373,3.563077086710109e-07,0.5965929627418518,0.6420163512229919,-0.012307172641158104,0.5599946975708008,0.5398120284080505,-0.015712324529886246,0.5477827191352844,0.4583985507488251,-0.019483942538499832,0.5361607670783997,0.3949277400970459,-0.023559382185339928,0.586704432964325,0.4222102165222168,-0.005895772948861122,0.5815642476081848,0.31952765583992004,-0.020426034927368164,0.5751090049743652,0.25529593229293823,-0.0329434834420681,0.5685734748840332,0.2012254297733307,-0.042952101677656174,0.6110250949859619,0.4145246744155884,-0.013930246233940125,0.6105896830558777,0.2913939952850342,-0.02749401517212391,0.6087945699691772,0.21139758825302124,-0.04062720015645027,0.6070570349693298,0.1442212164402008,-0.050481926649808884,0.6335561871528625,0.4326883554458618,-0.025184733793139458,0.6382786631584167,0.31328368186950684,-0.04236537963151932,0.6423032283782959,0.23876900970935822,-0.05600818619132042,0.6451094150543213,0.17172852158546448,-0.06603050976991653,0.6552586555480957,0.47101637721061707,-0.037789471447467804,0.6691519618034363,0.3960108757019043,-0.05696332827210426,0.6779935359954834,0.3402615487575531,-0.06758546084165573,0.6859391927719116,0.28592100739479065,-0.07503318786621094,4
0.6490951180458069,0.6816991567611694,3.527573255723837e-07,0.5959534049034119,0.6407496333122253,-0.011891752481460571,0.5598298907279968,0.5387219786643982,-0.015215834602713585,0.5478258728981018,0.45765265822410583,-0.018955599516630173,0.5365070700645447,0.39404749870300293,-0.023015158250927925,0.586851179599762,0.42183172702789307,-0.005846757907420397,0.5816290378570557,0.3190050721168518,-0.02031106688082218,0.5748767256736755,0.25480079650878906,-0.032732732594013214,0.5680264830589294,0.20084258913993835,-0.042667534202337265,0.6110955476760864,0.41446584463119507,-0.014011122286319733,0.6106635332107544,0.29133954644203186,-0.027628052979707718,0.6085971593856812,0.2114706039428711,-0.04077105224132538,0.606499433517456,0.14422926306724548,-0.05060750991106033,0.6336251497268677,0.43263036012649536,-0.02529832348227501,0.6382244825363159,0.312849223613739,-0.04247971251606941,0.6421820521354675,0.23856522142887115,-0.05600013956427574,0.6448005437850952,0.17169806361198425,-0.06591276824474335,0.6553761959075928,0.47097596526145935,-0.03788762167096138,0.6695719957351685,0.39573660492897034,-0.05698160082101822,0.6785483360290527,0.3399215638637543,-0.067450150847435,0.6865122318267822,0.28576815128326416,-0.07477103918790817,4
0.6505886912345886,0.6830555200576782,3.536092947342695e-07,0.5970208048820496,0.6428543329238892,-0.012704831548035145,0.5602706670761108,0.5406920909881592,-0.01639329083263874,0.5482269525527954,0.45864439010620117,-0.020379282534122467,0.5368711948394775,0.39453285932540894,-0.024671873077750206,0.5870684385299683,0.4238576292991638,-0.00672655226662755,0.5819560885429382,0.320650577545166,-0.021639134734869003,0.5754005908966064,0.2561402916908264,-0.03441537171602249,0.568784236907959,0.20160004496574402,-0.04459518566727638,0.6116918921470642,0.41576865315437317,-0.014679990708827972,0.6112205386161804,0.29247117042541504,-0.028654910624027252,0.6092114448547363,0.2124687135219574,-0.042140379548072815,0.6072202920913696,0.14497539401054382,-0.05226010084152222,0.6344843506813049,0.4334396421909332,-0.02583172731101513,0.6391872763633728,0.314236044883728,-0.04321682080626488,0.64313143491745,0.23993906378746033,-0.05695815756917,0.6457815766334534,0.17307639122009277,-0.06706482172012329,0.656510055065155,0.4712691009044647,-0.03835912421345711,0.6701009273529053,0.3959929347038269,-0.05746999755501747,0.678809404373169,0.3405732214450836,-0.06797816604375839,0.6865407228469849,0.2867252826690674,-0.07538206875324249,4
0.6512532830238342,0.680927038192749,3.537461736868863e-07,0.5966199040412903,0.6403780579566956,-0.011812920682132244,0.5604204535484314,0.5382885932922363,-0.014860102906823158,0.5482632517814636,0.4572029411792755,-0.018405552953481674,0.5365732908248901,0.3943420350551605,-0.02238175831735134,0.5878674387931824,0.42252349853515625,-0.005922453477978706,0.582811176776886,0.31963032484054565,-0.020480962470173836,0.5758813619613647,0.2546987533569336,-0.0330292284488678,0.5688275694847107,0.20030534267425537,-0.04317457973957062,0.6123741865158081,0.41480815410614014,-0.014305153861641884,0.6119174361228943,0.29184967279434204,-0.02830972522497177,0.6097541451454163,0.21172380447387695,-0.041907284408807755,0.607448160648346,0.1443391740322113,-0.052166178822517395,0.6349306702613831,0.4324101209640503,-0.02583799697458744,0.6397715210914612,0.31292834877967834,-0.043523650616407394,0.6435043811798096,0.23832586407661438,-0.05785873159766197,0.64595627784729,0.17125675082206726,-0.06843841075897217,0.6566396355628967,0.4698689579963684,-0.03864223510026932,0.6714243292808533,0.3957650065422058,-0.058504194021224976,0.6804444193840027,0.34013694524765015,-0.06994646042585373,0.6884933114051819,0.28615090250968933,-0.0780549868941307,4
0.6523143649101257,0.6818675994873047,3.5479860116538475e-07,0.5979008078575134,0.6422245502471924,-0.012329095043241978,0.561588704586029,0.5392488241195679,-0.015341753140091896,0.5494218468666077,0.4573408365249634,-0.018737614154815674,0.5381361246109009,0.3934745788574219,-0.022427592426538467,0.5894657969474792,0.4219665825366974,-0.005348042584955692,0.5840563178062439,0.3195159435272217,-0.01962326094508171,0.5771810412406921,0.2550387382507324,-0.0320742130279541,0.5704193115234375,0.20106109976768494,-0.04211178049445152,0.6140146851539612,0.41401708126068115,-0.013290618546307087,0.6133492588996887,0.2913370132446289,-0.026832910254597664,0.6109647154808044,0.2111857384443283,-0.040168534964323044,0.6086771488189697,0.1441623568534851,-0.050255920737981796,0.6365885138511658,0.43132853507995605,-0.024499056860804558,0.6413010358810425,0.312591552734375,-0.04175609350204468,0.6448520421981812,0.23869027197360992,-0.05578181892633438,0.6472967863082886,0.17254391312599182,-0.06617076694965363,0.6581273078918457,0.4683240056037903,-0.03708698973059654,0.6729041337966919,0.39441606402397156,-0.056686874479055405,0.6820394396781921,0.3395114541053772,-0.0679546371102333,0.6902474761009216,0.2862311005592346,-0.0759003534913063,4
0.7081186771392822,0.6674502491950989,2.2054771875446022e-07,0.6692454814910889,0.6485306024551392,-0.024780448526144028,0.635496199131012,0.587213397026062,-0.033595725893974304,0.610158383846283,0.526488184928894,-0.03962712734937668,0.5803865790367126,0.4893530607223511,-0.04416291415691376,0.6378244161605835,0.4625634551048279,-0.010673141106963158,0.6055849194526672,0.38690462708473206,-0.022631768137216568,0.5853220224380493,0.34274566173553467,-0.03393048048019409,0.569227397441864,0.3029513955116272,-0.04213177040219307,0.6605188846588135,0.4391462504863739,-0.007628152146935463,0.6353394389152527,0.3499809503555298,-0.014496637508273125,0.6194878816604614,0.29601383209228516,-0.02261890284717083,0.6068850159645081,0.2517634332180023,-0.028803689405322075,0.6868278980255127,0.4401586055755615,-0.008469415828585625,0.6731747388839722,0.35824185609817505,-0.015877412632107735,0.6641282439231873,0.3092513084411621,-0.021661551669239998,0.6549249291419983,0.26552385091781616,-0.026415908709168434,0.71505206823349,0.45766064524650574,-0.012319483794271946,0.7161716818809509,0.3993493616580963,-0.01824232190847397,0.7159572839736938,0.3622281849384308,-0.02037050947546959,0.7151240110397339,0.3259962797164917,-0.022080695256590843,4
0.7079371213912964,0.6676435470581055,2.3127992676563736e-07,0.6686627268791199,0.6489505767822266,-0.02600233256816864,0.6346387267112732,0.588218629360199,-0.03518027812242508,0.6090167760848999,0.5276331305503845,-0.04132929444313049,0.5791605710983276,0.4893825054168701,-0.045878391712903976,0.6373929381370544,0.46279066801071167,-0.011265138164162636,0.6051560044288635,0.387093722820282,-0.023242123425006866,0.5850331783294678,0.3428172767162323,-0.03459499776363373,0.5691204071044922,0.30268415808677673,-0.04285362362861633,0.6604167819023132,0.43941769003868103,-0.007554496172815561,0.6352146863937378,0.3501442074775696,-0.014272266067564487,0.6194055676460266,0.2961839437484741,-0.0223165825009346,0.6069186329841614,0.2521609663963318,-0.028508085757493973,0.686911404132843,0.4406614303588867,-0.007892519235610962,0.6731392741203308,0.35900866985321045,-0.015253846533596516,0.6640414595603943,0.3098874092102051,-0.02109183743596077,0.6548516154289246,0.26595014333724976,-0.025907061994075775,0.7152100205421448,0.45817482471466064,-0.011360432021319866,0.7163805365562439,0.39998888969421387,-0.017314786091446877,0.7162681221961975,0.3629811406135559,-0.019579607993364334,0.7155612707138062,0.32671183347702026,-0.021417316049337387,4
0.7070340514183044,0.666525661945343,2.3656400571780978e-07,0.6683682203292847,0.6482741236686707,-0.026343751698732376,0.6348471641540527,0.5883350372314453,-0.03575458005070686,0.6091761589050293,0.5276415348052979,-0.042051468044519424,0.5793787240982056,0.48894166946411133,-0.046683743596076965,0.6365129351615906,0.4635917842388153,-0.01148123387247324,0.6043286323547363,0.3879210352897644,-0.02344656176865101,0.5840826630592346,0.3440237045288086,-0.0347355380654335,0.5680403113365173,0.30411869287490845,-0.042917754501104355,0.6593550443649292,0.43969130516052246,-0.007487707771360874,0.6342568397521973,0.3507019281387329,-0.014306718483567238,0.6182483434677124,0.2967325448989868,-0.022472018375992775,0.6054651141166687,0.2523815929889679,-0.02871996909379959,0.6857019066810608,0.4402039349079132,-0.007542202714830637,0.672024130821228,0.3591093122959137,-0.014957776293158531,0.6627435088157654,0.3100851774215698,-0.020924238488078117,0.6533250212669373,0.2661810517311096,-0.02580345794558525,0.713965654373169,0.4567965567111969,-0.010718983598053455,0.7151575088500977,0.3986964523792267,-0.01660154201090336,0.715053379535675,0.3619515895843506,-0.018844831734895706,0.7143864631652832,0.32607585191726685,-0.020656678825616837,4
0.7069466710090637,0.6653079390525818,2.3197432597044099e-07,0.6681467294692993,0.6461361050605774,-0.025252938270568848,0.6349092125892639,0.586499810218811,-0.03449461609125137,0.6096969842910767,0.5261976718902588,-0.04090431332588196,0.5801374316215515,0.48745641112327576,-0.04568919166922569,0.6362277865409851,0.4628663957118988,-0.01100852806121111,0.6039963960647583,0.38714927434921265,-0.023179689422249794,0.5837968587875366,0.343103289604187,-0.03454203903675079,0.5678790807723999,0.30321335792541504,-0.04271293431520462,0.6590437293052673,0.43906229734420776,-0.007758219260722399,0.6338294744491577,0.3501433730125427,-0.014750039204955101,0.6178867816925049,0.29624348878860474,-0.023039601743221283,0.6052274107933044,0.2519640326499939,-0.029320305213332176,0.6854453682899475,0.4391784965991974,-0.008442679420113564,0.671669065952301,0.358026385307312,-0.015957575291395187,0.6625926494598389,0.3090366721153259,-0.021893728524446487,0.6533825397491455,0.2655126452445984,-0.026709342375397682,0.713925838470459,0.45548415184020996,-0.012163625098764896,0.7153570652008057,0.39720508456230164,-0.01803041622042656,0.7153597474098206,0.36052584648132324,-0.020123852416872978,0.71465665102005,0.3252919912338257,-0.021775346249341965,4
0.7075361609458923,0.6628609895706177,2.310474940259155e-07,0.6692078709602356,0.6444995999336243,-0.026562832295894623,0.635873019695282,0.5857298970222473,-0.036406729370355606,0.6102505326271057,0.5259133577346802,-0.0431276299059391,0.5803229808807373,0.4877740442752838,-0.04817229509353638,0.6368053555488586,0.4617173373699188,-0.012293610721826553,0.604667067527771,0.38672029972076416,-0.024805057793855667,0.5845711827278137,0.34311050176620483,-0.036403946578502655,0.5686122179031372,0.303520143032074,-0.04479331150650978,0.6593676805496216,0.4378809332847595,-0.008432124741375446,0.6338381767272949,0.35004374384880066,-0.015821419656276703,0.6177108883857727,0.2970253527164459,-0.024206439033150673,0.604849100112915,0.25348612666130066,-0.03055490367114544,0.6856691241264343,0.4382130801677704,-0.008608157746493816,0.6717797517776489,0.35785582661628723,-0.016607830300927162,0.6625515222549438,0.3094211220741272,-0.0226209107786417,0.6531447768211365,0.2661152482032776,-0.027436763048171997,0.7141419053077698,0.4547761082649231,-0.011914577335119247,0.7151768207550049,0.3973492681980133,-0.01843259297311306,0.7147899270057678,0.361103355884552,-0.02088281512260437,0.7136281132698059,0.3258569836616516,-0.02272455021739006,4
0.7086172699928284,0.6644537448883057,2.3104172441890114e-07,0.6705772876739502,0.6459729671478271,-0.02591891586780548,0.6375628113746643,0.5874772667884827,-0.035767894238233566,0.6123126745223999,0.5286853909492493,-0.04265493527054787,0.5828824043273926,0.49107626080513,-0.04791131243109703,0.6384120583534241,0.46313348412513733,-0.012571912258863449,0.6060266494750977,0.38785651326179504,-0.025412296876311302,0.5857357978820801,0.3440122902393341,-0.037181198596954346,0.5696679949760437,0.3039565086364746,-0.045618992298841476,0.6611096262931824,0.43918660283088684,-0.009092440828680992,0.6357365250587463,0.35096025466918945,-0.016685280948877335,0.6197198629379272,0.29728350043296814,-0.02518537826836109,0.6069788932800293,0.2525920569896698,-0.03160643205046654,0.6874241828918457,0.4391884207725525,-0.009541773237287998,0.6734049916267395,0.35855644941329956,-0.017320426180958748,0.6642385721206665,0.3098432421684265,-0.02313346229493618,0.6549052000045776,0.2662731409072876,-0.027834881097078323,0.7159131169319153,0.45544180274009705,-0.013098425231873989,0.716913104057312,0.3972276449203491,-0.018979236483573914,0.7164574265480042,0.36066171526908875,-0.021018382161855698,0.7151521444320679,0.3255236744880676,-0.02263612300157547,4
0.7091681957244873,0.6663928627967834,2.1561589846896823e-07,0.6714742183685303,0.6480514407157898,-0.024844013154506683,0.638309121131897,0.5901055932044983,-0.03429822623729706,0.6131314635276794,0.5323532819747925,-0.0410478413105011,0.5841502547264099,0.495727002620697,-0.04642961919307709,0.6386452317237854,0.4659843444824219,-0.01221306249499321,0.6060987114906311,0.39167284965515137,-0.025030385702848434,0.5856629610061646,0.3474727272987366,-0.036584995687007904,0.5694839954376221,0.30832481384277344,-0.04496503621339798,0.6611258387565613,0.4413648545742035,-0.00976063683629036,0.6350615620613098,0.35279858112335205,-0.01824786514043808,0.6185290217399597,0.2997605800628662,-0.027377016842365265,0.6053784489631653,0.2563270926475525,-0.03411630168557167,0.6873922944068909,0.44094011187553406,-0.011095628142356873,0.6732843518257141,0.35938990116119385,-0.020268796011805534,0.6635260581970215,0.3107917308807373,-0.027097085490822792,0.6538023352622986,0.26765280961990356,-0.03233783319592476,0.7157012224197388,0.4572722613811493,-0.015317307785153389,0.7169493436813354,0.3988247215747833,-0.02284100279211998,0.7174375653266907,0.3615131974220276,-0.025855137035250664,0.7170652151107788,0.32552626729011536,-0.02803480438888073,4
0.7083430886268616,0.6669959425926208,2.180834712817159e-07,0.670422375202179,0.6482545137405396,-0.023984525352716446,0.6375187039375305,0.5894216895103455,-0.033037107437849045,0.6121716499328613,0.5310673713684082,-0.039583008736371994,0.5826846361160278,0.49533048272132874,-0.04474523663520813,0.6374815106391907,0.4658288061618805,-0.010843385010957718,0.605200469493866,0.39137154817581177,-0.02342754602432251,0.5848095417022705,0.3476937413215637,-0.03496686741709709,0.5684979557991028,0.3085467219352722,-0.04330284148454666,0.6599440574645996,0.44133028388023376,-0.008517375215888023,0.634310781955719,0.35289597511291504,-0.016348393633961678,0.6180721521377563,0.2995529770851135,-0.02511318027973175,0.6050904989242554,0.2557365894317627,-0.031681954860687256,0.6861318945884705,0.44085031747817993,-0.009961334988474846,0.6721642017364502,0.3595620095729828,-0.01831020601093769,0.6627532839775085,0.31081047654151917,-0.024633094668388367,0.6532330513000488,0.26778584718704224,-0.029647763818502426,0.7144336104393005,0.4571060836315155,-0.014291215687990189,0.7159562110900879,0.39890560507774353,-0.020957019180059433,0.716101884841919,0.3617624342441559,-0.02350315824151039,0.7153241038322449,0.32623910903930664,-0.025437960401177406,4
0.7076765894889832,0.6637442708015442,2.2231422747154284e-07,0.6695426106452942,0.6456530094146729,-0.025054294615983963,0.6362833380699158,0.5873595476150513,-0.034622300416231155,0.6114426851272583,0.5289599895477295,-0.04142860695719719,0.5823246240615845,0.4920879006385803,-0.04676707088947296,0.6368350386619568,0.46382272243499756,-0.012374135665595531,0.6049607396125793,0.3896661698818207,-0.025332670658826828,0.5846740007400513,0.3457775115966797,-0.037107788026332855,0.5684998035430908,0.30621400475502014,-0.04562181979417801,0.6593134999275208,0.439346581697464,-0.009654338471591473,0.6339940428733826,0.3513665795326233,-0.01761534810066223,0.6180142164230347,0.2979840636253357,-0.026273028925061226,0.6053756475448608,0.25392645597457886,-0.032807305455207825,0.6855248212814331,0.4389342665672302,-0.010771150700747967,0.6715985536575317,0.35796427726745605,-0.01921228878200054,0.6625205874443054,0.3096683919429779,-0.0253087617456913,0.6532981395721436,0.26647549867630005,-0.030201049521565437,0.7139911651611328,0.4554274380207062,-0.014881844632327557,0.7154472470283508,0.39763158559799194,-0.021746760234236717,0.7155395746231079,0.3610777258872986,-0.024242199957370758,0.7146781086921692,0.3258243203163147,-0.026136834174394608,4
0.7080013751983643,0.6613050103187561,2.371957776858835e-07,0.6699582934379578,0.6436534523963928,-0.026277828961610794,0.636839747428894,0.5865198969841003,-0.036508165299892426,0.611547589302063,0.5282575488090515,-0.04376090690493584,0.5818836092948914,0.4913899004459381,-0.049434442073106766,0.6371260285377502,0.46327805519104004,-0.013192827813327312,0.6050418615341187,0.38874781131744385,-0.026436256244778633,0.584644079208374,0.34524670243263245,-0.038431935012340546,0.5683866143226624,0.3058452010154724,-0.0470234639942646,0.659493625164032,0.4388522803783417,-0.0097934165969491,0.6342431902885437,0.35063037276268005,-0.017956918105483055,0.6180718541145325,0.29690051078796387,-0.02678913250565529,0.6052404046058655,0.252461701631546,-0.03342814743518829,0.6856077909469604,0.43851009011268616,-0.010346535593271255,0.6718705892562866,0.35747793316841125,-0.018882663920521736,0.6626675724983215,0.3089786767959595,-0.025103392079472542,0.6533554792404175,0.265688955783844,-0.030032826587557793,0.7140161395072937,0.45460888743400574,-0.013992256484925747,0.7157013416290283,0.39673423767089844,-0.0208384208381176,0.7157558798789978,0.35979312658309937,-0.02340610697865486,0.7149810194969177,0.3241313695907593,-0.025325538590550423,4
0.7091187238693237,0.6618640422821045,2.3245989666520472e-07,0.6714414358139038,0.6442679166793823,-0.02619244158267975,0.6383968591690063,0.5875958800315857,-0.0363934151828289,0.6132014989852905,0.5301128625869751,-0.04356202483177185,0.5837405920028687,0.49333497881889343,-0.04913979396224022,0.6381183862686157,0.46222007274627686,-0.013373500667512417,0.6060194969177246,0.38778430223464966,-0.026300033554434776,0.5857086181640625,0.34461748600006104,-0.03805353492498398,0.5694501996040344,0.3053804039955139,-0.04652548208832741,0.660693883895874,0.4381703734397888,-0.009942971169948578,0.63497394323349,0.3506704270839691,-0.018008558079600334,0.6188235878944397,0.2973777651786804,-0.026760002598166466,0.6060691475868225,0.2529383897781372,-0.033323898911476135,0.6869266033172607,0.43826615810394287,-0.010408300906419754,0.6728964447975159,0.3582935035228729,-0.018907569348812103,0.6635586023330688,0.31011486053466797,-0.025157755240797997,0.6539960503578186,0.26683133840560913,-0.03008512780070305,0.7154556512832642,0.45465031266212463,-0.013927219435572624,0.7164763808250427,0.39722639322280884,-0.020694738253951073,0.7160491347312927,0.36086735129356384,-0.02321886084973812,0.714663565158844,0.32551366090774536,-0.02510126121342182,4
0.7101138830184937,0.6624032258987427,2.3462929732431803e-07,0.6721641421318054,0.6444480419158936,-0.02573690190911293,0.6390193700790405,0.5875257849693298,-0.035680368542671204,0.6139384508132935,0.5297555923461914,-0.04273352026939392,0.5845564603805542,0.4930460751056671,-0.04821197688579559,0.6390292644500732,0.4637175500392914,-0.012625082395970821,0.6068404912948608,0.3897933065891266,-0.02549111656844616,0.586675763130188,0.34610220789909363,-0.0371820405125618,0.5706376433372498,0.3063879609107971,-0.0456649474799633,0.6614500284194946,0.4392395317554474,-0.009546622633934021,0.6358758807182312,0.3511710464954376,-0.017666034400463104,0.6198287606239319,0.297646164894104,-0.02646080031991005,0.6071499586105347,0.2531718611717224,-0.033054810017347336,0.6875364184379578,0.43885907530784607,-0.010366108268499374,0.673490583896637,0.35832181572914124,-0.019055405631661415,0.6642937064170837,0.3100575804710388,-0.025386974215507507,0.6549580693244934,0.26688385009765625,-0.030367914587259293,0.7160837054252625,0.4550175070762634,-0.01421272847801447,0.7173972129821777,0.39753028750419617,-0.021239368245005608,0.7174365520477295,0.361005961894989,-0.02391144074499607,0.716475248336792,0.3257142901420593,-0.02590286359190941,4
0.7097535729408264,0.661152184009552,2.328066841528198e-07,0.6721331477165222,0.6441317796707153,-0.02554233931005001,0.6388631463050842,0.5873419046401978,-0.0352034829556942,0.6136363744735718,0.5296615958213806,-0.0419677197933197,0.5841521620750427,0.49394428730010986,-0.047227710485458374,0.6384360194206238,0.46325892210006714,-0.012444283813238144,0.6062406301498413,0.3897886872291565,-0.025031954050064087,0.5860777497291565,0.34608131647109985,-0.03653115779161453,0.5700563788414001,0.3066697120666504,-0.0449063815176487,0.6606935262680054,0.4384011924266815,-0.00940309464931488,0.6349819898605347,0.3507252335548401,-0.01731904037296772,0.6188873648643494,0.2976093590259552,-0.02604970708489418,0.606306254863739,0.25372761487960815,-0.03261386230587959,0.6867759227752686,0.43776944279670715,-0.010215053334832191,0.6726739406585693,0.3571303188800812,-0.018795909360051155,0.6632440090179443,0.30898410081863403,-0.02521558664739132,0.6538238525390625,0.26612454652786255,-0.030287621542811394,0.7152529954910278,0.4537050426006317,-0.014015085063874722,0.7165292501449585,0.39636242389678955,-0.021073030307888985,0.7166042327880859,0.35985058546066284,-0.023833276703953743,0.7157739996910095,0.32462868094444275,-0.025894325226545334,4
0.7085576057434082,0.6604865789413452,2.2871509486321884e-07,0.6707632541656494,0.643097460269928,-0.025072302669286728,0.6370068788528442,0.5864939093589783,-0.03484087437391281,0.6112887263298035,0.5287469029426575,-0.041838571429252625,0.5815017819404602,0.4929281175136566,-0.04738491773605347,0.6367968916893005,0.4630275070667267,-0.01259417925029993,0.6045766472816467,0.38902801275253296,-0.025434747338294983,0.5843953490257263,0.3453984260559082,-0.03699049353599548,0.5682413578033447,0.30617621541023254,-0.04539249837398529,0.6591359376907349,0.43866240978240967,-0.009943692944943905,0.6334754824638367,0.3507847189903259,-0.018344460055232048,0.6174423098564148,0.29754072427749634,-0.027338547632098198,0.6047362089157104,0.2535269260406494,-0.03405915945768356,0.6852350234985352,0.4383445680141449,-0.011081216856837273,0.6714688539505005,0.35787057876586914,-0.020208699628710747,0.6622983813285828,0.30924949049949646,-0.026893511414527893,0.6529333591461182,0.26608413457870483,-0.03208252042531967,0.7137163877487183,0.45446300506591797,-0.015113350003957748,0.7152302265167236,0.3967796564102173,-0.022696465253829956,0.7154051661491394,0.35987699031829834,-0.02572031319141388,0.714493989944458,0.324515163898468,-0.02792198769748211,4
0.7076874375343323,0.6605164408683777,2.1935427696462284e-07,0.6699039340019226,0.644093930721283,-0.023871246725320816,0.635656476020813,0.5870093107223511,-0.032821107655763626,0.6097365021705627,0.5291100740432739,-0.0391908697783947,0.5799970626831055,0.49339330196380615,-0.0441192127764225,0.634985089302063,0.46360620856285095,-0.011379649862647057,0.6022952198982239,0.38982632756233215,-0.023793529719114304,0.581811249256134,0.34647509455680847,-0.035127192735672,0.5654293894767761,0.3077511787414551,-0.04331634193658829,0.6571458578109741,0.43831437826156616,-0.008989169262349606,0.6312436461448669,0.35058289766311646,-0.016619110479950905,0.6152563095092773,0.29752838611602783,-0.02516491524875164,0.6025089025497437,0.25396010279655457,-0.03159942477941513,0.6831556558609009,0.4369189143180847,-0.010291279293596745,0.6689938306808472,0.356505811214447,-0.018515948206186295,0.659863293170929,0.3082975149154663,-0.02478286251425743,0.6504685282707214,0.26617348194122314,-0.029765212908387184,0.7116256356239319,0.45215970277786255,-0.014429966919124126,0.7130830883979797,0.3943973779678345,-0.02103264443576336,0.7130868434906006,0.358176589012146,-0.02351107820868492,0.7119996547698975,0.32428503036499023,-0.02537696436047554,4
0.7067802548408508,0.6607362031936646,2.2616312378431758e-07,0.6687713861465454,0.6443282961845398,-0.024872981011867523,0.6342988014221191,0.5877410173416138,-0.0341816283762455,0.6083393096923828,0.5299900770187378,-0.040720134973526,0.5784662961959839,0.4947154223918915,-0.04579941928386688,0.6341826319694519,0.4647689461708069,-0.01235935091972351,0.6011237502098083,0.3914238512516022,-0.024932747706770897,0.5804398059844971,0.34791100025177,-0.036328304558992386,0.5639885067939758,0.30867868661880493,-0.044642314314842224,0.6562541127204895,0.43918776512145996,-0.009599341079592705,0.6300455331802368,0.3517790734767914,-0.017692625522613525,0.613864541053772,0.29824522137641907,-0.02657650224864483,0.601219654083252,0.2540854215621948,-0.03326457366347313,0.6822304725646973,0.437589555978775,-0.01059169415384531,0.6676648855209351,0.3574672341346741,-0.019451718777418137,0.6582826972007751,0.30916130542755127,-0.02618500217795372,0.6488415598869324,0.26663702726364136,-0.031447634100914,0.710947573184967,0.4524120092391968,-0.014460133388638496,0.7123134732246399,0.39502477645874023,-0.02179238572716713,0.7122286558151245,0.35864385962486267,-0.024791788309812546,0.7110967636108398,0.3242776691913605,-0.027003977447748184,4
0.7059603929519653,0.6595802307128906,2.382383428312096e-07,0.6674197316169739,0.6436955332756042,-0.02580413594841957,0.6332696676254272,0.5874646902084351,-0.035684943199157715,0.6073634624481201,0.528754472732544,-0.04257618263363838,0.5772354602813721,0.4918200373649597,-0.047885313630104065,0.6330103874206543,0.46374496817588806,-0.012850857339799404,0.6002373099327087,0.389182984828949,-0.025477001443505287,0.579543948173523,0.3456030488014221,-0.03692600131034851,0.5631086826324463,0.3061196208000183,-0.04523039609193802,0.6554961800575256,0.4383615553379059,-0.009579041972756386,0.629490315914154,0.3504313826560974,-0.017528923228383064,0.6131176948547363,0.2965928912162781,-0.02639956586062908,0.6002131104469299,0.25214773416519165,-0.03311597928404808,0.6816310882568359,0.43716657161712646,-0.010141265578567982,0.6671952605247498,0.3563808798789978,-0.018747813999652863,0.6577925682067871,0.3079722821712494,-0.025275394320487976,0.648232638835907,0.26514488458633423,-0.030436160042881966,0.7102012038230896,0.4522150456905365,-0.01366362813860178,0.7115307450294495,0.3941500782966614,-0.020684711635112762,0.7113690376281738,0.3572595715522766,-0.023457545787096024,0.7102352380752563,0.32208558917045593,-0.02552192099392414,4
0.5538410544395447,0.6439865231513977,-5.905953912588302e-07,0.49040502309799194,0.615838348865509,-0.01986628770828247,0.4300725758075714,0.5212932229042053,-0.025213677436113358,0.424483984708786,0.4181855618953705,-0.03198821470141411,0.4703305661678314,0.3967898488044739,-0.032577164471149445,0.4662315249443054,0.4111473262310028,0.006494854111224413,0.4577946364879608,0.3359428942203522,-0.02119738794863224,0.4686289429664612,0.42997732758522034,-0.03181075304746628,0.4729911684989929,0.45068851113319397,-0.03594505786895752,0.5056926608085632,0.39980778098106384,0.0044315834529697895,0.49712055921554565,0.3397589921951294,-0.02526971511542797,0.507028341293335,0.4492461085319519,-0.024762669578194618,0.509231686592102,0.46041759848594666,-0.015669435262680054,0.5444390773773193,0.3978080749511719,-0.004816884640604258,0.5370035171508789,0.33885258436203003,-0.0354614220559597,0.5415757298469543,0.4456244111061096,-0.02097160741686821,0.5435019731521606,0.46434202790260315,-0.0015548832016065717,0.5848314762115479,0.40503987669944763,-0.016541969031095505,0.5731512308120728,0.3469400703907013,-0.028910618275403976,0.5723127722740173,0.42106783390045166,-0.014977625571191311,0.5750181078910828,0.4464840888977051,-4.176207221462391e-05,5
0.553862452507019,0.643437385559082,-5.856827556272037e-07,0.49112603068351746,0.6153076887130737,-0.019867273047566414,0.4314328730106354,0.5230146646499634,-0.025450779125094414,0.4233720898628235,0.4208308160305023,-0.0325491689145565,0.4666907787322998,0.3978389501571655,-0.03354978561401367,0.4667547345161438,0.412590891122818,0.00700301444157958,0.45785605907440186,0.3369404971599579,-0.020716456696391106,0.46892237663269043,0.42913639545440674,-0.031384650617837906,0.4736231863498688,0.45114222168922424,-0.035448428243398666,0.5059876441955566,0.40128883719444275,0.0048391311429440975,0.49648410081863403,0.3410639464855194,-0.025152646005153656,0.5070624947547913,0.44923585653305054,-0.025083353742957115,0.5100012421607971,0.4609070420265198,-0.016199549660086632,0.544576108455658,0.39900487661361694,-0.004498498514294624,0.5359604954719543,0.34010952711105347,-0.0354914553463459,0.541407585144043,0.44547760486602783,-0.021108902990818024,0.5441560745239258,0.4642455279827118,-0.0016020704060792923,0.5847328305244446,0.4059799611568451,-0.016281988471746445,0.5721776485443115,0.3477279543876648,-0.028882276266813278,0.5714751482009888,0.4212160110473633,-0.014976192265748978,0.5747617483139038,0.4471387565135956,4.564148184726946e-05,5
0.5529679656028748,0.6417533755302429,-5.893420507163682e-07,0.4903147518634796,0.6133885383605957,-0.020287111401557922,0.42999935150146484,0.5191878080368042,-0.025184350088238716,0.42241957783699036,0.4174397885799408,-0.03132832795381546,0.4665950834751129,0.3959293067455292,-0.031131045892834663,0.4649074077606201,0.4106435179710388,0.007334552239626646,0.4567020833492279,0.3375394642353058,-0.01974782533943653,0.4675047993659973,0.4315866529941559,-0.02997216396033764,0.4710749387741089,0.4496815800666809,-0.03408055379986763,0.5041840672492981,0.39945727586746216,0.005708501674234867,0.4947899580001831,0.34100326895713806,-0.02388603985309601,0.504664421081543,0.4505462050437927,-0.023466931656003,0.5071070790290833,0.4586121439933777,-0.014433413743972778,0.5427839159965515,0.3972824215888977,-0.0031532980501651764,0.5341068506240845,0.3396412432193756,-0.03315072879195213,0.5386881828308105,0.4459424316883087,-0.01832933910191059,0.5414727330207825,0.4612400531768799,0.0010995843913406134,0.5830525159835815,0.4038412570953369,-0.01460607536137104,0.5703231692314148,0.3486595153808594,-0.026255562901496887,0.5690093636512756,0.4223838448524475,-0.012249570339918137,0.5723456144332886,0.445675253868103,0.002579511608928442,5
0.5509710907936096,0.6377980709075928,-5.876569275642396e-07,0.48770928382873535,0.6112663149833679,-0.019700640812516212,0.4264656901359558,0.515008807182312,-0.024218246340751648,0.41926220059394836,0.41300854086875916,-0.03002886287868023,0.4646039605140686,0.39703845977783203,-0.029601380228996277,0.4636542499065399,0.4069686830043793,0.006921704392880201,0.4550831615924835,0.33328166604042053,-0.019885726273059845,0.4653618335723877,0.42735397815704346,-0.0297243595123291,0.4696723222732544,0.4473353624343872,-0.033530425280332565,0.502863883972168,0.3961659073829651,0.0050751687958836555,0.4929387867450714,0.33798298239707947,-0.02447865530848503,0.5022227168083191,0.4473380744457245,-0.023768886923789978,0.5056961178779602,0.45677703619003296,-0.014397181570529938,0.5411522388458252,0.39458543062210083,-0.0038868326228111982,0.5320301055908203,0.33698421716690063,-0.03362540155649185,0.536105751991272,0.4436080753803253,-0.01858174055814743,0.5394052267074585,0.4596981108188629,0.0010439909528940916,0.5813087224960327,0.401629239320755,-0.015402738004922867,0.5681886076927185,0.34655678272247314,-0.026969151571393013,0.5665715336799622,0.42045167088508606,-0.01301164273172617,0.5702816247940063,0.44431301951408386,0.001789548434317112,5
0.5472761392593384,0.6369558572769165,-5.929899202783417e-07,0.484302282333374,0.6100172996520996,-0.018896974623203278,0.4240264892578125,0.5162942409515381,-0.023314762860536575,0.41602686047554016,0.4144168496131897,-0.029232224449515343,0.4598069489002228,0.3926405906677246,-0.029017409309744835,0.4614732563495636,0.4058275520801544,0.007617313414812088,0.4519050419330597,0.3327488601207733,-0.019361579790711403,0.4618161916732788,0.4257563352584839,-0.029491353780031204,0.46691080927848816,0.4471913278102875,-0.03333529084920883,0.5004554390907288,0.39509493112564087,0.005223903805017471,0.48977914452552795,0.3370872735977173,-0.024420587345957756,0.49897143244743347,0.4456256031990051,-0.02395722270011902,0.5038308501243591,0.4562899172306061,-0.014632628299295902,0.5386635065078735,0.393665075302124,-0.004222511779516935,0.528711199760437,0.3364161252975464,-0.03420591354370117,0.5326776504516602,0.4424353539943695,-0.019236603751778603,0.5369946360588074,0.4591115415096283,0.000510266749188304,0.5789269208908081,0.4015171229839325,-0.01613173820078373,0.5650636553764343,0.34647825360298157,-0.02798100933432579,0.5630139708518982,0.42028236389160156,-0.013868083246052265,0.5672318935394287,0.44415998458862305,0.0012325734132900834,5
0.5455775260925293,0.6366042494773865,-5.884377856091305e-07,0.4816752076148987,0.6088601350784302,-0.01923603005707264,0.4208734333515167,0.515432596206665,-0.023650046437978745,0.412497341632843,0.4140230715274811,-0.02957763336598873,0.4560810327529907,0.3958941698074341,-0.029336759820580482,0.4580676257610321,0.4068455100059509,0.008644767105579376,0.44922763109207153,0.33367058634757996,-0.018154460936784744,0.4593226909637451,0.42709028720855713,-0.028162697330117226,0.4638614058494568,0.4480293393135071,-0.03198599815368652,0.49727490544319153,0.3954716920852661,0.0063311029225587845,0.4867842197418213,0.33656811714172363,-0.023343179374933243,0.49626150727272034,0.4457087516784668,-0.023045066744089127,0.5003637671470642,0.45613864064216614,-0.013802372850477695,0.5357900857925415,0.3933473229408264,-0.0031394939869642258,0.5259678363800049,0.33559468388557434,-0.033333342522382736,0.5304712057113647,0.4424261450767517,-0.018449174240231514,0.5343689918518066,0.4597078263759613,0.0013352714013308287,0.5763126611709595,0.4007566273212433,-0.015105854719877243,0.5625981688499451,0.345363974571228,-0.027016056701540947,0.5612428188323975,0.4199601113796234,-0.012875737622380257,0.5653256177902222,0.4446394145488739,0.002231871010735631,5
0.545021653175354,0.6362699270248413,-5.876590307707374e-07,0.48083144426345825,0.6095433235168457,-0.018712038174271584,0.42022186517715454,0.5156254172325134,-0.02285001240670681,0.41289982199668884,0.4142870604991913,-0.02858436107635498,0.45615828037261963,0.39386308193206787,-0.028315909206867218,0.4579424262046814,0.4070556163787842,0.008167327381670475,0.44827890396118164,0.3330526351928711,-0.01873072050511837,0.4586533010005951,0.4254760146141052,-0.02884707786142826,0.46396148204803467,0.4476396441459656,-0.03262528032064438,0.4971104860305786,0.39605024456977844,0.00568664213642478,0.4863200783729553,0.3363834619522095,-0.023869985714554787,0.49600109457969666,0.44493240118026733,-0.023516878485679626,0.5006994605064392,0.4566831588745117,-0.014231537468731403,0.5355700254440308,0.394188791513443,-0.0038406546227633953,0.5255767703056335,0.3358590304851532,-0.03402511402964592,0.5303482413291931,0.4424225687980652,-0.01903650537133217,0.5345430970191956,0.46065983176231384,0.0008131904760375619,0.5759707689285278,0.40186575055122375,-0.01580049656331539,0.562195360660553,0.34568899869918823,-0.0279715433716774,0.5608395934104919,0.4208076596260071,-0.013728237710893154,0.564928412437439,0.4462374150753021,0.0015257606282830238,5
0.5439901947975159,0.6365573406219482,-5.944073677710549e-07,0.4800439476966858,0.6096926927566528,-0.019470036029815674,0.41928768157958984,0.5140816569328308,-0.02345316857099533,0.4112745523452759,0.4129162132740021,-0.02871551550924778,0.45398908853530884,0.3958507180213928,-0.027715222910046577,0.4566415548324585,0.40569034218788147,0.00815256405621767,0.447521835565567,0.3341602087020874,-0.018460525199770927,0.4576148986816406,0.42829638719558716,-0.028396854177117348,0.4622891843318939,0.448503702878952,-0.03228137642145157,0.4958772361278534,0.395313024520874,0.006173676811158657,0.4847998321056366,0.33725565671920776,-0.023513130843639374,0.4943317770957947,0.4472200274467468,-0.023110808804631233,0.49913740158081055,0.4572320580482483,-0.01376643031835556,0.5342651009559631,0.39395174384117126,-0.0029241852462291718,0.5241552591323853,0.33667299151420593,-0.03303235024213791,0.5285748839378357,0.4445098638534546,-0.017956648021936417,0.5331019759178162,0.46103888750076294,0.0019235949730500579,0.5746101140975952,0.4016207754611969,-0.014543011784553528,0.5608048439025879,0.3470585346221924,-0.02647080458700657,0.55910325050354,0.4225059151649475,-0.01234834548085928,0.5634456276893616,0.44648826122283936,0.002753247506916523,5
0.5427407026290894,0.6367928981781006,-5.8617393960958e-07,0.4781883955001831,0.6093191504478455,-0.01893293485045433,0.41820085048675537,0.5189778804779053,-0.023014608770608902,0.40863096714019775,0.4182814359664917,-0.028569156304001808,0.44870075583457947,0.3956209719181061,-0.02788708545267582,0.45378178358078003,0.40766212344169617,0.009600022807717323,0.4444252848625183,0.3369610905647278,-0.016732312738895416,0.4548555314540863,0.4293505549430847,-0.02693449892103672,0.459753155708313,0.4490358829498291,-0.03094898909330368,0.49261826276779175,0.3964010775089264,0.007447998039424419,0.48171722888946533,0.33822205662727356,-0.021724680438637733,0.4914173185825348,0.4468994140625,-0.02168750762939453,0.4962086081504822,0.4558631479740143,-0.012674814090132713,0.5309011936187744,0.39377352595329285,-0.0017820601351559162,0.5208350419998169,0.33624783158302307,-0.031350817531347275,0.5253579020500183,0.44205307960510254,-0.016463840380311012,0.530253529548645,0.45790597796440125,0.0032053685281425714,0.5713270306587219,0.4007215201854706,-0.013515637256205082,0.5576381087303162,0.3456966280937195,-0.024993261322379112,0.5555940270423889,0.4194522500038147,-0.010737289674580097,0.5600889325141907,0.4429280161857605,0.00449274480342865,5
0.5405338406562805,0.6339214444160461,-5.867345862498041e-07,0.4762411415576935,0.6092374324798584,-0.020077640190720558,0.4150782823562622,0.5174942016601562,-0.02458907477557659,0.40719619393348694,0.41535624861717224,-0.03021848574280739,0.45120924711227417,0.39497169852256775,-0.029555102810263634,0.45311447978019714,0.4060874283313751,0.007428789511322975,0.4435243606567383,0.3358398675918579,-0.019011644646525383,0.45358288288116455,0.428705632686615,-0.028845487162470818,0.4577682614326477,0.446586012840271,-0.032857608050107956,0.4920104444026947,0.39406293630599976,0.0056621599942445755,0.4806980788707733,0.3372493386268616,-0.023851394653320312,0.4904213845729828,0.44610074162483215,-0.0233728289604187,0.4948353171348572,0.4534323811531067,-0.014148524031043053,0.5301305651664734,0.39152100682258606,-0.0032348111271858215,0.5196462273597717,0.3349589705467224,-0.03327526897192001,0.5244349241256714,0.4415944218635559,-0.017965929582715034,0.5288766026496887,0.4556214511394501,0.0019601101521402597,0.5704619884490967,0.39836201071739197,-0.01470890175551176,0.5558286905288696,0.344075471162796,-0.026812659576535225,0.5548692345619202,0.4188397526741028,-0.01262720488011837,0.5596959590911865,0.4413739740848541,0.0025311061181128025,5
0.5399174690246582,0.6317356824874878,-5.901832764720893e-07,0.47595441341400146,0.6080232858657837,-0.019546080380678177,0.4148634672164917,0.5181570649147034,-0.02395024709403515,0.40689152479171753,0.41681042313575745,-0.029658902436494827,0.44953402876853943,0.39317578077316284,-0.029152657836675644,0.45246148109436035,0.406846821308136,0.007529845926910639,0.44207990169525146,0.3350384831428528,-0.019642705097794533,0.4524373412132263,0.42716091871261597,-0.02974863164126873,0.45722663402557373,0.44651880860328674,-0.0335775651037693,0.4912627935409546,0.3953242301940918,0.005505639128386974,0.47957828640937805,0.3375317454338074,-0.024529144167900085,0.4893476366996765,0.44617000222206116,-0.0242400374263525,0.49373653531074524,0.45404762029647827,-0.014987869188189507,0.5293000340461731,0.3923112154006958,-0.003659845096990466,0.5186150670051575,0.33446481823921204,-0.0343276783823967,0.5235852003097534,0.44095584750175476,-0.019153593108057976,0.5280223488807678,0.4557606279850006,0.0008579391287639737,0.5695164203643799,0.39826974272727966,-0.015325789339840412,0.5548895001411438,0.34373340010643005,-0.02791532129049301,0.5539208650588989,0.4189278781414032,-0.013756356202065945,0.5586718916893005,0.4421476423740387,0.0015477701090276241,5
0.539933979511261,0.6313046216964722,-5.876325417375483e-07,0.4760991632938385,0.6079501509666443,-0.0195341557264328,0.414571613073349,0.5179692506790161,-0.023980511352419853,0.4062488079071045,0.41745391488075256,-0.029750585556030273,0.44910433888435364,0.39308980107307434,-0.029350515455007553,0.45231184363365173,0.4059942960739136,0.007410698104649782,0.4411713182926178,0.3347359001636505,-0.019470179453492165,0.45152097940444946,0.4268925189971924,-0.029247865080833435,0.4576060473918915,0.44756364822387695,-0.03283664956688881,0.4908164441585541,0.39405012130737305,0.00534166069701314,0.4787605404853821,0.33588242530822754,-0.024471864104270935,0.4886634051799774,0.4450261890888214,-0.023735417053103447,0.49469369649887085,0.45487573742866516,-0.014082444831728935,0.5287811756134033,0.39125216007232666,-0.003870334243401885,0.5182346105575562,0.3341515064239502,-0.03443649038672447,0.5230447053909302,0.44078922271728516,-0.019199376925826073,0.5283769369125366,0.45725390315055847,0.0009045133483596146,0.5689056515693665,0.3977521061897278,-0.015591869130730629,0.5546643137931824,0.3432219624519348,-0.02821243740618229,0.5530890822410583,0.4185691475868225,-0.014161033555865288,0.5577952265739441,0.44267261028289795,0.0010636509396135807,5
0.5406131744384766,0.6310387849807739,-5.856128382220049e-07,0.4763069748878479,0.6077070236206055,-0.01955309510231018,0.4146901071071625,0.5183425545692444,-0.023950491100549698,0.4070110023021698,0.4155276119709015,-0.029748549684882164,0.45081743597984314,0.3901987373828888,-0.029342856258153915,0.4521760046482086,0.40623044967651367,0.008401949889957905,0.44130462408065796,0.3352397680282593,-0.018622636795043945,0.4518272280693054,0.42699480056762695,-0.0287614893168211,0.4577053189277649,0.44752687215805054,-0.032542962580919266,0.49070003628730774,0.3933318555355072,0.006365817040205002,0.4786202907562256,0.33591872453689575,-0.023584026843309402,0.4889563024044037,0.4443708658218384,-0.023209508508443832,0.49476906657218933,0.4539337456226349,-0.01376849040389061,0.5286384224891663,0.3898921608924866,-0.0028949794359505177,0.5178213119506836,0.33258557319641113,-0.03378645330667496,0.5229744911193848,0.4391699433326721,-0.018752917647361755,0.5280572772026062,0.45574378967285156,0.001381506328471005,0.5687899589538574,0.3962334990501404,-0.014657185412943363,0.5544837713241577,0.340337872505188,-0.02742932364344597,0.5533255934715271,0.4155535399913788,-0.013362697325646877,0.5581161379814148,0.439895898103714,0.0019836444407701492,5
0.5412189364433289,0.6276893615722656,-5.780656238130177e-07,0.4770227372646332,0.6014475226402283,-0.018796486780047417,0.41628605127334595,0.5145110487937927,-0.023279951885342598,0.40822291374206543,0.414360374212265,-0.029376933351159096,0.4517136812210083,0.3878614604473114,-0.02944120392203331,0.4530804455280304,0.404899924993515,0.008659996092319489,0.4421146810054779,0.33307120203971863,-0.018455950543284416,0.4532855153083801,0.42388296127319336,-0.028675243258476257,0.45913857221603394,0.4444994628429413,-0.032374702394008636,0.49185848236083984,0.39220550656318665,0.0061807590536773205,0.4804191589355469,0.3345307409763336,-0.02372259460389614,0.4911762475967407,0.4415580630302429,-0.023590555414557457,0.4963195323944092,0.4519977569580078,-0.014332910999655724,0.5301263332366943,0.38856256008148193,-0.0034210453741252422,0.5198688507080078,0.3318593502044678,-0.03436611220240593,0.5256322026252747,0.436376690864563,-0.019785918295383453,0.5301461219787598,0.45337286591529846,7.612539047840983e-05,0.5703883171081543,0.3950784206390381,-0.015387891791760921,0.5561124086380005,0.33934253454208374,-0.027997635304927826,0.5556772947311401,0.4136922061443329,-0.013798467814922333,0.5603339672088623,0.43810388445854187,0.0016236985102295876,5
0.542557418346405,0.6287695169448853,-5.817453256895533e-07,0.47894471883773804,0.6046866178512573,-0.019536998122930527,0.4180029034614563,0.5155466198921204,-0.024379901587963104,0.4093368649482727,0.41498637199401855,-0.030615029856562614,0.45204633474349976,0.39009183645248413,-0.030762555077672005,0.454877644777298,0.4041995108127594,0.007261822931468487,0.4440787434577942,0.33272844552993774,-0.019925491884350777,0.4554668068885803,0.4242466688156128,-0.03010748326778412,0.4613455832004547,0.44481879472732544,-0.03385018929839134,0.49349209666252136,0.3919762372970581,0.005104574840515852,0.4821164608001709,0.33453094959259033,-0.0247014369815588,0.4930417537689209,0.44211336970329285,-0.024345776066184044,0.49797895550727844,0.45179709792137146,-0.015033738687634468,0.5315597057342529,0.3885152339935303,-0.004168789833784103,0.5213682055473328,0.33174484968185425,-0.035011742264032364,0.5271574258804321,0.4369100034236908,-0.02037286013364792,0.5314800143241882,0.4535544216632843,-0.0006318409577943385,0.5715587735176086,0.3945195972919464,-0.015882330015301704,0.5577964186668396,0.339380145072937,-0.028698567301034927,0.557239294052124,0.4141128659248352,-0.014760402031242847,0.5614393949508667,0.4387200176715851,0.000422155688283965,5
0.5432873964309692,0.6301741600036621,-5.868233756700647e-07,0.4792403280735016,0.6060552000999451,-0.01851203292608261,0.4179022014141083,0.516522228717804,-0.022722695022821426,0.40920987725257874,0.416598916053772,-0.028549928218126297,0.4519382417201996,0.3937046229839325,-0.028386816382408142,0.45491915941238403,0.4076336622238159,0.007867160253226757,0.44382452964782715,0.3352673351764679,-0.01897037774324417,0.4551295340061188,0.4265280067920685,-0.028950253501534462,0.4610852599143982,0.4478799104690552,-0.032640427350997925,0.49349668622016907,0.3951301872730255,0.005385491531342268,0.4816489815711975,0.33714550733566284,-0.024126727133989334,0.4926908612251282,0.4444392919540405,-0.023646360263228416,0.49801141023635864,0.4550066590309143,-0.014369077980518341,0.5315572023391724,0.391177237033844,-0.004103518556803465,0.5207429528236389,0.3340565860271454,-0.0341218002140522,0.5267020463943481,0.43913835287094116,-0.019076388329267502,0.53139328956604,0.45630815625190735,0.0006816303357481956,0.5716540217399597,0.39655429124832153,-0.016022074967622757,0.5572150349617004,0.34129294753074646,-0.028006892651319504,0.5566815137863159,0.4156917333602905,-0.013789455406367779,0.5612257719039917,0.4403066337108612,0.0013472674181684852,5
0.543429970741272,0.6292495131492615,-5.88365310250083e-07,0.4796726703643799,0.6056509017944336,-0.01915435492992401,0.418501615524292,0.5168294906616211,-0.02325942926108837,0.4100407063961029,0.41634973883628845,-0.028579672798514366,0.4528021812438965,0.39350324869155884,-0.02773323468863964,0.45624589920043945,0.40630096197128296,0.007598205469548702,0.4460851550102234,0.3364386558532715,-0.018646517768502235,0.45643776655197144,0.4279457926750183,-0.02836434729397297,0.461298406124115,0.44679632782936096,-0.032182157039642334,0.49462613463401794,0.394154816865921,0.005560983903706074,0.4827710688114166,0.3372654318809509,-0.023649446666240692,0.4929085671901703,0.4452398717403412,-0.0231300238519907,0.49792030453681946,0.4536598026752472,-0.01390750054270029,0.532390832901001,0.39060112833976746,-0.003452143631875515,0.5215304493904114,0.33450883626937866,-0.033411938697099686,0.5268058776855469,0.44019126892089844,-0.01835334673523903,0.5316166281700134,0.45500075817108154,0.0013817021390423179,0.5722523331642151,0.3962664306163788,-0.014910941012203693,0.5576939582824707,0.34220460057258606,-0.026980705559253693,0.5569503903388977,0.4168400764465332,-0.012767625972628593,0.5619125366210938,0.4393795430660248,0.0023944226559251547,5
0.5438573956489563,0.6292405128479004,-5.798285656055668e-07,0.48015567660331726,0.6041406393051147,-0.019266624003648758,0.41897523403167725,0.5169215202331543,-0.023799242451786995,0.41087979078292847,0.4174129068851471,-0.029823187738656998,0.45440390706062317,0.389675110578537,-0.02961120568215847,0.4559803903102875,0.4059135317802429,0.008533027023077011,0.4447498321533203,0.33625465631484985,-0.018772749230265617,0.4557761251926422,0.4276772737503052,-0.02868962474167347,0.46199455857276917,0.4461941719055176,-0.032202281057834625,0.4945230185985565,0.39295685291290283,0.006180730182677507,0.482363224029541,0.33655956387519836,-0.024329954758286476,0.4929245412349701,0.4451321065425873,-0.023806314915418625,0.49884033203125,0.4527212381362915,-0.014016428031027317,0.5326480865478516,0.38917362689971924,-0.003434208920225501,0.5220127105712891,0.334267258644104,-0.03486328199505806,0.5273643136024475,0.4398570954799652,-0.019902076572179794,0.5324640274047852,0.45392149686813354,0.0003877280396409333,0.5728683471679688,0.395340234041214,-0.015491332858800888,0.5585572719573975,0.3408146798610687,-0.02840878814458847,0.5574702024459839,0.4155515730381012,-0.014309477992355824,0.5623174905776978,0.4383064806461334,0.0011651674285531044,5
0.5442455410957336,0.629356861114502,-5.850984621247335e-07,0.4797173738479614,0.605304479598999,-0.018570495769381523,0.41842085123062134,0.5167864561080933,-0.02253311313688755,0.4091279208660126,0.41699162125587463,-0.02811119332909584,0.45093828439712524,0.392968088388443,-0.027532147243618965,0.45424753427505493,0.40707144141197205,0.009081236086785793,0.4440160095691681,0.3352218568325043,-0.01797245629131794,0.45549213886260986,0.4268167316913605,-0.028112521395087242,0.46135371923446655,0.4482632875442505,-0.031764689832925797,0.4928872585296631,0.39452075958251953,0.006646961905062199,0.48144564032554626,0.3370942771434784,-0.02341419830918312,0.4926285743713379,0.4442870020866394,-0.023561717942357063,0.49768030643463135,0.45391374826431274,-0.014430863782763481,0.5310655832290649,0.3900773823261261,-0.0028565723914653063,0.520265519618988,0.33440911769866943,-0.033318497240543365,0.5265469551086426,0.4392028748989105,-0.018626004457473755,0.5310515761375427,0.45485544204711914,0.0011599317658692598,0.5712016820907593,0.3951624631881714,-0.014769669622182846,0.5566469430923462,0.3408964276313782,-0.026863068342208862,0.5562730431556702,0.4153403341770172,-0.012652813456952572,0.5609017610549927,0.43910643458366394,0.0026860488578677177,5
0.5427493453025818,0.6323388814926147,-5.778448439741624e-07,0.4782286286354065,0.6078477501869202,-0.018453044816851616,0.41749104857444763,0.5189693570137024,-0.02255285158753395,0.40940433740615845,0.4187876880168915,-0.028369277715682983,0.45225653052330017,0.39661329984664917,-0.028353752568364143,0.45412886142730713,0.40981030464172363,0.009196432307362556,0.4433518946170807,0.3389597535133362,-0.017437510192394257,0.454367458820343,0.42931002378463745,-0.027580754831433296,0.4605028033256531,0.45140451192855835,-0.03135935962200165,0.49245917797088623,0.39639416337013245,0.006590859964489937,0.48076337575912476,0.3394067883491516,-0.023023078218102455,0.49170392751693726,0.44563204050064087,-0.023117758333683014,0.4974289834499359,0.45697715878486633,-0.014073634520173073,0.5303955078125,0.3922045826911926,-0.0030639178585261106,0.5197226405143738,0.336843878030777,-0.033517301082611084,0.5256243348121643,0.44116532802581787,-0.019227666780352592,0.5302448868751526,0.4586576223373413,0.0002692015841603279,0.5704160928726196,0.3981117606163025,-0.015108766965568066,0.5558958053588867,0.34315991401672363,-0.02756451442837715,0.5554680824279785,0.41744354367256165,-0.013709980994462967,0.5601630210876465,0.44240111112594604,0.0013359354343265295,5
0.8490163087844849,0.3789287805557251,-4.02944834831942e-07,0.7977105975151062,0.33504021167755127,-0.01473001204431057,0.7593563199043274,0.2599550485610962,-0.019631611183285713,0.7611206769943237,0.17575512826442719,-0.026525087654590607,0.7942362427711487,0.16234895586967468,-0.029352471232414246,0.7887789011001587,0.18023599684238434,0.012866613455116749,0.790439784526825,0.12552355229854584,-0.010340656153857708,0.7934691905975342,0.19444850087165833,-0.022894006222486496,0.7913877964019775,0.2165234088897705,-0.028397738933563232,0.8209075331687927,0.17746376991271973,0.010180506855249405,0.8215000629425049,0.12745192646980286,-0.014649098739027977,0.8223380446434021,0.2085716277360916,-0.01998402737081051,0.8178112506866455,0.22536414861679077,-0.016304899007081985,0.8519325256347656,0.1817333996295929,0.0016886804951354861,0.8531457781791687,0.13487184047698975,-0.0240563303232193,0.8510783910751343,0.21312522888183594,-0.017226777970790863,0.8466079235076904,0.2349238097667694,-0.004082564730197191,0.8834291696548462,0.1960776150226593,-0.00851830281317234,0.880387008190155,0.146640807390213,-0.019367486238479614,0.8763380646705627,0.19916585087776184,-0.009865646250545979,0.874085009098053,0.22335639595985413,0.001511325710453093,5
0.8483416438102722,0.377924382686615,-3.9979863686312456e-07,0.7967716455459595,0.3338222801685333,-0.014477877877652645,0.7582331895828247,0.2585128843784332,-0.01948869600892067,0.7585492730140686,0.17503029108047485,-0.026625486090779305,0.7915309071540833,0.16294655203819275,-0.029735172167420387,0.7871941328048706,0.17897093296051025,0.013515139929950237,0.787703275680542,0.12435239553451538,-0.009381672367453575,0.7913337349891663,0.19426463544368744,-0.021907972171902657,0.7895799875259399,0.21596230566501617,-0.02757161669433117,0.8191603422164917,0.17648161947727203,0.01069703884422779,0.818595826625824,0.12782731652259827,-0.013479161076247692,0.8198913335800171,0.20876827836036682,-0.01866932027041912,0.8157161474227905,0.2230375111103058,-0.015238886699080467,0.8500978350639343,0.18112392723560333,0.002064451342448592,0.8504170179367065,0.13459452986717224,-0.022844156250357628,0.8483933210372925,0.21255551278591156,-0.01575433276593685,0.8445544242858887,0.23230049014091492,-0.0028825763147324324,0.8815916776657104,0.19516758620738983,-0.00832377839833498,0.8778523802757263,0.1472761183977127,-0.018219705671072006,0.8734294176101685,0.19998717308044434,-0.008355019614100456,0.8714869618415833,0.22318051755428314,0.0029263957403600216,5
0.8475069403648376,0.37641623616218567,-3.9379020222440886e-07,0.7955980896949768,0.33212897181510925,-0.01446237601339817,0.7567051649093628,0.25900566577911377,-0.01934448815882206,0.757352352142334,0.17595504224300385,-0.026321616023778915,0.7906385660171509,0.16198797523975372,-0.029353395104408264,0.7853819131851196,0.17895697057247162,0.013928408734500408,0.7870100140571594,0.1253233253955841,-0.008793449029326439,0.7898586988449097,0.19366590678691864,-0.021475739777088165,0.7876511812210083,0.21570493280887604,-0.027152668684720993,0.8172312378883362,0.17650271952152252,0.01121245976537466,0.8177925944328308,0.127646803855896,-0.01321674045175314,0.818540096282959,0.20728731155395508,-0.019023282453417778,0.8139523863792419,0.22374314069747925,-0.015816818922758102,0.8480238318443298,0.1808631420135498,0.002733061322942376,0.8491463661193848,0.13427959382534027,-0.022587064653635025,0.8470457196235657,0.21141962707042694,-0.01628868468105793,0.842613697052002,0.2336673140525818,-0.0036322290543466806,0.8794367909431458,0.19510668516159058,-0.007436067331582308,0.8761011958122253,0.1460140198469162,-0.018020188435912132,0.8718507885932922,0.1983264982700348,-0.008719238452613354,0.8694872260093689,0.22329917550086975,0.002446917351335287,5
0.8465213179588318,0.37623459100723267,-3.906501433448284e-07,0.7945790886878967,0.3305738866329193,-0.013672524131834507,0.7566972970962524,0.2570161819458008,-0.01831277646124363,0.7573365569114685,0.174483522772789,-0.02518549934029579,0.7901346683502197,0.16236825287342072,-0.028241131454706192,0.7850894927978516,0.1763492077589035,0.01474725641310215,0.7867236137390137,0.12377579510211945,-0.007631025742739439,0.7897928953170776,0.19060026109218597,-0.020454879850149155,0.7877751588821411,0.21339353919029236,-0.026226315647363663,0.8169406056404114,0.1741240918636322,0.01177290640771389,0.8173593878746033,0.12629666924476624,-0.012093031778931618,0.8181882500648499,0.20509271323680878,-0.018029658123850822,0.8138785362243652,0.22284546494483948,-0.014987644739449024,0.8478620648384094,0.17896662652492523,0.003130632918328047,0.8487883806228638,0.13339373469352722,-0.021623950451612473,0.8466212153434753,0.21012407541275024,-0.015558311715722084,0.8423887491226196,0.23324759304523468,-0.00309790694154799,0.8795363903045654,0.19389663636684418,-0.007121926173567772,0.8757383227348328,0.14457878470420837,-0.01705971546471119,0.8714307546615601,0.19608741998672485,-0.007604424841701984,0.8694689869880676,0.22086140513420105,0.003632296109572053,5
0.8467555642127991,0.3753371238708496,-3.886711681388988e-07,0.7945958971977234,0.3294922411441803,-0.013458676636219025,0.7566106915473938,0.25648289918899536,-0.018109031021595,0.7573501467704773,0.1738366186618805,-0.02514953538775444,0.7905747294425964,0.1608327180147171,-0.028339844197034836,0.784949779510498,0.17695972323417664,0.01541872788220644,0.7869048714637756,0.12245354801416397,-0.007310889195650816,0.7901947498321533,0.18941256403923035,-0.02040669322013855,0.788139820098877,0.21301664412021637,-0.026215020567178726,0.8169088959693909,0.1747369021177292,0.012412413954734802,0.8177406191825867,0.12542876601219177,-0.011912579648196697,0.81895911693573,0.2043323814868927,-0.018157867714762688,0.8144657015800476,0.22308169305324554,-0.0151514308527112,0.8478748202323914,0.17933708429336548,0.003701013047248125,0.8488858342170715,0.13220742344856262,-0.021168716251850128,0.847230076789856,0.20909975469112396,-0.015002976171672344,0.8429402112960815,0.2328602820634842,-0.002326480345800519,0.8794055581092834,0.19371238350868225,-0.006614580750465393,0.8756094574928284,0.14309504628181458,-0.016287801787257195,0.8717573285102844,0.19434940814971924,-0.006613887380808592,0.8699873089790344,0.21915976703166962,0.004794426262378693,5
0.8475814461708069,0.3758243918418884,-3.906430379174708e-07,0.795427143573761,0.3312620520591736,-0.014389355666935444,0.7569544315338135,0.2585563659667969,-0.019237101078033447,0.7577387690544128,0.17527827620506287,-0.026204250752925873,0.7909741997718811,0.16341128945350647,-0.029308026656508446,0.7856975793838501,0.17859891057014465,0.014747622422873974,0.7870168089866638,0.1243671402335167,-0.007981162518262863,0.7900448441505432,0.19201235473155975,-0.0209430493414402,0.7881753444671631,0.21447573602199554,-0.02679714746773243,0.8179346919059753,0.17567631602287292,0.012137865647673607,0.8177986145019531,0.12685003876686096,-0.012267954647541046,0.8188291788101196,0.2062813937664032,-0.01826280914247036,0.8150474429130554,0.22393818199634552,-0.015085150487720966,0.8489789366722107,0.1797354519367218,0.0037094736471772194,0.848977267742157,0.13305550813674927,-0.021511483937501907,0.8472989797592163,0.21051764488220215,-0.0152427414432168,0.8440159559249878,0.23343372344970703,-0.00246574473567307,0.8807753324508667,0.1934954971075058,-0.006408174522221088,0.8761628866195679,0.14441916346549988,-0.016662659123539925,0.8720511794090271,0.19697508215904236,-0.007209414150565863,0.8707417845726013,0.22204162180423737,0.004099179990589619,5
0.848800778388977,0.37940436601638794,-3.90544130368653e-07,0.7963874936103821,0.3342740535736084,-0.014351307414472103,0.7581611275672913,0.2611657679080963,-0.0192438792437315,0.7584877610206604,0.17788656055927277,-0.026295099407434464,0.7917115092277527,0.16414137184619904,-0.029429007321596146,0.7865873575210571,0.18130046129226685,0.015192977152764797,0.7876478433609009,0.12735742330551147,-0.0074101462960243225,0.7907845973968506,0.1950286477804184,-0.02016005665063858,0.7890549898147583,0.2173791378736496,-0.02580665610730648,0.818803608417511,0.17836546897888184,0.01254396140575409,0.8186195492744446,0.12974566221237183,-0.01157898548990488,0.8195902109146118,0.2092687338590622,-0.017298055812716484,0.8158442974090576,0.2263656109571457,-0.013980970717966557,0.8498759865760803,0.1825244426727295,0.004020705819129944,0.8498829007148743,0.13560757040977478,-0.020906750112771988,0.8480481505393982,0.21317574381828308,-0.014390840195119381,0.8446876406669617,0.23577880859375,-0.0015382982091978192,0.8818479180335999,0.19632068276405334,-0.006212277337908745,0.8771442770957947,0.14714448153972626,-0.01606803387403488,0.8727874755859375,0.1999598890542984,-0.006321410182863474,0.8711872696876526,0.224943608045578,0.005129744298756123,5
0.8494892716407776,0.38043367862701416,-3.804740913437854e-07,0.7976364493370056,0.3339429795742035,-0.012849393300712109,0.7589496374130249,0.26177743077278137,-0.016929466277360916,0.759118914604187,0.17897450923919678,-0.023449622094631195,0.792634129524231,0.16585475206375122,-0.026147227734327316,0.7864186763763428,0.18183457851409912,0.017350677400827408,0.7886806726455688,0.1297304481267929,-0.004960385616868734,0.7921574115753174,0.195322647690773,-0.01811775006353855,0.7898077368736267,0.21689222753047943,-0.02414289116859436,0.8186196088790894,0.17896604537963867,0.014140581712126732,0.819209635257721,0.13146856427192688,-0.010018842294812202,0.820650577545166,0.20897334814071655,-0.016691720113158226,0.8160146474838257,0.22590316832065582,-0.014010335318744183,0.8497266173362732,0.18306618928909302,0.005208360031247139,0.8504323363304138,0.13747835159301758,-0.019681455567479134,0.8492938876152039,0.21332862973213196,-0.01410498283803463,0.8450154066085815,0.23532634973526,-0.001839965465478599,0.881461501121521,0.19710053503513336,-0.005263043567538261,0.8776587843894958,0.1485447883605957,-0.015244415029883385,0.8738661408424377,0.20037612318992615,-0.006026631686836481,0.8717228770256042,0.22453118860721588,0.005124050658196211,5
0.8487098813056946,0.37924647331237793,-3.8940120816732815e-07,0.7971880435943604,0.33421045541763306,-0.013270562514662743,0.7588165998458862,0.2610846161842346,-0.017656661570072174,0.7595185041427612,0.1776057779788971,-0.024446051567792892,0.7934865951538086,0.16583624482154846,-0.027427418157458305,0.7874835133552551,0.18165209889411926,0.01594453863799572,0.7884754538536072,0.1286383867263794,-0.006471620872616768,0.7916495203971863,0.19543619453907013,-0.019221065565943718,0.7899457216262817,0.2168026864528656,-0.025028100237250328,0.8193572163581848,0.17913851141929626,0.012738101184368134,0.8191051483154297,0.1309204399585724,-0.011540411040186882,0.820006787776947,0.20958833396434784,-0.01755935698747635,0.8160383701324463,0.225969597697258,-0.01445360854268074,0.8501691222190857,0.18360766768455505,0.0037958810571581125,0.8503702282905579,0.13667762279510498,-0.02128191664814949,0.8483529090881348,0.21362747251987457,-0.01504729688167572,0.8445547819137573,0.23549231886863708,-0.0024003477301448584,0.8817636966705322,0.19779619574546814,-0.006754930131137371,0.8777172565460205,0.1493392288684845,-0.017114032059907913,0.8732416033744812,0.20207670331001282,-0.007824371568858624,0.8712136149406433,0.2264288365840912,0.003336058696731925,5
0.8487647771835327,0.37912315130233765,-3.911498254183243e-07,0.797281801700592,0.3358110785484314,-0.013992780819535255,0.7582556009292603,0.26106569170951843,-0.01854405738413334,0.7590768337249756,0.17732739448547363,-0.025268983095884323,0.7928261160850525,0.16681277751922607,-0.028072787448763847,0.7868818640708923,0.18197640776634216,0.014836583286523819,0.7880697250366211,0.12910756468772888,-0.008161971345543861,0.7915686964988708,0.1965320110321045,-0.021030018106102943,0.7895869016647339,0.2166869342327118,-0.02688238024711609,0.8189433813095093,0.1796049326658249,0.01187119074165821,0.8186720013618469,0.13109520077705383,-0.013097061775624752,0.8199222683906555,0.21064618229866028,-0.019005073234438896,0.8154828548431396,0.22559727728366852,-0.01561124250292778,0.8497254252433777,0.18382051587104797,0.003074645297601819,0.8498529195785522,0.13833452761173248,-0.022328807041049004,0.8482797145843506,0.21551799774169922,-0.01577519066631794,0.8442782759666443,0.23505499958992004,-0.002816447289660573,0.8813760280609131,0.1971471756696701,-0.007414249703288078,0.8771088123321533,0.14955976605415344,-0.017488569021224976,0.873437225818634,0.20222240686416626,-0.007881885394454002,0.8717756271362305,0.22496876120567322,0.003449192503467202,5
0.8486114144325256,0.379253625869751,-3.8189944007172016e-07,0.7970694899559021,0.33418795466423035,-0.01398533582687378,0.758721113204956,0.26174396276474,-0.01875227689743042,0.7594153881072998,0.1788032352924347,-0.02577739953994751,0.7929092049598694,0.16717317700386047,-0.02893068641424179,0.786995530128479,0.18258798122406006,0.015756865963339806,0.7883786559104919,0.13001257181167603,-0.006972883827984333,0.7916265726089478,0.19635051488876343,-0.01985286921262741,0.7896608114242554,0.2168855369091034,-0.02563788928091526,0.8189988136291504,0.1799829602241516,0.012843439355492592,0.8190222978591919,0.13206611573696136,-0.011854822747409344,0.820101261138916,0.2106180638074875,-0.018020447343587875,0.8158965110778809,0.22612838447093964,-0.014842847362160683,0.8498206734657288,0.18419596552848816,0.004073981195688248,0.8502885699272156,0.13873597979545593,-0.021408742293715477,0.8484774231910706,0.21523809432983398,-0.015330495312809944,0.8445582985877991,0.2357451319694519,-0.002595975063741207,0.8814904093742371,0.1979892998933792,-0.006346272770315409,0.8774881362915039,0.14966051280498505,-0.01648903451859951,0.8732745051383972,0.2017706334590912,-0.007014851085841656,0.8713938593864441,0.2255386859178543,0.004299389198422432,5
0.8493024110794067,0.38117170333862305,-4.0206887774729694e-07,0.7976760268211365,0.33771952986717224,-0.014646356925368309,0.7591891288757324,0.2645415663719177,-0.01898523047566414,0.7600515484809875,0.182453453540802,-0.025209056213498116,0.7923052310943604,0.16898682713508606,-0.027205804362893105,0.7870287299156189,0.1846480816602707,0.015104957856237888,0.7884691953659058,0.13183298707008362,-0.008008659817278385,0.791954517364502,0.20031414926052094,-0.02072858065366745,0.7896220088005066,0.2195046842098236,-0.026355767622590065,0.8191258311271667,0.18214990198612213,0.01260142307728529,0.8190829753875732,0.1345108598470688,-0.01235046423971653,0.8201475143432617,0.2152254432439804,-0.018267344683408737,0.8151712417602539,0.22825606167316437,-0.014883185736835003,0.8498471975326538,0.1854192465543747,0.004109873436391354,0.8502305746078491,0.14083588123321533,-0.021595368161797523,0.8486759662628174,0.21920640766620636,-0.015268473885953426,0.8444867134094238,0.23685967922210693,-0.0024422104470431805,0.8812385201454163,0.19784118235111237,-0.006111397873610258,0.8770972490310669,0.151884526014328,-0.01617291383445263,0.873389482498169,0.20552323758602142,-0.006528330966830254,0.8715599775314331,0.22729642689228058,0.004838829394429922,5
0.8504493236541748,0.3809968829154968,-3.75839732669192e-07,0.7988907098770142,0.33622267842292786,-0.013700753450393677,0.7596328854560852,0.26392123103141785,-0.018126051872968674,0.7595675587654114,0.18120260536670685,-0.02500450424849987,0.7933288812637329,0.17008210718631744,-0.028038179501891136,0.7871898412704468,0.18662378191947937,0.017244640737771988,0.788191556930542,0.1337842047214508,-0.0054534622468054295,0.7918991446495056,0.19945405423641205,-0.018375245854258537,0.7899913191795349,0.21962109208106995,-0.024195801466703415,0.8191500306129456,0.1830092966556549,0.014132066629827023,0.8188939690589905,0.13498984277248383,-0.010948080569505692,0.8203802108764648,0.2131226360797882,-0.01739547774195671,0.8159806132316589,0.2285478711128235,-0.014198155142366886,0.8498774766921997,0.1864127218723297,0.005073407664895058,0.850083589553833,0.1416521519422531,-0.020761709660291672,0.848910391330719,0.21797668933868408,-0.015009959228336811,0.8448027968406677,0.238255575299263,-0.0022964761592447758,0.8815532326698303,0.19936516880989075,-0.00563422217965126,0.8777769207954407,0.15190038084983826,-0.01604253053665161,0.8739014863967896,0.2042141854763031,-0.006837000604718924,0.8717212677001953,0.22801156342029572,0.004374148324131966,5
0.8514052033424377,0.3825554847717285,-3.874793037539348e-07,0.7994115948677063,0.3380768895149231,-0.013667399995028973,0.7606006860733032,0.2647530436515808,-0.01804204098880291,0.76128089427948,0.18245524168014526,-0.02471492439508438,0.7947518825531006,0.1735825389623642,-0.027325401082634926,0.7877678275108337,0.18716633319854736,0.0161431897431612,0.7889190912246704,0.13363096117973328,-0.00657108798623085,0.7933529615402222,0.20115578174591064,-0.01941579021513462,0.7913979887962341,0.22115197777748108,-0.02527676150202751,0.8199176788330078,0.18473321199417114,0.013157816603779793,0.8197740316390991,0.1367107778787613,-0.011564251966774464,0.8217895030975342,0.21561218798160553,-0.017577597871422768,0.817357063293457,0.23044121265411377,-0.014394903555512428,0.8507367968559265,0.18861837685108185,0.004292542114853859,0.8507113456726074,0.14240550994873047,-0.020687907934188843,0.8497939705848694,0.21933743357658386,-0.014320509508252144,0.8460216522216797,0.2390803098678589,-0.0016295472159981728,0.8824460506439209,0.20115819573402405,-0.006285297218710184,0.8784761428833008,0.15364322066307068,-0.01575729064643383,0.8744686245918274,0.20651918649673462,-0.006116542965173721,0.8724485039710999,0.22965271770954132,0.0050863600336015224,5
0.8526245355606079,0.3841910660266876,-3.8450545503110334e-07,0.8011029958724976,0.338875412940979,-0.013429081998765469,0.7631255984306335,0.2667674124240875,-0.01804683730006218,0.7637310028076172,0.18542449176311493,-0.02514767087996006,0.7966251373291016,0.17424999177455902,-0.028378957882523537,0.789584755897522,0.18835830688476562,0.0167691707611084,0.7915313243865967,0.13604643940925598,-0.00626462372019887,0.7956265807151794,0.2030465453863144,-0.019516749307513237,0.7930268049240112,0.22404688596725464,-0.025477878749370575,0.8215082287788391,0.18572725355625153,0.013411826454102993,0.8222783803939819,0.13862311840057373,-0.011647534556686878,0.8238598704338074,0.21681979298591614,-0.01824035309255123,0.8185192942619324,0.23214155435562134,-0.015356170013546944,0.8522778749465942,0.1895381659269333,0.004152231849730015,0.8535571098327637,0.14495086669921875,-0.021269405260682106,0.8520643711090088,0.22045858204364777,-0.01565375179052353,0.8470379710197449,0.23978589475154877,-0.003373659448698163,0.8837465047836304,0.2025591880083084,-0.006753966212272644,0.8803688883781433,0.1561608612537384,-0.016524292528629303,0.8763983845710754,0.2079569697380066,-0.0071105267852544785,0.8738833665847778,0.23064780235290527,0.004018392879515886,5
0.8536396622657776,0.3854447603225708,-3.8191618045857467e-07,0.8021745085716248,0.34178420901298523,-0.014842931181192398,0.7634384632110596,0.2700147330760956,-0.019603170454502106,0.7629325985908508,0.18769904971122742,-0.026463663205504417,0.7956066131591797,0.17479413747787476,-0.02915581874549389,0.7895247340202332,0.19079448282718658,0.01624869741499424,0.7914685606956482,0.13705146312713623,-0.006731994450092316,0.7952180504798889,0.20466113090515137,-0.019626663997769356,0.7923632264137268,0.22454895079135895,-0.02534281089901924,0.8216887712478638,0.18783888220787048,0.013780221343040466,0.8225682377815247,0.13988500833511353,-0.011376174166798592,0.823578953742981,0.21930411458015442,-0.017665859311819077,0.8181220293045044,0.23332463204860687,-0.014493990689516068,0.8523665070533752,0.19122692942619324,0.005228790454566479,0.8539020419120789,0.14618557691574097,-0.020595602691173553,0.8519784212112427,0.22280265390872955,-0.01497630588710308,0.8470032811164856,0.24150025844573975,-0.002534850500524044,0.8837571144104004,0.20343232154846191,-0.005072321277111769,0.8808823227882385,0.1571790874004364,-0.015178436413407326,0.8764985799789429,0.20945361256599426,-0.006015599239617586,0.8737889528274536,0.23200398683547974,0.005038868170231581,5
0.8543000817298889,0.3847559094429016,-3.7951028275529097e-07,0.8024714589118958,0.3405687212944031,-0.013919196091592312,0.7632948756217957,0.26861244440078735,-0.01803760975599289,0.762834370136261,0.1859876662492752,-0.02438148856163025,0.7964766025543213,0.1733541190624237,-0.026563303545117378,0.7895863652229309,0.18838907778263092,0.01737992651760578,0.7913673520088196,0.13678759336471558,-0.005709501914680004,0.7956369519233704,0.20291677117347717,-0.018973389640450478,0.7934362888336182,0.22220304608345032,-0.02486306056380272,0.8218479156494141,0.18582330644130707,0.01457598153501749,0.8223885893821716,0.13888099789619446,-0.010758732445538044,0.8242744207382202,0.2177039384841919,-0.017502598464488983,0.8194743990898132,0.2318636178970337,-0.014492747373878956,0.8526964783668518,0.18932229280471802,0.005765698384493589,0.8538163900375366,0.14500916004180908,-0.02019030600786209,0.852694571018219,0.22158260643482208,-0.014763881452381611,0.8482365608215332,0.2403373420238495,-0.002268052427098155,0.8844543695449829,0.20195706188678741,-0.004702962934970856,0.88169926404953,0.15545707941055298,-0.014895926229655743,0.8774692416191101,0.20808470249176025,-0.005741349421441555,0.8747339248657227,0.23125052452087402,0.005475425161421299,5
0.8543203473091125,0.3827335238456726,-3.823589054263721e-07,0.8023748397827148,0.3397860825061798,-0.014412520453333855,0.7637976408004761,0.2658708691596985,-0.0187463890761137,0.7640638947486877,0.18276447057724,-0.025196699425578117,0.796392560005188,0.17416948080062866,-0.027567697688937187,0.7907853722572327,0.18799114227294922,0.01674041710793972,0.7927360534667969,0.13486751914024353,-0.006124300882220268,0.7967275977134705,0.20233166217803955,-0.01935690827667713,0.7941490411758423,0.22204917669296265,-0.02545309066772461,0.8230262398719788,0.18569929897785187,0.014147981069982052,0.8237517476081848,0.1373714953660965,-0.010684379376471043,0.8249701857566833,0.21669450402259827,-0.017215369269251823,0.8196698427200317,0.2304266393184662,-0.014318164438009262,0.8537434339523315,0.1895369291305542,0.005541918333619833,0.8549136519432068,0.14363162219524384,-0.019744444638490677,0.8531867861747742,0.22053749859333038,-0.013911689631640911,0.8485797047615051,0.2390720248222351,-0.0014775856398046017,0.8853932023048401,0.20173902809619904,-0.0048151770606637,0.8825286030769348,0.15460830926895142,-0.014443466439843178,0.8783873319625854,0.20707564055919647,-0.005020013079047203,0.8759139776229858,0.22957344353199005,0.00608312850818038,5
0.8557279706001282,0.38119393587112427,-3.888750654823525e-07,0.8028230667114258,0.3380294442176819,-0.014199606142938137,0.7634682655334473,0.26517805457115173,-0.018023379147052765,0.7637112140655518,0.1814720630645752,-0.02406645566225052,0.7964545488357544,0.17050300538539886,-0.025934681296348572,0.7906754612922668,0.18705905973911285,0.017807383090257645,0.792880117893219,0.13258609175682068,-0.005196214187890291,0.7968735694885254,0.20046648383140564,-0.018613312393426895,0.7940767407417297,0.22061002254486084,-0.02470751665532589,0.8230729103088379,0.18421924114227295,0.015103498473763466,0.8239354491233826,0.13488417863845825,-0.009808488190174103,0.8254160284996033,0.21433106064796448,-0.016547443345189095,0.8201258182525635,0.22862423956394196,-0.013758488930761814,0.8538815975189209,0.18713651597499847,0.006291580386459827,0.8551318645477295,0.14072412252426147,-0.01932338811457157,0.8539838194847107,0.21790803968906403,-0.013800428248941898,0.8493456244468689,0.23726074397563934,-0.0014443389372900128,0.8856707811355591,0.1987132877111435,-0.004267849028110504,0.8827530741691589,0.150712788105011,-0.01417476311326027,0.8789916038513184,0.2035689651966095,-0.004828137811273336,0.8767221570014954,0.22718872129917145,0.006330799777060747,5
0.3100724220275879,0.3460439443588257,-4.189481046523724e-07,0.2550782561302185,0.3258650302886963,-0.009553697891533375,0.2111135721206665,0.2689710557460785,-0.013115448877215385,0.2013038694858551,0.19167272746562958,-0.01940820924937725,0.23058827221393585,0.1604982167482376,-0.022598067298531532,0.2394200712442398,0.1854347288608551,0.011340486817061901,0.22780965268611908,0.1303117573261261,-0.009400046430528164,0.23453378677368164,0.1918664574623108,-0.020462656393647194,0.24225328862667084,0.22463740408420563,-0.02449234016239643,0.26867642998695374,0.17481565475463867,0.007580694276839495,0.25653380155563354,0.1234932467341423,-0.014052694663405418,0.26505929231643677,0.19972461462020874,-0.017334764823317528,0.27521175146102905,0.23047493398189545,-0.012566417455673218,0.2985924482345581,0.1715019941329956,-0.0008646215428598225,0.28609585762023926,0.11568150669336319,-0.02318170666694641,0.29121828079223633,0.1929771602153778,-0.014325771480798721,0.29969295859336853,0.23084168136119843,-0.00017436640337109566,0.3309439420700073,0.17823746800422668,-0.01056596077978611,0.3151785731315613,0.12483053654432297,-0.02154117077589035,0.31437715888023376,0.17717289924621582,-0.012279743328690529,0.32101985812187195,0.21103787422180176,-0.0008405520347878337,5
0.31082025170326233,0.34636828303337097,-4.159855109264754e-07,0.2548593580722809,0.324745237827301,-0.008625131100416183,0.21197345852851868,0.2685900926589966,-0.011431080289185047,0.20206648111343384,0.19205008447170258,-0.017259933054447174,0.2296813428401947,0.16233716905117035,-0.02007477916777134,0.24042189121246338,0.18490467965602875,0.014811883680522442,0.22889599204063416,0.13071927428245544,-0.005185565445572138,0.23561644554138184,0.19097670912742615,-0.016436753794550896,0.2431466430425644,0.22503213584423065,-0.020568562671542168,0.2692086398601532,0.17340555787086487,0.010834948159754276,0.25738492608070374,0.1224084421992302,-0.010212003253400326,0.2658013701438904,0.1975962221622467,-0.014322562143206596,0.2755148708820343,0.22981978952884674,-0.01010129414498806,0.29887858033180237,0.17002475261688232,0.002151304390281439,0.28675058484077454,0.11487006396055222,-0.01969275251030922,0.29176065325737,0.19077451527118683,-0.011768867261707783,0.30004745721817017,0.22976301610469818,0.0018103262409567833,0.3312826454639435,0.17704522609710693,-0.0077162436209619045,0.31563514471054077,0.12386240810155869,-0.0182147528976202,0.3149130642414093,0.17488908767700195,-0.009188665077090263,0.3215596675872803,0.20854924619197845,0.0021058262791484594,5
0.3106037676334381,0.3462575078010559,-4.2360383645245747e-07,0.2554799020290375,0.32505738735198975,-0.009074704721570015,0.21228338778018951,0.26713788509368896,-0.012182088568806648,0.2023836225271225,0.19049599766731262,-0.01825014129281044,0.23156216740608215,0.16119149327278137,-0.021251512691378593,0.2412833273410797,0.18418511748313904,0.013543408364057541,0.22846905887126923,0.12994882464408875,-0.0069234916009008884,0.2353868931531906,0.19128818809986115,-0.018204880878329277,0.24343755841255188,0.22410090267658234,-0.02235361561179161,0.2700277268886566,0.1733255386352539,0.009649360552430153,0.25746607780456543,0.12317121773958206,-0.011622060090303421,0.2659074664115906,0.1992148458957672,-0.015166007913649082,0.2759091854095459,0.22990141808986664,-0.010555706918239594,0.29958993196487427,0.17018616199493408,0.0009549601818434894,0.286771684885025,0.11563912034034729,-0.021058766171336174,0.2919553518295288,0.19222043454647064,-0.012700114399194717,0.3007073700428009,0.2300962656736374,0.0011551427887752652,0.3318890631198883,0.17689813673496246,-0.008999926969408989,0.3157281279563904,0.12412545830011368,-0.019650375470519066,0.31514859199523926,0.17519786953926086,-0.010603121481835842,0.3223603665828705,0.20839060842990875,0.0006916116690263152,5
0.3100285828113556,0.34647136926651,-4.1854579535538505e-07,0.2546287477016449,0.3245062530040741,-0.008388504385948181,0.21211248636245728,0.26778149604797363,-0.01105530746281147,0.20196020603179932,0.19177787005901337,-0.016918141394853592,0.23032118380069733,0.16329744458198547,-0.019810371100902557,0.24208851158618927,0.18435919284820557,0.015541814267635345,0.22923900187015533,0.13050082325935364,-0.004309491720050573,0.23596787452697754,0.190532386302948,-0.015630273148417473,0.24416090548038483,0.22431880235671997,-0.019805852323770523,0.2702678442001343,0.17334964871406555,0.011551868170499802,0.25780466198921204,0.12380374222993851,-0.009428421966731548,0.26635414361953735,0.19856923818588257,-0.013547363691031933,0.2765595614910126,0.2302461564540863,-0.009310388937592506,0.29945436120033264,0.17016705870628357,0.0027994546107947826,0.2868863046169281,0.1163017675280571,-0.018867289647459984,0.29200291633605957,0.19197212159633636,-0.011133354157209396,0.30074772238731384,0.23061051964759827,0.0023249743971973658,0.3314248323440552,0.17717167735099792,-0.00716108875349164,0.31571266055107117,0.12477310001850128,-0.017359286546707153,0.31465476751327515,0.17540107667446136,-0.008485126309096813,0.32151493430137634,0.2090650200843811,0.002655912423506379,5
0.3110250234603882,0.3454884886741638,-4.2165822833339917e-07,0.25567373633384705,0.324055552482605,-0.008578268811106682,0.21253910660743713,0.2674724757671356,-0.011454720050096512,0.20257776975631714,0.1912231147289276,-0.01721995696425438,0.2306876927614212,0.1614988148212433,-0.01994948275387287,0.24193865060806274,0.18511399626731873,0.013313224539160728,0.23072145879268646,0.12980647385120392,-0.006612495984882116,0.236646831035614,0.19093981385231018,-0.017750205472111702,0.24386145174503326,0.2251480370759964,-0.021888861432671547,0.2703601121902466,0.1743781715631485,0.009561586193740368,0.25908106565475464,0.12348611652851105,-0.011220886372029781,0.2668466866016388,0.1985844373703003,-0.01503782905638218,0.27615654468536377,0.23042169213294983,-0.010912114754319191,0.29962387681007385,0.17115217447280884,0.0012557987356558442,0.28743791580200195,0.11535786837339401,-0.020145274698734283,0.2923000156879425,0.19118548929691315,-0.011945230886340141,0.3006473183631897,0.23008714616298676,0.0015125583158805966,0.33141106367111206,0.1779143214225769,-0.008225797675549984,0.3160718083381653,0.12470584362745285,-0.018641283735632896,0.31538674235343933,0.17570284008979797,-0.009657887741923332,0.32216355204582214,0.20920951664447784,0.0014581072609871626,5
0.31235069036483765,0.34254366159439087,-4.351511790900986e-07,0.25823211669921875,0.3198038339614868,-0.007518809288740158,0.21684998273849487,0.26113656163215637,-0.009839995764195919,0.20777779817581177,0.18684916198253632,-0.015307527966797352,0.23522719740867615,0.1580376923084259,-0.017960194498300552,0.2466772496700287,0.18136078119277954,0.013626987114548683,0.23487244546413422,0.1272006630897522,-0.006353575270622969,0.24071693420410156,0.188130721449852,-0.017176983878016472,0.2482355237007141,0.221732035279274,-0.020981580018997192,0.2749028205871582,0.17185468971729279,0.009289002045989037,0.26267749071121216,0.12120562046766281,-0.01118131261318922,0.2705206871032715,0.19640932977199554,-0.014215781353414059,0.2806195616722107,0.2267637997865677,-0.009409082122147083,0.3041571080684662,0.1694001406431198,0.00043785321759060025,0.29166561365127563,0.11501988023519516,-0.020829174667596817,0.29631730914115906,0.19094547629356384,-0.012225356884300709,0.30488723516464233,0.2278917282819748,0.0015409209299832582,0.3361985981464386,0.17670372128486633,-0.009496750310063362,0.32017314434051514,0.12384562939405441,-0.019635865464806557,0.3193207383155823,0.17481115460395813,-0.010225307196378708,0.32629361748695374,0.20705977082252502,0.0011825262336060405,5
0.31555861234664917,0.3380894064903259,-4.3777876612693944e-07,0.2622791528701782,0.31670039892196655,-0.008942116051912308,0.22118794918060303,0.25728124380111694,-0.011603285558521748,0.21378862857818604,0.1816454827785492,-0.01710168644785881,0.24272945523262024,0.1501488983631134,-0.019703371450304985,0.2526771128177643,0.17804241180419922,0.012532389722764492,0.24036693572998047,0.12499798089265823,-0.007800891529768705,0.24465250968933105,0.1859259158372879,-0.018811238929629326,0.2522851228713989,0.21689684689044952,-0.022851040586829185,0.2809649705886841,0.16894184052944183,0.008816244080662727,0.26880359649658203,0.11754501610994339,-0.01230862457305193,0.2744876444339752,0.1943139284849167,-0.015345899388194084,0.284603476524353,0.22442542016506195,-0.010355264879763126,0.31024911999702454,0.16701090335845947,0.00042222539195790887,0.29793858528137207,0.11143197119235992,-0.021929919719696045,0.3007812201976776,0.18915438652038574,-0.013358083553612232,0.3095058500766754,0.22663909196853638,0.0007093552267178893,0.3421620726585388,0.17488355934619904,-0.009152607060968876,0.3266324996948242,0.1214725449681282,-0.020726880058646202,0.3245546519756317,0.17397871613502502,-0.011846842244267464,0.3314283490180969,0.20767684280872345,-0.0004987529828213155,5
0.3183884620666504,0.3401373624801636,-4.207480515105999e-07,0.2638664245605469,0.3124347925186157,-0.007743444759398699,0.22438333928585052,0.255056232213974,-0.009959506802260876,0.21664109826087952,0.1793927550315857,-0.015418928116559982,0.24548569321632385,0.1487242579460144,-0.017806926742196083,0.2561623752117157,0.17712800204753876,0.01798340119421482,0.2451132833957672,0.12230966985225677,-0.001220536301843822,0.24924828112125397,0.18274179100990295,-0.012459096498787403,0.25652483105659485,0.2155025154352188,-0.016721446067094803,0.2845541536808014,0.16827335953712463,0.014103417284786701,0.2731965482234955,0.11662321537733078,-0.005553806200623512,0.27927273511886597,0.19258645176887512,-0.009422543458640575,0.2889760732650757,0.22317373752593994,-0.00522514758631587,0.31389713287353516,0.16675984859466553,0.005415052641183138,0.30212774872779846,0.11197023838758469,-0.014936351217329502,0.3048803210258484,0.18782061338424683,-0.00669424794614315,0.3128893971443176,0.2250666469335556,0.006765319034457207,0.34633687138557434,0.17615969479084015,-0.0044743455946445465,0.3308093845844269,0.12237360328435898,-0.013679096475243568,0.3283258378505707,0.17338603734970093,-0.004188430495560169,0.33472076058387756,0.20606963336467743,0.007221084088087082,5
0.3192146122455597,0.34166306257247925,-4.208397399452224e-07,0.2642272710800171,0.3145913779735565,-0.007855433970689774,0.2247639298439026,0.25620317459106445,-0.010380251333117485,0.21752266585826874,0.18010424077510834,-0.01620590128004551,0.24583755433559418,0.14963291585445404,-0.01899220608174801,0.2570480406284332,0.17693914473056793,0.017177443951368332,0.2455904185771942,0.12236960977315903,-0.0026402324438095093,0.2498367726802826,0.18309146165847778,-0.014154083095490932,0.2573569715023041,0.21597610414028168,-0.018445827066898346,0.2853701114654541,0.1691877841949463,0.013187481090426445,0.2735925316810608,0.1173417866230011,-0.0071777827106416225,0.2796298563480377,0.19382554292678833,-0.011189563199877739,0.2896409332752228,0.2245497852563858,-0.006941585335880518,0.3146326541900635,0.1682511270046234,0.004399954807013273,0.30235955119132996,0.11212144047021866,-0.01654779352247715,0.30511143803596497,0.18924471735954285,-0.00816412828862667,0.31362494826316833,0.22707517445087433,0.005566099658608437,0.3469218909740448,0.17760853469371796,-0.005593498237431049,0.33147794008255005,0.12319443374872208,-0.015209769830107689,0.3285631239414215,0.17470672726631165,-0.0057222903706133366,0.33506420254707336,0.2079281508922577,0.00582486018538475,5
0.31731468439102173,0.34309935569763184,-4.198800809263048e-07,0.2627382278442383,0.3169059455394745,-0.007693945430219173,0.22164514660835266,0.25600552558898926,-0.009396026842296124,0.21433985233306885,0.18084362149238586,-0.014328941702842712,0.2431887984275818,0.15588270127773285,-0.01637815497815609,0.2540276348590851,0.1782345175743103,0.016534553840756416,0.2430405616760254,0.12426900863647461,-0.002254325896501541,0.24727500975131989,0.18494056165218353,-0.012938418425619602,0.25465184450149536,0.2191401869058609,-0.016826177015900612,0.282234251499176,0.1704971045255661,0.012590385042130947,0.2712591290473938,0.11923150718212128,-0.0072340634651482105,0.2771727442741394,0.1950385421514511,-0.011090251617133617,0.2866317629814148,0.22766751050949097,-0.006835383828729391,0.31163981556892395,0.169793039560318,0.004040737636387348,0.30021053552627563,0.11416946351528168,-0.016094261780381203,0.3032527267932892,0.19088995456695557,-0.007987470366060734,0.3109699785709381,0.22985514998435974,0.0052644736133515835,0.3435654044151306,0.1794442981481552,-0.005708611570298672,0.32897672057151794,0.1254599392414093,-0.01462357398122549,0.32652461528778076,0.1763731837272644,-0.005211757495999336,0.33254173398017883,0.20933897793293,0.005970654543489218,5
0.3143482506275177,0.344542920589447,-4.1277104401160614e-07,0.2596934139728546,0.31874459981918335,-0.0078057353384792805,0.21839304268360138,0.25815433263778687,-0.009881477802991867,0.2100614309310913,0.18354490399360657,-0.015141553245484829,0.23787470161914825,0.15781305730342865,-0.01747249811887741,0.24977454543113708,0.18100574612617493,0.015839790925383568,0.23895345628261566,0.12567555904388428,-0.003431296441704035,0.2433510720729828,0.18647201359272003,-0.014171733520925045,0.25068995356559753,0.22117704153060913,-0.01799110695719719,0.27799296379089355,0.1724967062473297,0.011827388778328896,0.266980916261673,0.12049174308776855,-0.00871581956744194,0.2735235095024109,0.19607466459274292,-0.01266819704324007,0.2835240066051483,0.22906996309757233,-0.008311783894896507,0.3074154555797577,0.17127707600593567,0.003231843002140522,0.29582491517066956,0.1163342073559761,-0.01741485483944416,0.29963141679763794,0.19234633445739746,-0.00920549500733614,0.3077525198459625,0.2313392460346222,0.004266311880201101,0.33939072489738464,0.18015499413013458,-0.006557375192642212,0.3244052529335022,0.12662431597709656,-0.01597287505865097,0.32261502742767334,0.17783446609973907,-0.006664587650448084,0.3288705348968506,0.21130113303661346,0.0045625027269124985,5
0.31353241205215454,0.3451641798019409,-4.1965679997701955e-07,0.2576013207435608,0.31823277473449707,-0.007271791808307171,0.21699485182762146,0.2612980008125305,-0.009263251908123493,0.20857051014900208,0.18522684276103973,-0.014731522649526596,0.2368057668209076,0.15605700016021729,-0.01715788058936596,0.2483845353126526,0.18094541132450104,0.018829965963959694,0.2366124540567398,0.12650400400161743,-0.000544683774933219,0.2418060600757599,0.18725211918354034,-0.01187770627439022,0.24939538538455963,0.22079497575759888,-0.016030829399824142,0.27667656540870667,0.17229920625686646,0.01462937705218792,0.2652105689048767,0.12100830674171448,-0.005810638424009085,0.2721695005893707,0.19736206531524658,-0.010243174619972706,0.2819656431674957,0.2288273572921753,-0.006155789829790592,0.3060406744480133,0.17100805044174194,0.0056597148068249226,0.2939184010028839,0.1162426695227623,-0.01534782163798809,0.29780352115631104,0.19351401925086975,-0.007338022347539663,0.3063224256038666,0.23160555958747864,0.006298018153756857,0.3383892774581909,0.1802346259355545,-0.004442421719431877,0.3228732943534851,0.1267644464969635,-0.013735252432525158,0.32100343704223633,0.17836329340934753,-0.00415789382532239,0.32781121134757996,0.21082505583763123,0.007463483139872551,5
0.3137052655220032,0.3464479446411133,-4.1781328263823525e-07,0.25798484683036804,0.32098641991615295,-0.008232135325670242,0.2167775183916092,0.26261070370674133,-0.010524699464440346,0.20793986320495605,0.18692108988761902,-0.01600254513323307,0.2360643595457077,0.158815398812294,-0.018459932878613472,0.24693329632282257,0.18334448337554932,0.017216864973306656,0.2355165332555771,0.12994161248207092,-0.002664170926436782,0.24113692343235016,0.19085459411144257,-0.01412496529519558,0.24882981181144714,0.22338885068893433,-0.018434396013617516,0.275453120470047,0.1738755851984024,0.013243889436125755,0.2638394236564636,0.12226693332195282,-0.007951200008392334,0.27116233110427856,0.19940851628780365,-0.012357447296380997,0.2808614671230316,0.23079828917980194,-0.00815436989068985,0.3051530420780182,0.1720161885023117,0.004481136798858643,0.2931176722049713,0.11676345020532608,-0.01738951914012432,0.297410249710083,0.19488678872585297,-0.009187755174934864,0.3056616187095642,0.2330099195241928,0.0047008623369038105,0.3375239074230194,0.18066243827342987,-0.005475916899740696,0.32224124670028687,0.12763211131095886,-0.01561044529080391,0.32089850306510925,0.18025104701519012,-0.0060843368992209435,0.3274964988231659,0.2128283530473709,0.005573384929448366,5
0.31211838126182556,0.35093051195144653,-4.1186652310898353e-07,0.2560064494609833,0.32296672463417053,-0.006871035788208246,0.2146746814250946,0.26647278666496277,-0.008635108359158039,0.20552092790603638,0.19266769289970398,-0.01387995295226574,0.23318253457546234,0.16342322528362274,-0.0162221547216177,0.2437969446182251,0.1887248158454895,0.018004855141043663,0.23292389512062073,0.13413332402706146,-0.0013225575676187873,0.23904037475585938,0.19433914124965668,-0.012452463619410992,0.2465861439704895,0.22801907360553741,-0.01645807921886444,0.27274376153945923,0.1796412467956543,0.013550863601267338,0.261982262134552,0.1284739077091217,-0.006727389059960842,0.2698666751384735,0.20357626676559448,-0.011015948839485645,0.27925464510917664,0.23500566184520721,-0.006978428456932306,0.30272427201271057,0.17760254442691803,0.004454164765775204,0.2911137640476227,0.1223028153181076,-0.016457736492156982,0.29572582244873047,0.19843325018882751,-0.008559231646358967,0.3037838041782379,0.23674193024635315,0.004894636571407318,0.3353816270828247,0.18623320758342743,-0.005685658194124699,0.3200218081474304,0.13256573677062988,-0.014902148395776749,0.31869861483573914,0.18364261090755463,-0.00530810235068202,0.3251819312572479,0.21637465059757233,0.006218432914465666,5
0.3115752339363098,0.35525083541870117,-4.348883351212862e-07,0.2556147873401642,0.3310681879520416,-0.007902521640062332,0.21268802881240845,0.2711801528930664,-0.010087068192660809,0.20323707163333893,0.19411355257034302,-0.015549127012491226,0.23215505480766296,0.16631583869457245,-0.01792903058230877,0.24412576854228973,0.1898932009935379,0.015335345640778542,0.2320028841495514,0.1344047337770462,-0.004960004705935717,0.23810207843780518,0.19780485332012177,-0.01613614149391651,0.2459888905286789,0.23141835629940033,-0.02014276012778282,0.27268412709236145,0.1806448996067047,0.011140942573547363,0.2608991861343384,0.12904106080532074,-0.009895886294543743,0.26826122403144836,0.20676565170288086,-0.013325084932148457,0.27825599908828735,0.23695063591003418,-0.008672641590237617,0.3019900619983673,0.17870016396045685,0.00215575797483325,0.289462685585022,0.12254084646701813,-0.019386939704418182,0.2933538258075714,0.20108114182949066,-0.010675676167011261,0.30211710929870605,0.23899230360984802,0.003347038757055998,0.3339371681213379,0.18625995516777039,-0.008040627464652061,0.31800538301467896,0.13237400352954865,-0.017694931477308273,0.31637707352638245,0.18432524800300598,-0.00808010809123516,0.32343727350234985,0.21697114408016205,0.0034403125755488873,5
0.31161847710609436,0.35210639238357544,-4.2344836970187316e-07,0.255247563123703,0.32821953296661377,-0.0075786542147397995,0.21262766420841217,0.2702769935131073,-0.009729987010359764,0.20341433584690094,0.19290032982826233,-0.015118231996893883,0.23161353170871735,0.16476503014564514,-0.01738567277789116,0.24295686185359955,0.18846461176872253,0.016207268461585045,0.23196087777614594,0.1321897804737091,-0.003823172766715288,0.23828309774398804,0.19430094957351685,-0.015163659118115902,0.2457239180803299,0.22921222448349,-0.019241217523813248,0.2716687023639679,0.17922544479370117,0.012077240273356438,0.26048344373703003,0.12738434970378876,-0.008674468845129013,0.26849621534347534,0.2037578672170639,-0.012507776729762554,0.2779749035835266,0.2350405901670456,-0.008160886354744434,0.30107390880584717,0.177142933011055,0.0032332311384379864,0.28913381695747375,0.1212843582034111,-0.018033342435956,0.2935945987701416,0.19869989156723022,-0.009576746262609959,0.3017185628414154,0.2371065318584442,0.004234521184116602,0.33319956064224243,0.18494904041290283,-0.006758138071745634,0.31795641779899597,0.1312023103237152,-0.01628570258617401,0.3167423605918884,0.18289075791835785,-0.006683450657874346,0.32329437136650085,0.21554459631443024,0.004849234130233526,5
0.3109012842178345,0.35231056809425354,-4.2616235873538244e-07,0.2543788254261017,0.3260977566242218,-0.007464192807674408,0.21193212270736694,0.26945430040359497,-0.009472941048443317,0.2033974826335907,0.1928446888923645,-0.01479727029800415,0.23259693384170532,0.1621079444885254,-0.017021939158439636,0.24342206120491028,0.18827831745147705,0.017260367050766945,0.2311421036720276,0.13385027647018433,-0.002318729180842638,0.23690223693847656,0.19544284045696259,-0.013671565800905228,0.24492225050926208,0.22879309952259064,-0.01790427975356579,0.27210456132888794,0.17880114912986755,0.013144231401383877,0.2603653073310852,0.12767009437084198,-0.007525795605033636,0.26773759722709656,0.20398566126823425,-0.01173492893576622,0.2778133153915405,0.2354026734828949,-0.007583246566355228,0.3015087842941284,0.176566019654274,0.004304264206439257,0.289073646068573,0.12104765325784683,-0.016932636499404907,0.2930929660797119,0.19796979427337646,-0.008916727267205715,0.3019530177116394,0.2367628514766693,0.00471027847379446,0.33372971415519714,0.18464745581150055,-0.0056789834052324295,0.3177136778831482,0.13093899190425873,-0.015445730648934841,0.31624293327331543,0.18231932818889618,-0.006174616515636444,0.32342472672462463,0.2154727727174759,0.005262014456093311,5
0.31130045652389526,0.3510996103286743,-4.1683222207211656e-07,0.2545454800128937,0.3250545859336853,-0.0080260643735528,0.21197569370269775,0.2685660421848297,-0.010511449538171291,0.20313672721385956,0.192691832780838,-0.016167154535651207,0.2324185073375702,0.16327574849128723,-0.018720129504799843,0.242477148771286,0.18768619000911713,0.0168924517929554,0.23092402517795563,0.1328229159116745,-0.002576870145276189,0.2369089126586914,0.1946239024400711,-0.013722722418606281,0.2444751262664795,0.22781115770339966,-0.017876379191875458,0.27156364917755127,0.17792755365371704,0.012885875068604946,0.25999146699905396,0.12660226225852966,-0.0077669741585850716,0.2677605152130127,0.20344001054763794,-0.011868712492287159,0.2776751220226288,0.23507830500602722,-0.007611704058945179,0.3013242781162262,0.17580029368400574,0.004120234865695238,0.28885626792907715,0.12133236229419708,-0.017132427543401718,0.29352840781211853,0.19875720143318176,-0.008962391875684261,0.30225110054016113,0.23727819323539734,0.004767590202391148,0.333997905254364,0.18417766690254211,-0.005804747808724642,0.31758084893226624,0.13074904680252075,-0.015596790239214897,0.3167285621166229,0.18299496173858643,-0.006120995618402958,0.32393357157707214,0.21633701026439667,0.005457744468003511,5
0.3118389844894409,0.35158035159111023,-4.2333385863457806e-07,0.25565940141677856,0.3275408446788788,-0.008238825015723705,0.21375048160552979,0.2705753445625305,-0.01074152160435915,0.20450133085250854,0.1939277946949005,-0.01640031300485134,0.23300015926361084,0.16397680342197418,-0.01892227865755558,0.24472357332706451,0.18808887898921967,0.016690244898200035,0.23273472487926483,0.13471101224422455,-0.003198526334017515,0.2382129430770874,0.19614705443382263,-0.014569618739187717,0.24605464935302734,0.22877661883831024,-0.018736084923148155,0.27325674891471863,0.17891788482666016,0.012864120304584503,0.26116475462913513,0.12845966219902039,-0.008007201366126537,0.26844215393066406,0.20500899851322174,-0.012055078521370888,0.27853670716285706,0.23560380935668945,-0.007714244537055492,0.30270498991012573,0.176931232213974,0.004240463953465223,0.28977683186531067,0.12186836451292038,-0.01749153435230255,0.29401400685310364,0.19971080124378204,-0.00927584059536457,0.303030788898468,0.23790955543518066,0.004612710326910019,0.33509841561317444,0.18501770496368408,-0.005559440236538649,0.3187945485115051,0.13154128193855286,-0.015823939815163612,0.3173767328262329,0.1838941127061844,-0.006483737379312515,0.32462966442108154,0.2172263264656067,0.005141141824424267,5
0.85490483045578,0.9280834197998047,-6.273534154388472e-07,0.7851860523223877,0.8719577789306641,-0.025011364370584488,0.7185845971107483,0.7601853609085083,-0.027517598122358322,0.7137258052825928,0.6497772932052612,-0.031053487211465836,0.7656534314155579,0.6368200182914734,-0.025823624804615974,0.7553218007087708,0.6415585875511169,0.02257811278104782,0.7538255453109741,0.5688357353210449,-0.010664007626473904,0.7637481689453125,0.6700102090835571,-0.024673698469996452,0.7611714601516724,0.6793878078460693,-0.029783807694911957,0.8022862076759338,0.6353493332862854,0.02111363410949707,0.7990119457244873,0.5766828656196594,-0.015548008494079113,0.8060269355773926,0.7000130414962769,-0.01918758638203144,0.799971342086792,0.6921764612197876,-0.010077221319079399,0.8478363752365112,0.6378362774848938,0.009446782991290092,0.8475107550621033,0.5868862867355347,-0.028498532250523567,0.8490241169929504,0.702330470085144,-0.018389703705906868,0.8430376052856445,0.6967515349388123,0.0007052314467728138,0.8943004012107849,0.6496102809906006,-0.005377255380153656,0.8908087015151978,0.5999292731285095,-0.018546387553215027,0.8871839642524719,0.6805774569511414,-0.005440599285066128,0.8842315673828125,0.6951910853385925,0.009779880754649639,5
0.8535556793212891,0.9308396577835083,-6.342439746731543e-07,0.7844505310058594,0.8756115436553955,-0.024714596569538116,0.7185248136520386,0.7610121369361877,-0.02705511823296547,0.7136783003807068,0.6509878039360046,-0.030508635565638542,0.7658258080482483,0.6399909257888794,-0.02520708553493023,0.7554053068161011,0.6432266235351562,0.021963924169540405,0.7529204487800598,0.5703346729278564,-0.01094196829944849,0.7632282972335815,0.6732860803604126,-0.024870270863175392,0.7613016366958618,0.6825739145278931,-0.03024490550160408,0.8022838234901428,0.6366060376167297,0.02044641599059105,0.7980743646621704,0.5786628723144531,-0.01574399694800377,0.8055647015571594,0.7032080292701721,-0.01888071559369564,0.8007281422615051,0.6958003640174866,-0.00967947207391262,0.8476347327232361,0.6391929388046265,0.008838389068841934,0.8464056253433228,0.5884682536125183,-0.028198542073369026,0.8482317924499512,0.7052953839302063,-0.017039842903614044,0.8438099026679993,0.7006593942642212,0.0024441538844257593,0.8941577672958374,0.6506888270378113,-0.006002458743751049,0.8897472620010376,0.6004788875579834,-0.01849421299993992,0.8860754370689392,0.6820911765098572,-0.004851984791457653,0.8840333223342896,0.6973345875740051,0.010545098222792149,5
0.8542203307151794,0.9307249188423157,-6.376932333296281e-07,0.7859693169593811,0.8765390515327454,-0.025423847138881683,0.7196902632713318,0.7630012035369873,-0.0277802012860775,0.7132392525672913,0.6534373760223389,-0.03095577470958233,0.7646979093551636,0.6353867650032043,-0.02514261193573475,0.7554563879966736,0.6429975032806396,0.02176879718899727,0.7536521553993225,0.5701912045478821,-0.011372190900146961,0.7638766169548035,0.6730508804321289,-0.02552143856883049,0.7616039514541626,0.6825593113899231,-0.03089267946779728,0.8021893501281738,0.6364697217941284,0.020572593435645103,0.7982482314109802,0.5773082375526428,-0.015929564833641052,0.8059167861938477,0.7020961046218872,-0.019529441371560097,0.8009231686592102,0.6949551105499268,-0.010474560782313347,0.8476069569587708,0.6383254528045654,0.009242401458323002,0.8464192152023315,0.5874213576316833,-0.028175586834549904,0.8486942052841187,0.7040214538574219,-0.017291216179728508,0.8441897630691528,0.6987806558609009,0.002142485463991761,0.8941810131072998,0.6491047739982605,-0.005325289908796549,0.8896503448486328,0.5997928380966187,-0.01796862855553627,0.8861507773399353,0.6816689968109131,-0.0042242566123604774,0.8838019371032715,0.6963562965393066,0.01132687833160162,5
0.8518375754356384,0.9307823777198792,-6.21564652192319e-07,0.7835465669631958,0.8768752813339233,-0.02625950425863266,0.7173898220062256,0.7622708678245544,-0.029386036098003387,0.7122555375099182,0.6513060927391052,-0.03325045108795166,0.765041708946228,0.6362084150314331,-0.028138739988207817,0.752856433391571,0.6417045593261719,0.02111196704208851,0.7507894039154053,0.5710645318031311,-0.012315626256167889,0.7609948515892029,0.6745849251747131,-0.02636917494237423,0.7592512369155884,0.6831027865409851,-0.031596116721630096,0.7998195290565491,0.6349632740020752,0.02022412046790123,0.7963074445724487,0.5782818794250488,-0.016477424651384354,0.8037848472595215,0.7030998468399048,-0.019535912200808525,0.7989522814750671,0.6944270730018616,-0.010014515370130539,0.8453378081321716,0.6375051140785217,0.009029745124280453,0.8452053070068359,0.5898267030715942,-0.028413647785782814,0.8465731739997864,0.7056288719177246,-0.01729433797299862,0.8418630361557007,0.698614776134491,0.0023072173353284597,0.8918750286102295,0.6489871740341187,-0.005526991561055183,0.8881828188896179,0.6021267771720886,-0.017964696511626244,0.8844286203384399,0.6830559372901917,-0.004350833594799042,0.8822882771492004,0.6961880922317505,0.011049941182136536,5
0.853072464466095,0.9329792857170105,-6.296353944890143e-07,0.7831370234489441,0.8773784041404724,-0.024397380650043488,0.7164501547813416,0.7631667852401733,-0.026313921436667442,0.711078405380249,0.6523590087890625,-0.029424486681818962,0.7634904384613037,0.640168309211731,-0.023771625012159348,0.7535620927810669,0.6457962989807129,0.023751869797706604,0.7506728768348694,0.5729539394378662,-0.008515754714608192,0.7610680460929871,0.6745405793190002,-0.022244848310947418,0.759220540523529,0.6841214895248413,-0.027372555807232857,0.8000699281692505,0.6386600136756897,0.02229345589876175,0.7955293655395508,0.580664873123169,-0.013242971152067184,0.803708016872406,0.7039005756378174,-0.0164386797696352,0.7991858720779419,0.6968176960945129,-0.007195020094513893,0.8454543352127075,0.6407161951065063,0.010705897584557533,0.8436322212219238,0.589402437210083,-0.025789983570575714,0.8463246822357178,0.7047898173332214,-0.01493388693779707,0.8420444130897522,0.7002686858177185,0.004379322286695242,0.8919957876205444,0.6520174145698547,-0.004091696813702583,0.8874613642692566,0.6007027626037598,-0.015913687646389008,0.8840094208717346,0.6818094253540039,-0.002094330731779337,0.8818665742874146,0.6978422999382019,0.013410854153335094,5
0.8521278500556946,0.9273276329040527,-6.348765850816562e-07,0.7840405106544495,0.8730451464653015,-0.025152606889605522,0.717860996723175,0.7598322629928589,-0.02783931978046894,0.7110266089439392,0.6494954824447632,-0.0314047746360302,0.7625542879104614,0.6350295543670654,-0.026043808087706566,0.7539017200469971,0.6410028338432312,0.021254315972328186,0.7521310448646545,0.5677183866500854,-0.011819415725767612,0.7627651691436768,0.6709004640579224,-0.02596145309507847,0.7605591416358948,0.6815391182899475,-0.031374845653772354,0.8008297681808472,0.6348629593849182,0.01994391717016697,0.7966152429580688,0.575482189655304,-0.016423651948571205,0.8047620058059692,0.6999839544296265,-0.019890284165740013,0.8001693487167358,0.6934252977371216,-0.010926793329417706,0.8463317155838013,0.6371136903762817,0.00861116498708725,0.8445820808410645,0.5853711366653442,-0.02840828336775303,0.8471194505691528,0.701833963394165,-0.016930319368839264,0.8430925607681274,0.6975992321968079,0.002746283309534192,0.8927722573280334,0.6482424736022949,-0.0059601846151053905,0.8879045844078064,0.5972533822059631,-0.018027743324637413,0.8844206929206848,0.6787695288658142,-0.0037473542615771294,0.8825454115867615,0.6946105360984802,0.012022668495774269,5
0.8554807901382446,0.9273039698600769,-6.366447564687405e-07,0.7862959504127502,0.8745167851448059,-0.025246601551771164,0.7202161550521851,0.7603330612182617,-0.027566099539399147,0.7148967981338501,0.650734007358551,-0.030551159754395485,0.7657923698425293,0.6396441459655762,-0.02466535195708275,0.7557428479194641,0.6422399878501892,0.01992828957736492,0.7538142204284668,0.5713270306587219,-0.0125310979783535,0.764968991279602,0.6728417873382568,-0.025904281064867973,0.7623071074485779,0.6801521182060242,-0.03099678084254265,0.8027179837226868,0.6363584995269775,0.01883162185549736,0.7987155318260193,0.5787787437438965,-0.01670300029218197,0.8066188097000122,0.7023575901985168,-0.01942979358136654,0.8005500435829163,0.6929696798324585,-0.01026179175823927,0.84787917137146,0.6385051012039185,0.007774956990033388,0.8465985059738159,0.5874419212341309,-0.029015284031629562,0.8493340611457825,0.7030968070030212,-0.0179902333766222,0.8444312214851379,0.6966003775596619,0.0011797106126323342,0.8941454291343689,0.6488748788833618,-0.006491884123533964,0.8899480700492859,0.5979629755020142,-0.019115861505270004,0.8872470259666443,0.6782295107841492,-0.005657612346112728,0.8851855993270874,0.6930451989173889,0.009528640657663345,5
0.8582972288131714,0.9286068677902222,-6.247140049708833e-07,0.7891483902931213,0.8737808465957642,-0.02413870394229889,0.7223958969116211,0.7607437372207642,-0.026355469599366188,0.716504693031311,0.6516160368919373,-0.029766395688056946,0.7692094445228577,0.642214298248291,-0.024471379816532135,0.7584214210510254,0.6445677876472473,0.02221391163766384,0.7558761835098267,0.5710212588310242,-0.010367983020842075,0.766925036907196,0.6724345088005066,-0.024008646607398987,0.7645717859268188,0.6820535659790039,-0.028996175155043602,0.8053855895996094,0.6390294432640076,0.020742973312735558,0.801459789276123,0.5818178057670593,-0.015000088140368462,0.8091211915016174,0.7038010358810425,-0.018064050003886223,0.8030575513839722,0.6953245997428894,-0.008912162855267525,0.8506784439086914,0.6414797306060791,0.009277408011257648,0.8495613932609558,0.590864896774292,-0.027110615745186806,0.8515835404396057,0.7051889300346375,-0.016371475532650948,0.8462469577789307,0.6991032958030701,0.0026859100908041,0.8969455361366272,0.6516968607902527,-0.005320670083165169,0.8929628133773804,0.6012897491455078,-0.01714853011071682,0.8899354934692383,0.6813541650772095,-0.0036300530191510916,0.8876746892929077,0.6960259079933167,0.011563213542103767,5
0.8585940599441528,0.928924560546875,-6.239641265892715e-07,0.789485514163971,0.8746144771575928,-0.024117425084114075,0.7225755453109741,0.7620883584022522,-0.026561759412288666,0.7170111536979675,0.652423620223999,-0.030311446636915207,0.7691179513931274,0.64117032289505,-0.02552618645131588,0.7588077187538147,0.6458872556686401,0.021815266460180283,0.7565138339996338,0.5725759863853455,-0.011060410179197788,0.7673695683479309,0.673917293548584,-0.024900883436203003,0.765350878238678,0.6834849715232849,-0.030049797147512436,0.8059523701667786,0.6398793458938599,0.01996779814362526,0.8019872903823853,0.5812195539474487,-0.016273032873868942,0.8097522854804993,0.7034714221954346,-0.019533926621079445,0.8044552803039551,0.6959837675094604,-0.010356725193560123,0.8512821793556213,0.6425467729568481,0.008143341168761253,0.8502803444862366,0.591000497341156,-0.02893538400530815,0.8526858687400818,0.7050129175186157,-0.018193263560533524,0.8478261828422546,0.6994299292564392,0.001119225169532001,0.8978220820426941,0.6535537242889404,-0.006788401398807764,0.8936020135879517,0.6008307337760925,-0.019121060147881508,0.8909254670143127,0.6801716089248657,-0.005365693010389805,0.889204740524292,0.6953360438346863,0.010159059427678585,5
0.85630202293396,0.9284566044807434,-6.20301534581813e-07,0.7884994745254517,0.8733524084091187,-0.02432607114315033,0.7217269539833069,0.7584489583969116,-0.027158785611391068,0.716457724571228,0.6493867635726929,-0.0313958078622818,0.7701597809791565,0.6399540305137634,-0.027095401659607887,0.7583888173103333,0.6416341066360474,0.02171909250319004,0.7554094195365906,0.5686320066452026,-0.011615386232733727,0.7659223079681396,0.6702498197555542,-0.025342440232634544,0.7643832564353943,0.6805497407913208,-0.03018401376903057,0.8048601150512695,0.635706901550293,0.019916197285056114,0.8008955121040344,0.5782631039619446,-0.016732973977923393,0.8085023760795593,0.7022144198417664,-0.0194610133767128,0.8035470843315125,0.6939056515693665,-0.00970215629786253,0.8498995900154114,0.6387349963188171,0.00801554974168539,0.8491461277008057,0.5883802175521851,-0.029441796243190765,0.8504793643951416,0.7043756246566772,-0.0183025561273098,0.8454957008361816,0.6989820003509521,0.0014059263048693538,0.8958225250244141,0.6501437425613403,-0.007041178178042173,0.8919473886489868,0.5993894338607788,-0.019475800916552544,0.8883300423622131,0.6802934408187866,-0.005704969633370638,0.8861949443817139,0.6950801610946655,0.009867621585726738,5
0.8544981479644775,0.9265038967132568,-6.28894724741258e-07,0.785469651222229,0.8742923140525818,-0.02594790980219841,0.7188003063201904,0.7620553374290466,-0.029287712648510933,0.7127335667610168,0.6502929925918579,-0.03345043212175369,0.7646586894989014,0.6354545950889587,-0.028719579800963402,0.7543950080871582,0.6413182616233826,0.02102499268949032,0.7532544136047363,0.5703043937683105,-0.012121938169002533,0.7633843421936035,0.6739498376846313,-0.026331491768360138,0.7598940134048462,0.6814227104187012,-0.032003529369831085,0.8013476729393005,0.6343719363212585,0.020009608939290047,0.7979422211647034,0.5762344598770142,-0.016522319987416267,0.8054608702659607,0.7008323073387146,-0.020030785351991653,0.7992813587188721,0.69183349609375,-0.011228760704398155,0.8467896580696106,0.6360336542129517,0.008874456398189068,0.8462084531784058,0.585243821144104,-0.028272755444049835,0.8484375476837158,0.7017799615859985,-0.016791440546512604,0.843479573726654,0.6963767409324646,0.0027398550882935524,0.8932299613952637,0.6463117003440857,-0.0055885459296405315,0.889005720615387,0.5967758297920227,-0.017895547673106194,0.8859906792640686,0.6783194541931152,-0.003932551015168428,0.883992612361908,0.6925525665283203,0.011534102261066437,5
0.21903976798057556,0.9458537101745605,-7.854217756175785e-07,0.14057698845863342,0.8676427602767944,-0.006168118678033352,0.0816192775964737,0.7631911039352417,-0.011298790574073792,0.060522064566612244,0.6683876514434814,-0.023243417963385582,0.09347879886627197,0.6062642931938171,-0.02823464386165142,0.15016989409923553,0.6124863028526306,0.029885072261095047,0.1070990338921547,0.5542013049125671,-0.005739487241953611,0.11307653784751892,0.6648584604263306,-0.024259325116872787,0.1346363127231598,0.6853964328765869,-0.032471515238285065,0.18683792650699615,0.6119229197502136,0.017848607152700424,0.1384926438331604,0.558183491230011,-0.022792045027017593,0.14720454812049866,0.6916322112083435,-0.025957513600587845,0.1765260249376297,0.6989919543266296,-0.016083849593997,0.2268792986869812,0.611735463142395,-0.0023713510017842054,0.17724792659282684,0.5556151866912842,-0.04108445718884468,0.18205375969409943,0.685177206993103,-0.02333151549100876,0.21032294631004333,0.6986714601516724,0.001445707050152123,0.27151429653167725,0.625335156917572,-0.02451472356915474,0.2246381789445877,0.5555616617202759,-0.04086589068174362,0.2187550812959671,0.6467007398605347,-0.022755132988095284,0.24024859070777893,0.6776388883590698,-0.0019181185634806752,5
0.222068652510643,0.9359403848648071,-7.776116035529412e-07,0.1448117047548294,0.8605436682701111,-0.00648711621761322,0.08495847135782242,0.7578099370002747,-0.012119419872760773,0.06506077945232391,0.6592832803726196,-0.02455885522067547,0.09960546344518661,0.5959537029266357,-0.030562208965420723,0.15208476781845093,0.6112070083618164,0.028531569987535477,0.11162547767162323,0.5503839254379272,-0.00645808270201087,0.117323137819767,0.6580697298049927,-0.02448120526969433,0.13844256103038788,0.6812369227409363,-0.03227754309773445,0.188505619764328,0.6090388894081116,0.016684239730238914,0.14275315403938293,0.5531572103500366,-0.023294439539313316,0.15136516094207764,0.682605504989624,-0.02675067074596882,0.179746612906456,0.6924238204956055,-0.017213746905326843,0.22811299562454224,0.6068355441093445,-0.0031699351966381073,0.18040069937705994,0.5497286319732666,-0.04141800478100777,0.18547707796096802,0.6760656833648682,-0.024648481979966164,0.21285094320774078,0.6918858289718628,-0.0006880321889184415,0.27291950583457947,0.618086576461792,-0.024877673014998436,0.22589191794395447,0.545545756816864,-0.041199926286935806,0.22050684690475464,0.6358537077903748,-0.02355339005589485,0.2414683699607849,0.670127809047699,-0.00314005883410573,5
0.2361319363117218,0.9262021780014038,-7.935690291560604e-07,0.1554500162601471,0.8520444631576538,-0.002671673893928528,0.09465312957763672,0.7434693574905396,-0.004153039772063494,0.07551562786102295,0.643484354019165,-0.013098541647195816,0.10933463275432587,0.5857475399971008,-0.01590297557413578,0.158989816904068,0.6026137471199036,0.035271383821964264,0.11897864192724228,0.5441349744796753,0.003695898922160268,0.1247495785355568,0.6521604657173157,-0.01216842234134674,0.14436329901218414,0.6723390221595764,-0.019025487825274467,0.19584722816944122,0.6004149913787842,0.02203444205224514,0.14944076538085938,0.5440080165863037,-0.015247705392539501,0.1587698757648468,0.6755260825157166,-0.017259303480386734,0.18711286783218384,0.6825961470603943,-0.006643926724791527,0.2359226644039154,0.6003567576408386,0.0010356935672461987,0.1880621612071991,0.5425127744674683,-0.03527098149061203,0.19404970109462738,0.6707853674888611,-0.01708264648914337,0.22080346941947937,0.6841597557067871,0.00781012699007988,0.2814568877220154,0.6142710447311401,-0.021588701754808426,0.235969677567482,0.539626955986023,-0.03603269159793854,0.22986751794815063,0.6321181058883667,-0.01665910705924034,0.24959906935691833,0.6661872267723083,0.004711220506578684,5
0.23983131349086761,0.9257431626319885,-7.889555604378984e-07,0.15944848954677582,0.8499500751495361,-0.0030693686567246914,0.09841827303171158,0.7434317469596863,-0.005245821084827185,0.07900668680667877,0.6448118686676025,-0.014843069016933441,0.1132522001862526,0.5862123966217041,-0.01804102212190628,0.16392764449119568,0.6032944917678833,0.03408217057585716,0.12311725318431854,0.5422499179840088,0.0009501214371994138,0.12900863587856293,0.6512610912322998,-0.015848930925130844,0.14936475455760956,0.6727750301361084,-0.022946184501051903,0.20005691051483154,0.6017838716506958,0.021164044737815857,0.15402421355247498,0.5431063175201416,-0.01774895004928112,0.16286945343017578,0.6759858131408691,-0.020498810335993767,0.19119341671466827,0.6853780150413513,-0.010047098621726036,0.2396819293498993,0.6004790663719177,0.0003978319582529366,0.1916860044002533,0.5391926765441895,-0.0370415598154068,0.19709113240242004,0.6698618531227112,-0.01944708079099655,0.22429883480072021,0.6860495805740356,0.005390204023569822,0.2844650447368622,0.6125943064689636,-0.02195308543741703,0.23799562454223633,0.5412402153015137,-0.037388838827610016,0.23320256173610687,0.63238924741745,-0.01910010166466236,0.25443530082702637,0.6641072034835815,0.0017779672052711248,5
0.24422474205493927,0.9219496250152588,-7.627754143868515e-07,0.1641193926334381,0.8465291261672974,-0.005429208278656006,0.10242053866386414,0.7365210652351379,-0.008376125246286392,0.08342476189136505,0.6344845294952393,-0.018123991787433624,0.12165196239948273,0.5824693441390991,-0.02124684303998947,0.16826720535755157,0.5972392559051514,0.03308754786849022,0.12983743846416473,0.538500189781189,0.0009436415275558829,0.1351591944694519,0.6472562551498413,-0.015369589440524578,0.15399721264839172,0.666657567024231,-0.022720463573932648,0.2052748054265976,0.5953512787818909,0.021195197477936745,0.16020262241363525,0.5393831133842468,-0.01679600216448307,0.16846731305122375,0.6700718402862549,-0.019107680767774582,0.19577765464782715,0.6770996451377869,-0.008732105605304241,0.24509970843791962,0.5954043865203857,0.001226827735081315,0.19799144566059113,0.5385592579841614,-0.03536287322640419,0.2033226639032364,0.6657947897911072,-0.018052933737635612,0.22994881868362427,0.679042637348175,0.006131093483418226,0.2897728681564331,0.6088176369667053,-0.020583869889378548,0.24336038529872894,0.5402950048446655,-0.035515155643224716,0.23867462575435638,0.630228579044342,-0.01765194721519947,0.25961941480636597,0.6608078479766846,0.0025589601136744022,5
0.2457403689622879,0.921505331993103,-7.772244998704991e-07,0.16576707363128662,0.8453530073165894,-0.006946534849703312,0.10465024411678314,0.7354405522346497,-0.011104737408459187,0.08599094301462173,0.6350431442260742,-0.02170715294778347,0.12289144843816757,0.5806261897087097,-0.02536463364958763,0.17595678567886353,0.5923777222633362,0.0285392664372921,0.13287633657455444,0.5350105166435242,-0.004576706327497959,0.1382342129945755,0.6461520195007324,-0.020447108894586563,0.15915553271770477,0.6638116240501404,-0.027414774522185326,0.211721271276474,0.5925220251083374,0.017009295523166656,0.16332076489925385,0.536985456943512,-0.02242932841181755,0.17119573056697845,0.6717632412910461,-0.0234932079911232,0.2004016637802124,0.6775729656219482,-0.012074409052729607,0.25017809867858887,0.5939701795578003,-0.002614036900922656,0.200977623462677,0.5357835292816162,-0.040852975100278854,0.20523832738399506,0.6663565039634705,-0.021995624527335167,0.23321768641471863,0.6793575882911682,0.0035899304784834385,0.2932676374912262,0.6090207099914551,-0.024243419989943504,0.24747848510742188,0.5371856689453125,-0.04044344276189804,0.24121108651161194,0.627945065498352,-0.02209552936255932,0.2620740830898285,0.6598033308982849,-0.0012126261135563254,5
0.2465163767337799,0.9199092388153076,-7.649940130249888e-07,0.16676340997219086,0.8467382192611694,-0.006955582182854414,0.10446052253246307,0.7367544174194336,-0.010787204839289188,0.08464417606592178,0.6356711983680725,-0.021132919937372208,0.12159629911184311,0.5805478692054749,-0.024710699915885925,0.17162935435771942,0.5978652238845825,0.03022707812488079,0.13117021322250366,0.5379852056503296,-0.0021681550424546003,0.13696160912513733,0.6473826766014099,-0.017695074900984764,0.1568029224872589,0.6667203307151794,-0.024351123720407486,0.2080945074558258,0.595727801322937,0.018998874351382256,0.16158095002174377,0.5375207662582397,-0.01941266842186451,0.1702103316783905,0.6708053946495056,-0.020575879141688347,0.19807226955890656,0.6779096126556396,-0.009210674092173576,0.24725838005542755,0.5956293344497681,-0.0003790878690779209,0.19942590594291687,0.5358412265777588,-0.037779927253723145,0.2046583592891693,0.665375292301178,-0.019408730790019035,0.2311391532421112,0.6795514822006226,0.00580510962754488,0.29105737805366516,0.6085249781608582,-0.02170453779399395,0.24548201262950897,0.5354740619659424,-0.037167321890592575,0.2400459200143814,0.6259037852287292,-0.018767140805721283,0.26010191440582275,0.6587514281272888,0.00201915274374187,5
0.24379080533981323,0.9206762909889221,-7.907853500910278e-07,0.16621121764183044,0.8450545072555542,-0.0059410687536001205,0.1051582619547844,0.7351141571998596,-0.009603711776435375,0.08640088886022568,0.6359612345695496,-0.019796326756477356,0.12312815338373184,0.5821454524993896,-0.023101409897208214,0.1758846491575241,0.5887439250946045,0.028658974915742874,0.1321105659008026,0.5346579551696777,-0.004747993778437376,0.13839465379714966,0.6460287570953369,-0.020861689001321793,0.15927885472774506,0.6631495952606201,-0.027931461110711098,0.21235479414463043,0.5898032188415527,0.016637412831187248,0.1628628373146057,0.5367034673690796,-0.02296125330030918,0.17125114798545837,0.6719041466712952,-0.024104801937937737,0.20014190673828125,0.6775463223457336,-0.012776481918990612,0.2509379982948303,0.5920019149780273,-0.0033494725357741117,0.20063500106334686,0.5363776683807373,-0.041221536695957184,0.20495212078094482,0.6678548455238342,-0.021876579150557518,0.23245561122894287,0.6798083186149597,0.0038235594984143972,0.29367056488990784,0.6083741188049316,-0.025305407121777534,0.24736636877059937,0.5394730567932129,-0.04086771607398987,0.2409605234861374,0.630914568901062,-0.02212805487215519,0.26155373454093933,0.6612175107002258,-0.0011576847173273563,5
0.2507377862930298,0.9179115891456604,-7.715335073044116e-07,0.17345909774303436,0.8452407121658325,-0.009551671333611012,0.11078489571809769,0.7366288304328918,-0.01565217785537243,0.09021957218647003,0.6365898847579956,-0.027413399890065193,0.1275281310081482,0.5811177492141724,-0.032023437321186066,0.1801033765077591,0.5897042155265808,0.02297316864132881,0.1359991729259491,0.5349149107933044,-0.010942951776087284,0.142791748046875,0.6464142203330994,-0.02599344775080681,0.164202481508255,0.6623669862747192,-0.03233901783823967,0.21688508987426758,0.5893294215202332,0.012326483614742756,0.16767171025276184,0.5363327264785767,-0.02762264758348465,0.17641659080982208,0.6724759936332703,-0.027114102616906166,0.20464152097702026,0.677445113658905,-0.014747106470167637,0.25574591755867004,0.5914632678031921,-0.006452569272369146,0.20654232800006866,0.5384113788604736,-0.04531637951731682,0.21162237226963043,0.6698652505874634,-0.025191878899931908,0.23850254714488983,0.6808417439460754,0.0009683239622972906,0.2986144721508026,0.6080271601676941,-0.02737097255885601,0.25314533710479736,0.5400419235229492,-0.04380461946129799,0.24732528626918793,0.6312130689620972,-0.025000732392072678,0.26714444160461426,0.6612772345542908,-0.00401334697380662,5
0.2520768344402313,0.921903133392334,-7.749938504275633e-07,0.1742008775472641,0.8457111120223999,-0.009291964583098888,0.11204641312360764,0.7378150820732117,-0.015379197895526886,0.09163524955511093,0.6392082571983337,-0.027194546535611153,0.1282655894756317,0.5822690725326538,-0.03150952234864235,0.18506492674350739,0.5882745981216431,0.023830626159906387,0.13829806447029114,0.5332505702972412,-0.00978419091552496,0.14474040269851685,0.6462972164154053,-0.02494354173541069,0.16724655032157898,0.6611486673355103,-0.031535666435956955,0.22125379741191864,0.5895962715148926,0.013126511126756668,0.16949519515037537,0.5396305322647095,-0.0270040575414896,0.17745853960514069,0.6754452586174011,-0.026754440739750862,0.20711199939250946,0.6779561638832092,-0.014758298173546791,0.25881293416023254,0.5926623344421387,-0.0057381270453333855,0.2078355997800827,0.5406569242477417,-0.044371288269758224,0.21140068769454956,0.6712736487388611,-0.024279514327645302,0.2394215315580368,0.6803539395332336,0.001686757430434227,0.30021530389785767,0.6100931167602539,-0.026844540610909462,0.2543469965457916,0.5420161485671997,-0.04311491921544075,0.24699169397354126,0.6330866813659668,-0.024454114958643913,0.2669617831707001,0.6633727550506592,-0.0036128151696175337,5
0.25175201892852783,0.930963397026062,-7.660639766982058e-07,0.169981449842453,0.854876697063446,-0.00897502712905407,0.10596170276403427,0.7428670525550842,-0.0137002132833004,0.08474498987197876,0.6414176225662231,-0.024591902270913124,0.12416203320026398,0.5922239422798157,-0.028170207515358925,0.17726877331733704,0.5961685180664062,0.028817348182201385,0.13182570040225983,0.544389545917511,-0.004262114409357309,0.1385861039161682,0.6577731966972351,-0.019513331353664398,0.15987081825733185,0.6724004149436951,-0.02622605301439762,0.2142758071422577,0.5948930978775024,0.017944082617759705,0.1630854457616806,0.54630047082901,-0.02188202738761902,0.1716844141483307,0.6839085221290588,-0.021778713911771774,0.20085622370243073,0.6871222257614136,-0.00943729653954506,0.2527660131454468,0.5969820022583008,-0.001526584499515593,0.20092812180519104,0.547623336315155,-0.04043686017394066,0.20589375495910645,0.6804130673408508,-0.02111971750855446,0.23398518562316895,0.6907055377960205,0.004861191380769014,0.29506415128707886,0.6135594844818115,-0.023245256394147873,0.2475443333387375,0.547392725944519,-0.03945961222052574,0.24168512225151062,0.638746976852417,-0.021201537922024727,0.2627665400505066,0.6684953570365906,-0.0004992581671103835,5
0.24651052057743073,0.9317477941513062,-7.759271625218389e-07,0.1682680994272232,0.8544104099273682,-0.0076304348185658455,0.1067027673125267,0.7447322607040405,-0.01250071544200182,0.0854274332523346,0.6454951167106628,-0.023578306660056114,0.12179921567440033,0.5941716432571411,-0.027527598664164543,0.18038591742515564,0.5978361368179321,0.027851391583681107,0.1322392374277115,0.5453209280967712,-0.005415966268628836,0.1390502005815506,0.6566623449325562,-0.021216683089733124,0.16139718890190125,0.6732355952262878,-0.028130266815423965,0.2160491645336151,0.5985491275787354,0.016721194609999657,0.16206365823745728,0.5502809286117554,-0.023037048056721687,0.17136536538600922,0.6846248507499695,-0.023587187752127647,0.20179703831672668,0.6887300610542297,-0.012014267966151237,0.25345468521118164,0.6007319688796997,-0.0025873156264424324,0.1997985988855362,0.5500982403755188,-0.041315313428640366,0.20535814762115479,0.6803693175315857,-0.022535881027579308,0.23453231155872345,0.6905542612075806,0.0027786658611148596,0.2948349714279175,0.6174121499061584,-0.023934822529554367,0.2472253441810608,0.5499626994132996,-0.040911924093961716,0.24160785973072052,0.6410861015319824,-0.02323983795940876,0.2632114291191101,0.6714648008346558,-0.0028887514490634203,5
0.24565014243125916,0.9345414042472839,-7.547957920905901e-07,0.16812431812286377,0.8567048907279968,-0.010146298445761204,0.10700500756502151,0.7472618222236633,-0.016546577215194702,0.0855327770113945,0.6480851173400879,-0.028570495545864105,0.12311489880084991,0.5969903469085693,-0.03312045708298683,0.1809825748205185,0.5998505353927612,0.024920407682657242,0.13343095779418945,0.5482714176177979,-0.009042242541909218,0.14038275182247162,0.6604119539260864,-0.02487015351653099,0.16278788447380066,0.6736825108528137,-0.03188837319612503,0.21709784865379333,0.6001573801040649,0.014808231964707375,0.16464437544345856,0.5522670745849609,-0.025891093537211418,0.17389662563800812,0.6877581477165222,-0.026203854009509087,0.2039201557636261,0.6900478601455688,-0.014274293556809425,0.25467249751091003,0.6021037697792053,-0.0036588446237146854,0.2023986577987671,0.5536971092224121,-0.043280333280563354,0.207737535238266,0.6843727827072144,-0.024587295949459076,0.23683691024780273,0.6927006244659424,0.0008406986016780138,0.29572319984436035,0.6185948252677917,-0.02431395836174488,0.24943524599075317,0.5529739856719971,-0.041703030467033386,0.24421724677085876,0.6437419652938843,-0.024253634735941887,0.2660200595855713,0.6724314093589783,-0.003971424885094166,5
0.24718576669692993,0.934433102607727,-7.626962883477972e-07,0.16902793943881989,0.8570140600204468,-0.00872544664889574,0.10765265673398972,0.7483851909637451,-0.014438478276133537,0.08634395897388458,0.6504641175270081,-0.026053760200738907,0.12328190356492996,0.5970775485038757,-0.030387578532099724,0.1816648244857788,0.5993849039077759,0.025593020021915436,0.13310110569000244,0.5484611988067627,-0.007705278694629669,0.13993777334690094,0.6598308682441711,-0.023250628262758255,0.16221794486045837,0.6740230321884155,-0.030090654268860817,0.2174404114484787,0.6006801724433899,0.014867004938423634,0.16315582394599915,0.5533294677734375,-0.025251829996705055,0.17238576710224152,0.6882105469703674,-0.0256276186555624,0.20287562906742096,0.6906524300575256,-0.013928350992500782,0.2546217441558838,0.6033583283424377,-0.00396504532545805,0.20127388834953308,0.5548392534255981,-0.04302608221769333,0.20656098425388336,0.6846796870231628,-0.02419440634548664,0.23586499691009521,0.6929994225502014,0.0012135534780099988,0.29528477787971497,0.6203420758247375,-0.02486336976289749,0.2488628327846527,0.5516625642776489,-0.04183059558272362,0.2426815778017044,0.6425564289093018,-0.023848969489336014,0.2638513743877411,0.6732235550880432,-0.003220980055630207,5
0.6447394490242004,0.4083459675312042,-3.322286374896066e-07,0.6239230632781982,0.4704045355319977,-0.013753131031990051,0.587516188621521,0.5247573852539062,-0.01853064075112343,0.5506265163421631,0.5258602499961853,-0.024633990600705147,0.5416181683540344,0.4739179015159607,-0.026764240115880966,0.5511902570724487,0.48037853837013245,0.008027338422834873,0.5226155519485474,0.48230451345443726,-0.011510410346090794,0.5531904101371765,0.4809207320213318,-0.01930282451212406,0.5622100234031677,0.4754081666469574,-0.02152259089052677,0.5533168911933899,0.43671315908432007,0.006443308666348457,0.5314765572547913,0.4388360381126404,-0.015435608103871346,0.568967878818512,0.4430607557296753,-0.01656479947268963,0.5736927390098572,0.440492182970047,-0.010308951139450073,0.5593984723091125,0.3951684236526489,-0.0004257098480593413,0.5410674214363098,0.3971691131591797,-0.02283392660319805,0.5760713219642639,0.40518584847450256,-0.015174821019172668,0.5816531181335449,0.4034110903739929,-0.0024026031605899334,0.5689449310302734,0.3517135679721832,-0.008926255628466606,0.5502365231513977,0.35865047574043274,-0.01815870590507984,0.574065089225769,0.3705255389213562,-0.010012972168624401,0.5826099514961243,0.37072187662124634,-0.00016233467613346875,5
0.6434005498886108,0.41180408000946045,-3.470619560630439e-07,0.6222487688064575,0.47444602847099304,-0.012823173776268959,0.5851283669471741,0.5271294116973877,-0.017072508111596107,0.548524022102356,0.5249517560005188,-0.022874154150485992,0.5416256785392761,0.47333985567092896,-0.024624936282634735,0.549797534942627,0.47928717732429504,0.008932922035455704,0.5202782154083252,0.4821774661540985,-0.010933901183307171,0.5521392822265625,0.4822902977466583,-0.01875983364880085,0.5618839263916016,0.47717970609664917,-0.020806187763810158,0.5523563027381897,0.4360143840312958,0.006989968474954367,0.5297956466674805,0.439717173576355,-0.014720338396728039,0.568021297454834,0.4453780949115753,-0.01536721270531416,0.5726833343505859,0.4414602220058441,-0.008706450462341309,0.5587382912635803,0.395010381937027,-0.0002814435283653438,0.5395159125328064,0.39886412024497986,-0.022142142057418823,0.5751146078109741,0.40781742334365845,-0.013641978614032269,0.580628514289856,0.4039105176925659,-0.00033899472327902913,0.5685283541679382,0.3517208993434906,-0.009214434772729874,0.5493851900100708,0.3602083921432495,-0.017654545605182648,0.5735199451446533,0.37333428859710693,-0.008806455880403519,0.5820323824882507,0.37210822105407715,0.0014883996918797493,5
0.642754852771759,0.4090220034122467,-3.533778283326683e-07,0.6214660406112671,0.47155487537384033,-0.012844500131905079,0.5840525031089783,0.5236860513687134,-0.017122291028499603,0.5471756458282471,0.5219278335571289,-0.022877532988786697,0.5402315258979797,0.4700065851211548,-0.02448948845267296,0.5494994521141052,0.47682687640190125,0.00799661222845316,0.5198091268539429,0.4780949652194977,-0.011672626249492168,0.5527614951133728,0.4787437617778778,-0.019333982840180397,0.5623729228973389,0.4750119149684906,-0.02142222225666046,0.5524174571037292,0.4334185719490051,0.006115402560681105,0.5299864411354065,0.4353090822696686,-0.015176285989582539,0.5681518912315369,0.4414961338043213,-0.015782134607434273,0.5725768804550171,0.4391377866268158,-0.009426072239875793,0.5588356256484985,0.39229315519332886,-0.0009546452783979475,0.5393706560134888,0.3942446708679199,-0.02230566181242466,0.5747944116592407,0.40361273288726807,-0.013715553097426891,0.5804454684257507,0.4011026918888092,-0.0007046441896818578,0.568638265132904,0.349398136138916,-0.009695378132164478,0.5494114756584167,0.3559225797653198,-0.017925865948200226,0.5735234618186951,0.36897367238998413,-0.009045373648405075,0.5822715163230896,0.36885151267051697,0.0010986690176650882,5
0.6425852179527283,0.40934619307518005,-3.507157941839978e-07,0.6208435297012329,0.47203513979911804,-0.012520515359938145,0.5830214619636536,0.5247251987457275,-0.016436036676168442,0.5468271374702454,0.5222228169441223,-0.021952683106064796,0.5422092080116272,0.4704355001449585,-0.023477263748645782,0.5491686463356018,0.47625720500946045,0.008840738795697689,0.5192954540252686,0.47849440574645996,-0.010935050435364246,0.5513162016868591,0.47928014397621155,-0.0186628308147192,0.5613338351249695,0.47443491220474243,-0.020622044801712036,0.552141010761261,0.4328295886516571,0.006887111812829971,0.5300264954566956,0.4357880651950836,-0.014753318391740322,0.5677469372749329,0.4420364201068878,-0.015449962578713894,0.5723901987075806,0.43836280703544617,-0.008900852873921394,0.5586264729499817,0.39175131916999817,-0.00031988465343602,0.5396475195884705,0.39489588141441345,-0.021971141919493675,0.5746092200279236,0.4042702317237854,-0.013715624809265137,0.5799826383590698,0.4005565047264099,-0.0006750257452949882,0.5684125423431396,0.3489469289779663,-0.009165896102786064,0.54926598072052,0.35640206933021545,-0.01739059016108513,0.5732264518737793,0.3693845272064209,-0.0086145531386137,0.5819535851478577,0.3680294454097748,0.0015481339069083333,5
0.6422653198242188,0.40852096676826477,-3.469975240477652e-07,0.620102047920227,0.47137558460235596,-0.01253383420407772,0.5829522013664246,0.5235955119132996,-0.01674601249396801,0.546416163444519,0.5213419198989868,-0.022532885894179344,0.541752278804779,0.46960175037384033,-0.02437918446958065,0.548515260219574,0.4762031137943268,0.00902230478823185,0.5194987654685974,0.47774603962898254,-0.01043613813817501,0.5513412952423096,0.47873327136039734,-0.018204113468527794,0.561051070690155,0.4744473993778229,-0.020324157550930977,0.5513534545898438,0.4324980676174164,0.007014180533587933,0.5292734503746033,0.435057669878006,-0.014405738562345505,0.5669670104980469,0.4417167603969574,-0.015348953194916248,0.5719531178474426,0.43848496675491333,-0.009052583016455173,0.5578868985176086,0.39117488265037537,-0.00017836438200902194,0.5389067530632019,0.39394617080688477,-0.02180476486682892,0.5739552974700928,0.403805673122406,-0.013801315799355507,0.5799678564071655,0.4005495309829712,-0.0009444969473406672,0.5679091811180115,0.34817540645599365,-0.008974623866379261,0.5486716032028198,0.3554273247718811,-0.01735752820968628,0.5726249814033508,0.3687862753868103,-0.008672725409269333,0.5817444920539856,0.3679031729698181,0.0014560504350811243,5
0.6424875259399414,0.40738022327423096,-3.6432527394936187e-07,0.6205285787582397,0.4699692726135254,-0.012946420349180698,0.5833755731582642,0.5224583148956299,-0.017015593126416206,0.5462227463722229,0.5216203331947327,-0.02252570539712906,0.5394954085350037,0.46943044662475586,-0.02361663058400154,0.5480586290359497,0.47503986954689026,0.00948772206902504,0.5191031098365784,0.47720131278038025,-0.01063165906816721,0.5527064800262451,0.47873178124427795,-0.018597867339849472,0.5617144107818604,0.47472891211509705,-0.020725520327687263,0.5512681603431702,0.4318297505378723,0.007793996948748827,0.5292274355888367,0.4347629249095917,-0.014067936688661575,0.5680699348449707,0.4416359066963196,-0.014952696859836578,0.5714321732521057,0.4384152293205261,-0.008493836969137192,0.5575743913650513,0.39087605476379395,0.0007411966798827052,0.5381724238395691,0.3938978910446167,-0.021138174459338188,0.5741618871688843,0.4039655327796936,-0.012614106759428978,0.5787786245346069,0.4000428318977356,0.0006612104480154812,0.5670144557952881,0.34789764881134033,-0.007995826192200184,0.5477023124694824,0.35493555665016174,-0.016179848462343216,0.5723870396614075,0.3686871826648712,-0.007144692819565535,0.580764651298523,0.3672635555267334,0.0033017017412930727,5
0.6423792839050293,0.4073793888092041,-3.5726162650462356e-07,0.6206345558166504,0.4693048894405365,-0.012947386130690575,0.5827885270118713,0.5214583277702332,-0.017164312303066254,0.5461300611495972,0.5173241496086121,-0.022899670526385307,0.5386934280395508,0.46448802947998047,-0.02441314421594143,0.547649085521698,0.4726710021495819,0.008386525325477123,0.5180633068084717,0.4753830134868622,-0.011902823112905025,0.550912082195282,0.4767151474952698,-0.019608618691563606,0.5604164600372314,0.47190189361572266,-0.021407760679721832,0.5505423545837402,0.4295435845851898,0.006577495951205492,0.5284871459007263,0.43281206488609314,-0.015221835114061832,0.5672348737716675,0.4393846392631531,-0.015357721596956253,0.5710086226463318,0.43512827157974243,-0.008326726965606213,0.5570201873779297,0.3886151909828186,-0.0006311221513897181,0.5380346775054932,0.3917655944824219,-0.02240583673119545,0.573651134967804,0.4018189609050751,-0.013543090783059597,0.5783677697181702,0.3977353572845459,-6.351259798975661e-05,0.5666205286979675,0.3452926278114319,-0.009543393738567829,0.54730623960495,0.3529888987541199,-0.01767265982925892,0.5715199708938599,0.36671799421310425,-0.008582595735788345,0.5797850489616394,0.365269273519516,0.0018764314008876681,5
0.6402264833450317,0.40515372157096863,-3.540955617609143e-07,0.6190178990364075,0.46754851937294006,-0.013465600088238716,0.5813190340995789,0.5207377672195435,-0.017740631476044655,0.5438150763511658,0.5190764665603638,-0.023354561999440193,0.5367807745933533,0.4661550223827362,-0.02463974989950657,0.5458571314811707,0.4732672870159149,0.00823983270674944,0.5168707370758057,0.47574925422668457,-0.011573432013392448,0.5500622987747192,0.4759313464164734,-0.01902550272643566,0.5580937266349792,0.47074106335639954,-0.020967356860637665,0.5490508675575256,0.42965397238731384,0.006670886650681496,0.5272036194801331,0.4325334429740906,-0.014922568574547768,0.5660932064056396,0.4390374720096588,-0.015088308602571487,0.5686420202255249,0.4355267584323883,-0.008290215395390987,0.5554708242416382,0.38848090171813965,-0.0002915893855970353,0.536148726940155,0.3911004364490509,-0.022060804069042206,0.5718914270401001,0.40116265416145325,-0.013213609345257282,0.5758671760559082,0.3972516357898712,0.00010865083459066227,0.5647837519645691,0.3454605042934418,-0.009002888575196266,0.5455771684646606,0.3522048592567444,-0.017359646037220955,0.5699568390846252,0.36594244837760925,-0.008463332429528236,0.5781641602516174,0.36464226245880127,0.001781556522473693,5
0.638780415058136,0.4042506515979767,-3.490341100587102e-07,0.6172396540641785,0.4663836359977722,-0.013372804969549179,0.579864501953125,0.5198937654495239,-0.017791949212551117,0.5424054265022278,0.5188155770301819,-0.023552320897579193,0.5358561277389526,0.46566855907440186,-0.02508784644305706,0.5447531342506409,0.4731343388557434,0.00837715808302164,0.5161116719245911,0.47555556893348694,-0.01124416384845972,0.548740029335022,0.47551092505455017,-0.018695438280701637,0.5567003488540649,0.4706435203552246,-0.0206767525523901,0.5475922226905823,0.42937082052230835,0.006741731893271208,0.5256012678146362,0.43264976143836975,-0.014899116940796375,0.5638493895530701,0.4382871985435486,-0.015339079312980175,0.5669922828674316,0.4348059296607971,-0.008695241995155811,0.5538290143013,0.3881155550479889,-0.00022111333964858204,0.5342965126037598,0.39125725626945496,-0.02204122766852379,0.5696783065795898,0.4005819261074066,-0.01348812971264124,0.5740904211997986,0.3968982696533203,-0.0002922604908235371,0.5631970167160034,0.34489092230796814,-0.008884884417057037,0.5439081788063049,0.35255002975463867,-0.01722152903676033,0.568006157875061,0.3655524253845215,-0.008435571566224098,0.5761991143226624,0.3640355169773102,0.0017241606255993247,5
0.6372417211532593,0.4029161036014557,-3.5342921478331846e-07,0.6161808967590332,0.46620500087738037,-0.013620739802718163,0.5786038637161255,0.5197722315788269,-0.017875583842396736,0.5415416955947876,0.5188421607017517,-0.023427188396453857,0.5349096655845642,0.4664817154407501,-0.02459733746945858,0.5434417724609375,0.4730329215526581,0.008660041727125645,0.5148629546165466,0.47624555230140686,-0.01135415118187666,0.5479730367660522,0.4760094881057739,-0.018935130909085274,0.5563365817070007,0.4712553024291992,-0.020836029201745987,0.5462850332260132,0.4296073615550995,0.00718608358874917,0.524706244468689,0.4327007532119751,-0.014744001440703869,0.5635442733764648,0.4383319914340973,-0.015177733264863491,0.5663882493972778,0.4350963830947876,-0.008402064442634583,0.5524411797523499,0.38855186104774475,0.00026001071091741323,0.533707320690155,0.39107656478881836,-0.021781684830784798,0.5695624351501465,0.40034621953964233,-0.013227757066488266,0.5734686255455017,0.3967496156692505,2.616746860439889e-05,0.561458945274353,0.3455239534378052,-0.008410146459937096,0.5432162880897522,0.3522427976131439,-0.01672816276550293,0.5678072571754456,0.3650135099887848,-0.00789268221706152,0.5755603313446045,0.3635205030441284,0.002336198231205344,5
0.6366785168647766,0.4032619595527649,-3.554273746431136e-07,0.6157475709915161,0.4670194089412689,-0.013656742870807648,0.5782307982444763,0.5204307436943054,-0.01785426028072834,0.5413135290145874,0.5195032954216003,-0.023301277309656143,0.5342867970466614,0.46817243099212646,-0.024470781907439232,0.5433230400085449,0.47363704442977905,0.008402043022215366,0.5147462487220764,0.4754258692264557,-0.011654865927994251,0.5478363633155823,0.4759792387485504,-0.019448375329375267,0.5562641024589539,0.47215864062309265,-0.02154630795121193,0.5463244318962097,0.4299415349960327,0.006937433034181595,0.524368941783905,0.4322628378868103,-0.015035713091492653,0.5628897547721863,0.4386835992336273,-0.015891041606664658,0.5659791231155396,0.43616339564323425,-0.009478604421019554,0.5524185299873352,0.3887712359428406,8.844635885907337e-05,0.5332633256912231,0.3912608325481415,-0.021977227181196213,0.5689862966537476,0.4005931615829468,-0.013669057749211788,0.5730934143066406,0.3971843719482422,-0.0006300950772128999,0.5613718032836914,0.34554654359817505,-0.0084893349558115,0.5429957509040833,0.35273289680480957,-0.017039339989423752,0.567642092704773,0.3651607036590576,-0.008355730213224888,0.5755214691162109,0.3633677363395691,0.0017686932114884257,5
0.6372283697128296,0.4031624495983124,-3.53484125525938e-07,0.6159486174583435,0.4662039279937744,-0.01329363789409399,0.5773427486419678,0.5201096534729004,-0.017107076942920685,0.5409702658653259,0.5183039307594299,-0.022291362285614014,0.5364079475402832,0.46789485216140747,-0.023197116330266,0.5425765514373779,0.47371432185173035,0.00905460026115179,0.5126389861106873,0.47383037209510803,-0.01128382422029972,0.5452132225036621,0.4740704298019409,-0.019101601094007492,0.5549114942550659,0.47117769718170166,-0.020902277901768684,0.5455544590950012,0.42966029047966003,0.0076123569160699844,0.5240811109542847,0.43078839778900146,-0.01438155211508274,0.5622977614402771,0.43666648864746094,-0.015055923722684383,0.5652579069137573,0.43537718057632446,-0.008347300812602043,0.5517491698265076,0.38813936710357666,0.0006827479228377342,0.533808708190918,0.38975346088409424,-0.021207522600889206,0.5689824819564819,0.39901888370513916,-0.013318327255547047,0.5724493265151978,0.3973191976547241,-0.0005208571092225611,0.5604842305183411,0.34486284852027893,-0.007941313087940216,0.5426919460296631,0.351331889629364,-0.016093330457806587,0.5669531226158142,0.36358708143234253,-0.007592651527374983,0.57430100440979,0.36251652240753174,0.002379044657573104,5
0.6376202702522278,0.4037396311759949,-3.62372759354912e-07,0.6157914400100708,0.46629607677459717,-0.013438810594379902,0.5776849389076233,0.5203214287757874,-0.01759033277630806,0.5404683351516724,0.5199694037437439,-0.023066062480211258,0.534745454788208,0.46824032068252563,-0.024120336398482323,0.5421504974365234,0.4741976261138916,0.00878414511680603,0.5125587582588196,0.47434088587760925,-0.011365522630512714,0.5465257167816162,0.4751104712486267,-0.019248224794864655,0.5559417605400085,0.4726402759552002,-0.021336330100893974,0.5453682541847229,0.4301615357398987,0.007282909471541643,0.5235022306442261,0.43112653493881226,-0.014380090869963169,0.562100350856781,0.4371294379234314,-0.015266424044966698,0.5652278661727905,0.436006635427475,-0.009024389088153839,0.5516857504844666,0.38850507140159607,0.0003957152657676488,0.5328895449638367,0.3899900019168854,-0.021273449063301086,0.5683121085166931,0.398828387260437,-0.013139737769961357,0.5724100470542908,0.3967777192592621,-0.00037932294071651995,0.5607938170433044,0.3452254831790924,-0.008207359351217747,0.5421791076660156,0.3515196144580841,-0.01634868048131466,0.5665566325187683,0.3636900782585144,-0.00762535072863102,0.5745187997817993,0.3629080653190613,0.0024256473407149315,5
0.6371893882751465,0.4051527678966522,-3.617143988776661e-07,0.6162958741188049,0.46786341071128845,-0.013646621257066727,0.5779540538787842,0.5219218730926514,-0.01792706362903118,0.5405171513557434,0.5225263237953186,-0.023472733795642853,0.5344350934028625,0.47237664461135864,-0.024720707908272743,0.5423248410224915,0.47748130559921265,0.008040701039135456,0.5127357244491577,0.47880545258522034,-0.012532031163573265,0.545985996723175,0.47810783982276917,-0.020424967631697655,0.555201530456543,0.47481387853622437,-0.022416185587644577,0.5452982187271118,0.43312427401542664,0.006510807201266289,0.5231272578239441,0.43510013818740845,-0.015659619122743607,0.5620394349098206,0.4398464858531952,-0.016348402947187424,0.5650805830955505,0.4385322034358978,-0.009762316942214966,0.5513322949409485,0.39101383090019226,-0.00043381736031733453,0.5323767066001892,0.3934690058231354,-0.02268858626484871,0.5683550834655762,0.40119946002960205,-0.014269951730966568,0.572144627571106,0.3989429473876953,-0.0011187888449057937,0.5600273013114929,0.3470997214317322,-0.009076060727238655,0.5415595769882202,0.35472241044044495,-0.017545318230986595,0.5663124322891235,0.3655874729156494,-0.0086954515427351,0.5737457275390625,0.3638595938682556,0.0015260614454746246,5
0.6371972560882568,0.40611371397972107,-3.464364510818996e-07,0.6152881383895874,0.4688657522201538,-0.01350451447069645,0.5779646039009094,0.5225251913070679,-0.01780676282942295,0.5409653186798096,0.5239257216453552,-0.023557567968964577,0.5329026579856873,0.4730270802974701,-0.025129657238721848,0.5427789688110352,0.47913858294487,0.00927413534373045,0.5131497383117676,0.48078519105911255,-0.010806810110807419,0.544827938079834,0.47968629002571106,-0.018643882125616074,0.5542951226234436,0.4755677282810211,-0.020587977021932602,0.5452330708503723,0.434935986995697,0.007765032351016998,0.5230478644371033,0.4370117485523224,-0.014082776382565498,0.5611904859542847,0.44082432985305786,-0.014955960214138031,0.5650451183319092,0.4388471245765686,-0.008479783311486244,0.5510511994361877,0.3926558494567871,0.0008059342508204281,0.5319893956184387,0.39480817317962646,-0.021417610347270966,0.5674446225166321,0.402139812707901,-0.01338347140699625,0.5724667310714722,0.3999994397163391,-0.0003529028035700321,0.5599474310874939,0.3483027517795563,-0.007823681458830833,0.5409125089645386,0.35567623376846313,-0.016486361622810364,0.5650351047515869,0.3667578101158142,-0.007967043668031693,0.5733339786529541,0.3657810688018799,0.0021262499503791332,5
0.6369115710258484,0.405862420797348,-3.522801250710472e-07,0.6151214241981506,0.46964433789253235,-0.012928970158100128,0.5767554640769958,0.5238183736801147,-0.016811445355415344,0.5403792262077332,0.5232137441635132,-0.022225499153137207,0.535865306854248,0.47237688302993774,-0.02357563003897667,0.5422927737236023,0.4782818555831909,0.009380499832332134,0.5125284194946289,0.4801628887653351,-0.010668789967894554,0.5446633696556091,0.47881296277046204,-0.0185956209897995,0.5545649528503418,0.4749906659126282,-0.020586753264069557,0.5448068380355835,0.43405863642692566,0.007632322609424591,0.5228817462921143,0.43640437722206116,-0.014306030236184597,0.5608415603637695,0.440480500459671,-0.015352802351117134,0.5650476217269897,0.43889686465263367,-0.008901391178369522,0.5507203340530396,0.39213937520980835,0.0005104979500174522,0.5322550535202026,0.3948032855987549,-0.021465720608830452,0.5674490332603455,0.4023893177509308,-0.01378125511109829,0.5721730589866638,0.4006316363811493,-0.0010137216886505485,0.5595465302467346,0.3482701778411865,-0.008242822252213955,0.54075688123703,0.35622766613960266,-0.01653619110584259,0.5649627447128296,0.3670860528945923,-0.00798800028860569,0.5732022523880005,0.36566218733787537,0.0020617619156837463,5
0.2181437462568283,0.42153921723365784,-2.221479746822297e-07,0.24282851815223694,0.4826405346393585,-0.015954039990901947,0.28783825039863586,0.5325404405593872,-0.019893690943717957,0.3285876512527466,0.5168493986129761,-0.022841617465019226,0.3404797315597534,0.4645378291606903,-0.02186070941388607,0.3137253224849701,0.4828355312347412,0.001719277584925294,0.3418821692466736,0.49189868569374084,-0.013620000332593918,0.3088970482349396,0.49292880296707153,-0.018928540870547295,0.29966840147972107,0.4842078685760498,-0.020164113491773605,0.3142283260822296,0.44080379605293274,0.003274563467130065,0.3384796977043152,0.44823724031448364,-0.013861351646482944,0.29969343543052673,0.4539029896259308,-0.015457543544471264,0.29732489585876465,0.4441380500793457,-0.0119455736130476,0.3107745349407196,0.4008576273918152,0.0010554571636021137,0.334482342004776,0.4071334898471832,-0.019464148208498955,0.29654160141944885,0.4156050682067871,-0.011641692370176315,0.2903120219707489,0.4056178331375122,-0.001020302763208747,0.30519527196884155,0.35440146923065186,-0.0022510543931275606,0.32339245080947876,0.3727259337902069,-0.013092751614749432,0.2971813678741455,0.3787268102169037,-0.004670619033277035,0.28949034214019775,0.3668045699596405,0.004575788509100676,5
0.21781587600708008,0.42590537667274475,-2.1928519799985224e-07,0.24333569407463074,0.48803505301475525,-0.015600346960127354,0.288765549659729,0.5344077348709106,-0.019296597689390182,0.32959407567977905,0.5163941979408264,-0.022105516865849495,0.3414485454559326,0.464191734790802,-0.020962316542863846,0.31292223930358887,0.4811805486679077,0.001819129567593336,0.34160712361335754,0.48795822262763977,-0.013121689669787884,0.308437317609787,0.49093979597091675,-0.017519140616059303,0.2992090880870819,0.4823523163795471,-0.01797359250485897,0.31303441524505615,0.4396715462207794,0.00352858635596931,0.3372859060764313,0.4467276930809021,-0.013258393853902817,0.2983332574367523,0.4542386531829834,-0.014165281318128109,0.2963787019252777,0.44352173805236816,-0.010208839550614357,0.3095807135105133,0.40037521719932556,0.0014748505782335997,0.3336940109729767,0.40644124150276184,-0.018783658742904663,0.29567399621009827,0.41648125648498535,-0.010840946808457375,0.289141446352005,0.4051739275455475,-0.0001184647117042914,0.304344117641449,0.3541802167892456,-0.0015884337481111288,0.32415157556533813,0.3731587529182434,-0.012089066207408905,0.2983151972293854,0.380597323179245,-0.003565713530406356,0.29001671075820923,0.3676014542579651,0.0057680681347846985,5
0.2206977754831314,0.42491358518600464,-2.4770091044956644e-07,0.24136961996555328,0.4889295697212219,-0.014883024618029594,0.28813788294792175,0.5360986590385437,-0.01777822896838188,0.33023959398269653,0.519139289855957,-0.019615307450294495,0.3396568298339844,0.4664258658885956,-0.01754959672689438,0.3134484589099884,0.4825841188430786,0.0001885722449515015,0.34222084283828735,0.49031174182891846,-0.014106284826993942,0.30901429057121277,0.492608904838562,-0.017625607550144196,0.2995344400405884,0.4846610128879547,-0.017702342942357063,0.31318145990371704,0.4404345750808716,0.001753961551003158,0.3375210464000702,0.44825616478919983,-0.014335771091282368,0.2985985577106476,0.45479997992515564,-0.014133129268884659,0.2971577048301697,0.44402045011520386,-0.009617156349122524,0.3098243176937103,0.4012075364589691,-0.00023171515204012394,0.3336646854877472,0.4076874852180481,-0.01970263011753559,0.29586514830589294,0.4174710512161255,-0.011141212657094002,0.28966665267944336,0.40630608797073364,-0.0004503982199821621,0.30532658100128174,0.3556731939315796,-0.0031922454945743084,0.3244461715221405,0.37282413244247437,-0.013331947848200798,0.2984059751033783,0.380552738904953,-0.004855928011238575,0.2904101014137268,0.3690534830093384,0.004118612036108971,5
0.22393354773521423,0.4247620105743408,-2.592452119642985e-07,0.23952415585517883,0.48944976925849915,-0.01483871415257454,0.28838399052619934,0.5380089282989502,-0.016893768683075905,0.3310222327709198,0.5211917161941528,-0.017510609701275826,0.3403913080692291,0.467489629983902,-0.014238128438591957,0.3150843381881714,0.4849398732185364,-0.0013847494265064597,0.34267258644104004,0.49071943759918213,-0.015323522500693798,0.30966615676879883,0.4926745891571045,-0.018824366852641106,0.29938405752182007,0.48638665676116943,-0.01884402334690094,0.31403008103370667,0.4420565366744995,0.0006708579021506011,0.338309109210968,0.44843193888664246,-0.014863592572510242,0.29881608486175537,0.4560045897960663,-0.01437853928655386,0.2955206632614136,0.4466508626937866,-0.009631497785449028,0.31047874689102173,0.40309590101242065,-0.0006146515370346606,0.3344399929046631,0.40784525871276855,-0.019335219636559486,0.29614830017089844,0.41893237829208374,-0.010274561122059822,0.28851041197776794,0.40973544120788574,0.0006026720511727035,0.3066226541996002,0.3580053448677063,-0.002872851910069585,0.32514336705207825,0.37354105710983276,-0.012840394861996174,0.2984088361263275,0.38148802518844604,-0.004347786772996187,0.2899295687675476,0.37150347232818604,0.004567232448607683,5
0.22443687915802002,0.42517155408859253,-2.6274449282936985e-07,0.2393834888935089,0.4883975386619568,-0.01528609823435545,0.28878939151763916,0.5381504893302917,-0.017430104315280914,0.3315451145172119,0.520228385925293,-0.01790035143494606,0.3397577106952667,0.4654236137866974,-0.014540070667862892,0.315337210893631,0.48453810811042786,-0.0025962155777961016,0.3425845205783844,0.4925919771194458,-0.016143616288900375,0.3088274896144867,0.4936184883117676,-0.019393539056181908,0.2992876172065735,0.486345499753952,-0.019447337836027145,0.3145960867404938,0.44146963953971863,-0.00036297753104008734,0.33831560611724854,0.4499787390232086,-0.01562744379043579,0.2986312210559845,0.45653465390205383,-0.015097745694220066,0.2955048978328705,0.445874959230423,-0.010401095263659954,0.3111500144004822,0.402493953704834,-0.0013509062118828297,0.33477336168289185,0.40851670503616333,-0.019567083567380905,0.2962355315685272,0.41941559314727783,-0.010538997128605843,0.2884778678417206,0.40953493118286133,0.00013687841419596225,0.3075055181980133,0.35740676522254944,-0.003326459787786007,0.32590797543525696,0.3736363351345062,-0.012731079943478107,0.29895657300949097,0.38220974802970886,-0.004034654702991247,0.29028546810150146,0.3728483319282532,0.00489151431247592,5
0.22777460515499115,0.4268057942390442,-2.587768506145949e-07,0.24161171913146973,0.4921081066131592,-0.015227812342345715,0.29103517532348633,0.5421594381332397,-0.016927817836403847,0.333309531211853,0.5208343863487244,-0.01676962524652481,0.34050455689430237,0.46695762872695923,-0.012881292030215263,0.3162190020084381,0.4859001934528351,-0.0029742151964455843,0.34237852692604065,0.4921991229057312,-0.01576301082968712,0.30906158685684204,0.4946546256542206,-0.018783478066325188,0.30025923252105713,0.48878034949302673,-0.01910020038485527,0.3154774308204651,0.4428751468658447,-0.0005567335756495595,0.33901911973953247,0.4498889446258545,-0.015268072485923767,0.29980260133743286,0.45832014083862305,-0.014754007570445538,0.2967241704463959,0.4483793377876282,-0.01042754016816616,0.31176331639289856,0.4042491316795349,-0.0012341291876509786,0.33485710620880127,0.4087772071361542,-0.01923227496445179,0.29693108797073364,0.4213005006313324,-0.010477187111973763,0.28950563073158264,0.41189923882484436,-0.00026290383539162576,0.307719886302948,0.3595049977302551,-0.0028356979601085186,0.32552826404571533,0.37421873211860657,-0.012512183748185635,0.29904279112815857,0.3835464119911194,-0.00429005641490221,0.2907485365867615,0.37386471033096313,0.0040971445851027966,5
0.2271634340286255,0.431188702583313,-2.506727980744472e-07,0.24295318126678467,0.49603205919265747,-0.014891661703586578,0.29110193252563477,0.5439545512199402,-0.016653921455144882,0.3329022228717804,0.5219457745552063,-0.01665840856730938,0.34131330251693726,0.4685210585594177,-0.012996599078178406,0.3157044053077698,0.4893774390220642,-0.0017418984789401293,0.34251105785369873,0.49459677934646606,-0.014554986730217934,0.30995070934295654,0.4978860914707184,-0.01757519319653511,0.3000568747520447,0.4927119314670563,-0.017646538093686104,0.3154948353767395,0.446565181016922,0.0005433720070868731,0.34025776386260986,0.45253562927246094,-0.014408490620553493,0.3011891841888428,0.4611780643463135,-0.01437288522720337,0.296572744846344,0.4518038034439087,-0.010030501522123814,0.31217679381370544,0.4077463746070862,-0.0002654612180776894,0.33586961030960083,0.41172146797180176,-0.018575822934508324,0.29785770177841187,0.4238310158252716,-0.010285092517733574,0.28961867094039917,0.41467392444610596,5.095389497000724e-05,0.30778738856315613,0.3630180358886719,-0.0019231291953474283,0.32673200964927673,0.3775305151939392,-0.011665326543152332,0.300416499376297,0.38662412762641907,-0.0034228127915412188,0.29151904582977295,0.3773801922798157,0.005246853455901146,5
0.2272745817899704,0.42993250489234924,-2.479259819665458e-07,0.24323436617851257,0.4952581226825714,-0.01519766729325056,0.2909982204437256,0.5423715114593506,-0.017176952213048935,0.33317214250564575,0.5211858749389648,-0.017339583486318588,0.3414970636367798,0.4676360785961151,-0.013803327456116676,0.31528240442276,0.48578161001205444,-0.0025261917617172003,0.34289708733558655,0.49171870946884155,-0.015686677768826485,0.3097241222858429,0.49558112025260925,-0.018453607335686684,0.29977545142173767,0.49006187915802,-0.01809930056333542,0.31499770283699036,0.44332826137542725,-6.337447121040896e-05,0.34017452597618103,0.4503304660320282,-0.015381275676190853,0.30062273144721985,0.45929133892059326,-0.015139207243919373,0.2958346903324127,0.4492221176624298,-0.010471759364008904,0.3117620050907135,0.40502360463142395,-0.0006856931722722948,0.3364717364311218,0.4104377031326294,-0.019331838935613632,0.2979160249233246,0.4226545989513397,-0.010632314719259739,0.28903728723526,0.4130009412765503,0.00020341292838566005,0.30753397941589355,0.36073121428489685,-0.002167921280488372,0.32738545536994934,0.37661540508270264,-0.012027407065033913,0.3006228506565094,0.3862038254737854,-0.0034973477013409138,0.29109352827072144,0.3771267831325531,0.0055090077221393585,5
0.22857755422592163,0.4286169409751892,-2.516462132007291e-07,0.24305862188339233,0.4940063953399658,-0.015380337834358215,0.2911965250968933,0.5424389243125916,-0.017323173582553864,0.3336124122142792,0.5217993855476379,-0.017313025891780853,0.342612624168396,0.46885988116264343,-0.013590985909104347,0.31570640206336975,0.4871729612350464,-0.0031857190188020468,0.342923104763031,0.49270153045654297,-0.015913095325231552,0.31009870767593384,0.49539661407470703,-0.018697038292884827,0.30072012543678284,0.4895845055580139,-0.01866208016872406,0.3155848979949951,0.4442161023616791,-0.0005967548349872231,0.340414822101593,0.45051056146621704,-0.015612542629241943,0.30121806263923645,0.4589548110961914,-0.015443781390786171,0.2969065010547638,0.44916021823883057,-0.011029091663658619,0.3124205768108368,0.4054306447505951,-0.0009955789428204298,0.3364754319190979,0.4096808433532715,-0.01899409107863903,0.29859885573387146,0.42210131883621216,-0.010324624367058277,0.290421724319458,0.4131278991699219,0.00015398775576613843,0.3085787296295166,0.36090701818466187,-0.0022892053239047527,0.32744234800338745,0.3749908208847046,-0.011663070879876614,0.3011481463909149,0.3850562572479248,-0.0031019446905702353,0.2921420633792877,0.37684136629104614,0.00573445251211524,5
0.22856475412845612,0.4286901652812958,-2.5408513693037094e-07,0.24440547823905945,0.4944087564945221,-0.015349989756941795,0.29168787598609924,0.5420197248458862,-0.01737350784242153,0.33364635705947876,0.520573079586029,-0.017722466960549355,0.34374433755874634,0.46928271651268005,-0.014326028525829315,0.31558313965797424,0.48871055245399475,-0.0021081690210849047,0.34270724654197693,0.49335595965385437,-0.01520673930644989,0.3099384605884552,0.49491018056869507,-0.018038984388113022,0.30077075958251953,0.4888010323047638,-0.01796523481607437,0.3154337704181671,0.4458993077278137,0.0001689072378212586,0.3401724398136139,0.45182713866233826,-0.015443027019500732,0.30107060074806213,0.45936450362205505,-0.015311144292354584,0.2969602644443512,0.4498262107372284,-0.010757037438452244,0.31252530217170715,0.40760210156440735,-0.0007501391810365021,0.3363438844680786,0.4115316867828369,-0.019591432064771652,0.29827597737312317,0.4228743016719818,-0.010958346538245678,0.29014453291893005,0.41362494230270386,-0.00025686933076940477,0.3087574541568756,0.36353129148483276,-0.0025960849598050117,0.32753342390060425,0.3775073289871216,-0.012816817499697208,0.30088329315185547,0.38622796535491943,-0.004586117807775736,0.2918367087841034,0.37725555896759033,0.004200732335448265,5
0.23090261220932007,0.4288000762462616,-2.471464313202887e-07,0.2452894151210785,0.4941636621952057,-0.014864915981888771,0.292871356010437,0.5431291460990906,-0.01645692251622677,0.3345944881439209,0.5223084688186646,-0.016055120155215263,0.3430618941783905,0.468951553106308,-0.01196239609271288,0.3173239231109619,0.4894587993621826,-0.0030527948401868343,0.34325724840164185,0.4933605492115021,-0.015953941270709038,0.310428261756897,0.4964786469936371,-0.018985455855727196,0.3016611337661743,0.4911434054374695,-0.01905721053481102,0.31671983003616333,0.44646385312080383,-0.0004509975842665881,0.3405492305755615,0.45163658261299133,-0.014899908564984798,0.3011455237865448,0.46076518297195435,-0.01435922272503376,0.2977283000946045,0.45152077078819275,-0.009922968223690987,0.313314288854599,0.40777164697647095,-0.0008367524133063853,0.3367544412612915,0.41145044565200806,-0.018698014318943024,0.2985648810863495,0.4237566292285919,-0.00981735810637474,0.29077082872390747,0.41461995244026184,0.0006876235129311681,0.30957260727882385,0.36302244663238525,-0.0020434840116649866,0.32795819640159607,0.3756907880306244,-0.011506314389407635,0.3013537526130676,0.3856341242790222,-0.0029257230926305056,0.2926855683326721,0.3778502941131592,0.005891032982617617,5
0.22884666919708252,0.4315713942050934,-2.3011132554984215e-07,0.2471865713596344,0.49552011489868164,-0.015514316037297249,0.2933412194252014,0.5424730181694031,-0.0181274376809597,0.3339877426624298,0.5207576751708984,-0.0189338568598032,0.34361571073532104,0.4688403904438019,-0.015912897884845734,0.3170010447502136,0.48779329657554626,-0.0024685717653483152,0.34390896558761597,0.4914810061454773,-0.015673935413360596,0.31078243255615234,0.49571093916893005,-0.018354415893554688,0.30118483304977417,0.49042534828186035,-0.017952322959899902,0.3166380226612091,0.44545504450798035,-6.281690730247647e-05,0.34119361639022827,0.4503643214702606,-0.015420055016875267,0.3019116222858429,0.45958006381988525,-0.01524653285741806,0.2980036437511444,0.4503673315048218,-0.010701791383326054,0.31297704577445984,0.4072331488132477,-0.0007767039351165295,0.3371036648750305,0.4108218848705292,-0.019424818456172943,0.2991642951965332,0.42341989278793335,-0.010549291037023067,0.291451096534729,0.41481372714042664,0.0003598664770834148,0.3080359697341919,0.3631623685359955,-0.002390364184975624,0.32747751474380493,0.3772280812263489,-0.012178805656731129,0.30122366547584534,0.3872939944267273,-0.0033364356495440006,0.292403906583786,0.3789435625076294,0.005938456393778324,5
0.22513949871063232,0.43835172057151794,-2.1484666490323434e-07,0.24870309233665466,0.5015254616737366,-0.014888247475028038,0.2932479679584503,0.5465465784072876,-0.017759477719664574,0.3325546085834503,0.5285736918449402,-0.019687479361891747,0.3428243398666382,0.4788818359375,-0.018041161820292473,0.3168056607246399,0.48656418919563293,0.0011245033238083124,0.3445011377334595,0.4911978542804718,-0.01292902696877718,0.31190866231918335,0.49635031819343567,-0.01727682538330555,0.3013139069080353,0.49010899662971497,-0.017783598974347115,0.3159645199775696,0.4469304084777832,0.002775413915514946,0.3400031328201294,0.4526371955871582,-0.01336426381021738,0.30220827460289,0.4619872272014618,-0.014685560949146748,0.29734936356544495,0.4520927369594574,-0.010971923358738422,0.311758816242218,0.40973782539367676,0.0009697916684672236,0.3355737030506134,0.41510793566703796,-0.018046626821160316,0.29908448457717896,0.4269907474517822,-0.01070204097777605,0.290542870759964,0.4174489974975586,-0.00045389338629320264,0.3054905831813812,0.36634570360183716,-0.0017975062364712358,0.32597318291664124,0.3825051188468933,-0.011608606204390526,0.3015526831150055,0.39243456721305847,-0.0035120549146085978,0.2921062409877777,0.38259029388427734,0.00548315467312932,5
0.7381881475448608,0.44553476572036743,-4.239259112637228e-07,0.7167792320251465,0.3574633300304413,-0.012851917184889317,0.7231078743934631,0.25589343905448914,-0.015257143415510654,0.7610893845558167,0.19762158393859863,-0.01972375251352787,0.7918707728385925,0.22699901461601257,-0.01998048648238182,0.7743408679962158,0.23377324640750885,0.015417203307151794,0.7965168356895447,0.1921892613172531,-0.006895517464727163,0.7706103324890137,0.24256178736686707,-0.018986571580171585,0.7620744705200195,0.2638668417930603,-0.0238672886043787,0.7963887453079224,0.2717379331588745,0.012885752134025097,0.8159102201461792,0.2326032966375351,-0.010563584975898266,0.7829939126968384,0.28920355439186096,-0.01510168518871069,0.7770702838897705,0.3058660924434662,-0.010761472396552563,0.8149935603141785,0.3131788969039917,0.004718860611319542,0.835174024105072,0.2732548713684082,-0.019998157396912575,0.7989930510520935,0.32485315203666687,-0.012373872101306915,0.7891384959220886,0.34466832876205444,0.0013593480689451098,0.8313878774642944,0.3619004487991333,-0.005053265951573849,0.8452802300453186,0.3201228082180023,-0.016231805086135864,0.8177272081375122,0.35117873549461365,-0.006980381906032562,0.8083008527755737,0.37042468786239624,0.00456352299079299,5
0.737812876701355,0.44470351934432983,-4.326157068135217e-07,0.7160841226577759,0.35640180110931396,-0.013069801963865757,0.7224588394165039,0.25382572412490845,-0.0156537014991045,0.7605145573616028,0.19680917263031006,-0.02008857950568199,0.7922354340553284,0.22452077269554138,-0.02029317244887352,0.7739623785018921,0.23431511223316193,0.01289248839020729,0.7972719669342041,0.19213081896305084,-0.00932327937334776,0.7708632946014404,0.24234506487846375,-0.021095143631100655,0.7620375752449036,0.26170772314071655,-0.02591598592698574,0.7956332564353943,0.27291277050971985,0.010648702271282673,0.8159522414207458,0.23319467902183533,-0.012480545789003372,0.7828999161720276,0.2896480858325958,-0.016563447192311287,0.776517927646637,0.30474138259887695,-0.012268797494471073,0.8144223690032959,0.3142080307006836,0.0029577293898910284,0.8355695009231567,0.27322280406951904,-0.021166106685996056,0.7994552850723267,0.32432129979133606,-0.01309206336736679,0.7892248630523682,0.34318092465400696,0.0004807293589692563,0.8310906291007996,0.36225080490112305,-0.0063635543920099735,0.8457330465316772,0.32007139921188354,-0.01733727566897869,0.8181479573249817,0.35099735856056213,-0.008008280768990517,0.8083211779594421,0.3699183166027069,0.0033419160172343254,5
0.7396702170372009,0.44269609451293945,-4.278300309579208e-07,0.7188510894775391,0.3529828190803528,-0.012057065032422543,0.7256469130516052,0.25187548995018005,-0.014139680191874504,0.763799250125885,0.19562563300132751,-0.018403898924589157,0.7951775193214417,0.2240229845046997,-0.01845325157046318,0.7770466804504395,0.23421382904052734,0.015350417234003544,0.8004913926124573,0.19198137521743774,-0.006004809867590666,0.7741116285324097,0.24074769020080566,-0.017536163330078125,0.7653090953826904,0.2613804340362549,-0.022182544693350792,0.7984969615936279,0.2725467085838318,0.012916087172925472,0.819463312625885,0.23220735788345337,-0.009642551653087139,0.7860525250434875,0.2874329686164856,-0.013869712129235268,0.7793535590171814,0.3050856292247772,-0.009557545185089111,0.8168067932128906,0.3136567771434784,0.005058478098362684,0.8384464383125305,0.2724704146385193,-0.0185370035469532,0.8020694255828857,0.32198241353034973,-0.010762371122837067,0.7911503911018372,0.3434373140335083,0.002769809914752841,0.8331329822540283,0.3620011806488037,-0.004351412877440453,0.8489705920219421,0.3183894157409668,-0.014881150797009468,0.8212633728981018,0.347614586353302,-0.00561778899282217,0.8106176853179932,0.368082731962204,0.005754482001066208,5
0.7430655360221863,0.438914954662323,-4.2960741097886057e-07,0.722851574420929,0.3513878583908081,-0.01284803356975317,0.7295154333114624,0.25120705366134644,-0.0159434974193573,0.7679086923599243,0.1969895362854004,-0.020984124392271042,0.7991498708724976,0.22634416818618774,-0.02201753482222557,0.7809680700302124,0.23424381017684937,0.011754817329347134,0.8049419522285461,0.19309726357460022,-0.009803865104913712,0.7776530981063843,0.24091310799121857,-0.021040868014097214,0.7683375477790833,0.2614911198616028,-0.02561141550540924,0.8023598790168762,0.27213165163993835,0.009542524814605713,0.8234257102012634,0.2331700325012207,-0.013286699540913105,0.7894338369369507,0.28733137249946594,-0.01690557412803173,0.7822631597518921,0.30563363432884216,-0.012352362275123596,0.820452094078064,0.3129759728908539,0.0020446917042136192,0.8420994877815247,0.2731468677520752,-0.021605798974633217,0.8054385185241699,0.32192161679267883,-0.013244765810668468,0.7941345572471619,0.3437742590904236,0.0004536799679044634,0.836405873298645,0.3612384498119354,-0.0070732953026890755,0.8526012301445007,0.3185917139053345,-0.017972735688090324,0.8247852921485901,0.3474123179912567,-0.00875057838857174,0.8137171268463135,0.36797112226486206,0.0024623104836791754,5
0.748820960521698,0.4401916265487671,-4.1102214254351566e-07,0.7289682030677795,0.3516097664833069,-0.01261951308697462,0.7350157499313354,0.25403425097465515,-0.01541290432214737,0.771990954875946,0.1988651305437088,-0.020170066505670547,0.8026636838912964,0.22670844197273254,-0.020883429795503616,0.7859557271003723,0.23511363565921783,0.014775688759982586,0.8085452318191528,0.19627046585083008,-0.0061952522955834866,0.7826380133628845,0.24391131103038788,-0.017842628061771393,0.7736467123031616,0.26326778531074524,-0.02264302968978882,0.807641327381134,0.2729041278362274,0.012676439248025417,0.8273885846138,0.23605966567993164,-0.00956488773226738,0.7946965098381042,0.2898882329463959,-0.014131312258541584,0.7872551083564758,0.30652275681495667,-0.010159702971577644,0.8257100582122803,0.31394895911216736,0.0052281529642641544,0.8459938168525696,0.27619054913520813,-0.018439248204231262,0.8106957674026489,0.3244381844997406,-0.011418888345360756,0.7992530465126038,0.34465670585632324,0.0016026925295591354,0.8411981463432312,0.3622729778289795,-0.0037247370928525925,0.8571061491966248,0.3216239809989929,-0.014846960082650185,0.8299499750137329,0.3503396809101105,-0.006117180455476046,0.8184050917625427,0.3698187470436096,0.004989622626453638,5
0.7514329552650452,0.4405387043952942,-4.1744300460777595e-07,0.7315207719802856,0.3519270122051239,-0.012230427004396915,0.7392712831497192,0.25417256355285645,-0.014449449256062508,0.7774737477302551,0.20031744241714478,-0.018762392923235893,0.8067936301231384,0.22998151183128357,-0.0190738495439291,0.7889123558998108,0.23753130435943604,0.015120374970138073,0.8118000030517578,0.19748902320861816,-0.006264180410653353,0.7856618165969849,0.2449299544095993,-0.018056595697999,0.7762985825538635,0.265031635761261,-0.02288372814655304,0.810140073299408,0.27565979957580566,0.012784979306161404,0.8305504322052002,0.23730292916297913,-0.009806194342672825,0.7972984910011292,0.2906816005706787,-0.014315636828541756,0.7898901104927063,0.3081967830657959,-0.01024098601192236,0.8277947902679443,0.31673696637153625,0.005059103015810251,0.8493472337722778,0.27698108553886414,-0.018716100603342056,0.813198983669281,0.32549577951431274,-0.01132824644446373,0.8016999959945679,0.3469025492668152,0.0019644596613943577,0.8432855606079102,0.3651094436645508,-0.004205163102596998,0.8592387437820435,0.32383468747138977,-0.01532822661101818,0.8316085338592529,0.35273125767707825,-0.006522231735289097,0.820465087890625,0.37257593870162964,0.004593630786985159,5
0.753343403339386,0.4399693012237549,-4.151652035488951e-07,0.7332596778869629,0.35220685601234436,-0.011450396850705147,0.7400087118148804,0.2558552026748657,-0.013825299218297005,0.7776365280151367,0.20285972952842712,-0.018445782363414764,0.8076773881912231,0.22908787429332733,-0.019207336008548737,0.7905780673027039,0.23805899918079376,0.014800935983657837,0.8146941065788269,0.19889338314533234,-0.007108519785106182,0.788394033908844,0.24444174766540527,-0.01933668740093708,0.7777215838432312,0.2660742700099945,-0.024193301796913147,0.8116433620452881,0.27576395869255066,0.012085731141269207,0.8331182599067688,0.237964928150177,-0.0108117014169693,0.8001219034194946,0.2901849150657654,-0.01573178358376026,0.7917725443840027,0.3088185489177704,-0.011879739351570606,0.8295981884002686,0.3163996934890747,0.004106865264475346,0.8514529466629028,0.27789977192878723,-0.019770711660385132,0.8155417442321777,0.32537946105003357,-0.012639271095395088,0.8033149242401123,0.3467446565628052,0.0004980284720659256,0.845180332660675,0.3644442558288574,-0.005315329879522324,0.8613854050636292,0.32402193546295166,-0.01654953882098198,0.8339069485664368,0.3524198830127716,-0.007804508786648512,0.8223117589950562,0.3715822696685791,0.00329832942225039,5
0.7545390725135803,0.43736404180526733,-4.278161611637188e-07,0.7344973087310791,0.348057359457016,-0.010743489488959312,0.7420139312744141,0.2510228455066681,-0.012165225110948086,0.7797966599464417,0.19858822226524353,-0.01584869995713234,0.8088896870613098,0.22556371986865997,-0.015447785146534443,0.7934444546699524,0.23352020978927612,0.016582531854510307,0.8175646066665649,0.19631507992744446,-0.005094956140965223,0.7903977632522583,0.24170759320259094,-0.017517630010843277,0.7794149518013,0.26175379753112793,-0.02257966436445713,0.8136366605758667,0.2727971374988556,0.013920002616941929,0.8349417448043823,0.23554043471813202,-0.008532462641596794,0.8011083602905273,0.28776872158050537,-0.013657837174832821,0.7926562428474426,0.30510765314102173,-0.010115420445799828,0.8309915661811829,0.31403008103370667,0.005973465275019407,0.8526822328567505,0.27502554655075073,-0.017091527581214905,0.8164523243904114,0.3227069675922394,-0.009902327321469784,0.8046141266822815,0.34374865889549255,0.00303661054931581,0.8466150164604187,0.3621532618999481,-0.0034074236173182726,0.8628237843513489,0.32105037569999695,-0.01357412151992321,0.835472583770752,0.3495095670223236,-0.004549957811832428,0.8246608972549438,0.3681936264038086,0.006556928623467684,5
0.7557443380355835,0.4338268041610718,-4.1537290940141247e-07,0.7373501658439636,0.34468209743499756,-0.011018097400665283,0.744451642036438,0.24899029731750488,-0.013417401351034641,0.7818198204040527,0.19575223326683044,-0.01829848252236843,0.8127392530441284,0.22448596358299255,-0.019339241087436676,0.7959129214286804,0.23406535387039185,0.01606067642569542,0.8183997869491577,0.19323518872261047,-0.004905074369162321,0.7920266389846802,0.23834772408008575,-0.01674911007285118,0.7824061512947083,0.26021814346313477,-0.021555384621024132,0.8164277672767639,0.27125465869903564,0.013270801864564419,0.835930585861206,0.23222485184669495,-0.008675671182572842,0.803135335445404,0.28384798765182495,-0.013394800946116447,0.7961937785148621,0.30380481481552124,-0.00960164051502943,0.8337206840515137,0.31189650297164917,0.0052280062809586525,0.854282796382904,0.27092960476875305,-0.01771392673254013,0.8185604214668274,0.3175279200077057,-0.01050804927945137,0.8071293830871582,0.34119105339050293,0.002570096170529723,0.8488701581954956,0.3602752685546875,-0.004274365026503801,0.864321768283844,0.31640535593032837,-0.014744658954441547,0.8372201919555664,0.3431117534637451,-0.0059618582017719746,0.826205849647522,0.36446091532707214,0.005100966431200504,5
0.7587238550186157,0.43510955572128296,-4.0976829041028395e-07,0.7397474050521851,0.3450087010860443,-0.012142172083258629,0.7469524145126343,0.2487933337688446,-0.015175791457295418,0.7846360802650452,0.19545966386795044,-0.0204043947160244,0.8143907189369202,0.22429987788200378,-0.02179085649549961,0.7981439828872681,0.23268115520477295,0.014839857816696167,0.8214750289916992,0.19438906013965607,-0.007197461556643248,0.7952684760093689,0.23963814973831177,-0.019824495539069176,0.7843453884124756,0.2617880702018738,-0.024937983602285385,0.8186595439910889,0.27078187465667725,0.01243679877370596,0.8390246033668518,0.2343716025352478,-0.01028671395033598,0.8063833117485046,0.28608375787734985,-0.015477788634598255,0.7977195382118225,0.3050730228424072,-0.012008712626993656,0.8358731865882874,0.3118116557598114,0.004674640018492937,0.8570684790611267,0.27324989438056946,-0.01902470923960209,0.8216776251792908,0.3202977776527405,-0.011892781592905521,0.8089873790740967,0.3428037464618683,0.0012023593299090862,0.8507845997810364,0.360601544380188,-0.0046149673871695995,0.867194414138794,0.31842249631881714,-0.015798768028616905,0.8404797911643982,0.3465455174446106,-0.007071876432746649,0.828770637512207,0.3670186400413513,0.004039487335830927,5
0.7619050145149231,0.4372122287750244,-4.1321575849906367e-07,0.7426056265830994,0.34786105155944824,-0.012175475247204304,0.749805212020874,0.25159120559692383,-0.014938557520508766,0.7870072722434998,0.19779819250106812,-0.019871950149536133,0.8167265057563782,0.22740620374679565,-0.020962577313184738,0.8004351854324341,0.23611189424991608,0.014753769151866436,0.8227493166923523,0.19812583923339844,-0.006435617804527283,0.7964176535606384,0.24341487884521484,-0.018229512497782707,0.7867611050605774,0.2630307078361511,-0.02311771549284458,0.8209776282310486,0.2741488218307495,0.01230349950492382,0.8406361937522888,0.23720413446426392,-0.0100838802754879,0.8076010346412659,0.28836023807525635,-0.014727670699357986,0.7998191118240356,0.30625542998313904,-0.010929607786238194,0.8382291197776794,0.3150014579296112,0.004526572301983833,0.8587884902954102,0.2764875888824463,-0.018887024372816086,0.8232347965240479,0.3229156732559204,-0.011732982471585274,0.8114416003227234,0.3449406027793884,0.0012638471089303493,0.853343665599823,0.36330583691596985,-0.00479863490909338,0.8685909509658813,0.3216607868671417,-0.01552404835820198,0.8418172597885132,0.3488221764564514,-0.006789587438106537,0.8306045532226562,0.3691941499710083,0.0041605569422245026,5
0.7631707191467285,0.438340425491333,-4.2398482946737204e-07,0.7439293265342712,0.3487439751625061,-0.010547671467065811,0.7510736584663391,0.2541157007217407,-0.01230164710432291,0.7882481217384338,0.20155026018619537,-0.0164614450186491,0.8184868693351746,0.22718822956085205,-0.01669822819530964,0.8013966083526611,0.23821868002414703,0.016815869137644768,0.8247514367103577,0.1995416283607483,-0.004783111624419689,0.7981588244438171,0.24464869499206543,-0.0171775184571743,0.7877251505851746,0.2652948796749115,-0.022146550938487053,0.8215093612670898,0.2765014171600342,0.014005394652485847,0.8423691391944885,0.23853451013565063,-0.00817052274942398,0.8091384768486023,0.2900694012641907,-0.013203272596001625,0.801030158996582,0.3077329099178314,-0.009639285504817963,0.838862419128418,0.31714707612991333,0.005921270698308945,0.8603116869926453,0.27772533893585205,-0.017243728041648865,0.8245856165885925,0.3246731162071228,-0.010102111846208572,0.8128420114517212,0.34680840373039246,0.0028802347369492054,0.8541460037231445,0.36496710777282715,-0.0035536689683794975,0.8701828122138977,0.3231273293495178,-0.014024347998201847,0.8430979251861572,0.35128334164619446,-0.004997246898710728,0.8321742415428162,0.37172412872314453,0.006215854547917843,5
0.7639089822769165,0.4394943118095398,-4.132631090669747e-07,0.7446876168251038,0.34887561202049255,-0.01091888640075922,0.7516468167304993,0.2538617253303528,-0.012961100786924362,0.7891722321510315,0.20149114727973938,-0.01749623566865921,0.8198257088661194,0.22920966148376465,-0.018172023817896843,0.8016437888145447,0.2402724027633667,0.01672743447124958,0.825166642665863,0.2003549188375473,-0.005144416354596615,0.7987871766090393,0.24437163770198822,-0.017778784036636353,0.7881252765655518,0.2664323151111603,-0.022837424650788307,0.8218170404434204,0.2780640721321106,0.013971485197544098,0.8431103825569153,0.2391601800918579,-0.008739960379898548,0.8100336790084839,0.29012972116470337,-0.014117034152150154,0.8016103506088257,0.3100978136062622,-0.01060725562274456,0.8392437100410461,0.31831252574920654,0.0058913337998092175,0.8611098527908325,0.2779829204082489,-0.017540927976369858,0.8255399465560913,0.3247019350528717,-0.01049240492284298,0.8132323622703552,0.34877490997314453,0.0026359932962805033,0.8546610474586487,0.36615389585494995,-0.003659954061731696,0.8710647225379944,0.3228600323200226,-0.014329877682030201,0.8441810607910156,0.3505176305770874,-0.005448637530207634,0.832736611366272,0.37224939465522766,0.0057638115249574184,5
0.7644222974777222,0.4400501251220703,-4.2016412749035226e-07,0.7455377578735352,0.35051530599594116,-0.010873391292989254,0.752575159072876,0.25605860352516174,-0.012944700196385384,0.7899960279464722,0.2045208215713501,-0.017407216131687164,0.8200890421867371,0.23147115111351013,-0.018026679754257202,0.8028594255447388,0.24138766527175903,0.01586187444627285,0.8267672657966614,0.20317304134368896,-0.005750078707933426,0.7996705174446106,0.24700120091438293,-0.01808423548936844,0.7887980937957764,0.26763784885406494,-0.02308708056807518,0.8228024840354919,0.279458224773407,0.013146634213626385,0.8441789150238037,0.24193140864372253,-0.009177051484584808,0.8106791377067566,0.2923525273799896,-0.014207269065082073,0.8022312521934509,0.3108559846878052,-0.010716058313846588,0.8400934338569641,0.3199537694454193,0.005182188469916582,0.8624863624572754,0.28008729219436646,-0.017944563180208206,0.8264716267585754,0.3260926306247711,-0.010803836397826672,0.8138880133628845,0.34894219040870667,0.0021218666806817055,0.855207085609436,0.36764657497406006,-0.004226463846862316,0.8719719648361206,0.32511207461357117,-0.014962097629904747,0.8447864055633545,0.35247474908828735,-0.006261944770812988,0.8330296277999878,0.3733809292316437,0.004707902204245329,5
0.7667654752731323,0.44199246168136597,-4.1267824713031587e-07,0.7480982542037964,0.35263746976852417,-0.011191803961992264,0.7552981376647949,0.25914865732192993,-0.013636698015034199,0.7926278114318848,0.20745345950126648,-0.018403254449367523,0.8226912617683411,0.23448589444160461,-0.019322682172060013,0.8049975037574768,0.2434920370578766,0.01579439826309681,0.8279368281364441,0.20607033371925354,-0.005884670652449131,0.8015622496604919,0.2501033544540405,-0.018400467932224274,0.7911583781242371,0.2702328562736511,-0.023541882634162903,0.8251057863235474,0.2816888988018036,0.013067967258393764,0.8460267782211304,0.24491028487682343,-0.009327820502221584,0.8128703236579895,0.2949821949005127,-0.014664430171251297,0.8041921854019165,0.31216520071029663,-0.011423325166106224,0.842392086982727,0.322180837392807,0.005089541897177696,0.8644365072250366,0.2835777997970581,-0.01817716658115387,0.828913688659668,0.32900270819664,-0.011384768411517143,0.8163356781005859,0.35039591789245605,0.0013069791020825505,0.8574967384338379,0.36961305141448975,-0.004336797632277012,0.8742137551307678,0.32811447978019714,-0.015010538510978222,0.8475976586341858,0.3552025556564331,-0.0063023348338902,0.835909366607666,0.3750954568386078,0.004647435620427132,5
0.7679753303527832,0.44506511092185974,-4.067294696596946e-07,0.7496647834777832,0.35505470633506775,-0.011418551206588745,0.7571570873260498,0.25989359617233276,-0.013835898600518703,0.7945554852485657,0.20800551772117615,-0.018650801852345467,0.8250662684440613,0.2371578961610794,-0.019553152844309807,0.8060926795005798,0.24521569907665253,0.016309818252921104,0.8290858268737793,0.20606045424938202,-0.005372792016714811,0.8029754161834717,0.25134918093681335,-0.01763901859521866,0.7928774356842041,0.27267125248908997,-0.02258254773914814,0.8262929916381836,0.28269362449645996,0.01353281270712614,0.8471397161483765,0.24546441435813904,-0.009364443831145763,0.814141571521759,0.2965896725654602,-0.014662423171103,0.8058516383171082,0.3148026168346405,-0.011092515662312508,0.8434403538703918,0.3231135308742523,0.0054122768342494965,0.8649200797080994,0.2848722040653229,-0.018198544159531593,0.8294188380241394,0.3316347599029541,-0.01121707446873188,0.8172812461853027,0.3533293902873993,0.0018527880311012268,0.8583692908287048,0.3710329830646515,-0.0042079733684659,0.8742193579673767,0.32999342679977417,-0.014996419660747051,0.8475757837295532,0.3577873408794403,-0.006245912052690983,0.8362963795661926,0.37772780656814575,0.004843921400606632,5
0.7680168747901917,0.44628214836120605,-4.130470756535942e-07,0.7494246363639832,0.35616743564605713,-0.01138610765337944,0.7574592232704163,0.26095810532569885,-0.013510051183402538,0.7949568033218384,0.20947608351707458,-0.017824839800596237,0.8233504295349121,0.2367003858089447,-0.01819109544157982,0.8067798614501953,0.2446075677871704,0.01620858535170555,0.82976895570755,0.20728141069412231,-0.005607087630778551,0.8035330772399902,0.2533004581928253,-0.018206818029284477,0.7932068109512329,0.2735437750816345,-0.023388270288705826,0.8266408443450928,0.283032089471817,0.013616034761071205,0.8471921682357788,0.24663327634334564,-0.009023657999932766,0.8142099380493164,0.29893502593040466,-0.014456759206950665,0.8060447573661804,0.3159599304199219,-0.011119099333882332,0.8436180353164673,0.32394078373908997,0.005711308680474758,0.8649604916572571,0.28565067052841187,-0.017810804769396782,0.8292719125747681,0.3335254192352295,-0.010841254144906998,0.8174604773521423,0.35457226634025574,0.0021052490919828415,0.8584488034248352,0.37164658308029175,-0.003646695287898183,0.8740400075912476,0.33078429102897644,-0.014546099118888378,0.8471819758415222,0.360024094581604,-0.005703673232346773,0.8365204930305481,0.3799993693828583,0.005478912498801947,5
0.7671347260475159,0.4469253718852997,-4.1435180264670635e-07,0.7494188547134399,0.3581598997116089,-0.011598991230130196,0.7570471167564392,0.2640121579170227,-0.014233182184398174,0.7936809062957764,0.21217447519302368,-0.01911059208214283,0.8228615522384644,0.23913517594337463,-0.020068354904651642,0.8063299059867859,0.2474411129951477,0.015436483547091484,0.8285863399505615,0.20998713374137878,-0.006391327828168869,0.8021109700202942,0.2559610903263092,-0.018709896132349968,0.7920373678207397,0.2765187621116638,-0.02372979372739792,0.8261523246765137,0.28523069620132446,0.012670333497226238,0.845827579498291,0.2496318817138672,-0.010138433426618576,0.8126183152198792,0.30070215463638306,-0.015357482247054577,0.8049013614654541,0.3172532618045807,-0.011929097585380077,0.8428785800933838,0.32610052824020386,0.0045926980674266815,0.8638854622840881,0.2887655198574066,-0.01899142749607563,0.8280777335166931,0.3346847593784332,-0.011977861635386944,0.8166366815567017,0.35439443588256836,0.0008847767603583634,0.8571964502334595,0.37385106086730957,-0.00495864124968648,0.8723686933517456,0.33382436633110046,-0.015711022540926933,0.8453902006149292,0.3613201081752777,-0.006864829920232296,0.8348214030265808,0.3799241781234741,0.004193911794573069,5
0.765536367893219,0.44847285747528076,-3.985859677868575e-07,0.7487720847129822,0.3588992953300476,-0.011372624896466732,0.7561706304550171,0.2675957679748535,-0.014143617823719978,0.7931064963340759,0.2171355038881302,-0.019289007410407066,0.8241018056869507,0.24522173404693604,-0.020642844960093498,0.8057466149330139,0.2527393698692322,0.01628955826163292,0.8279796838760376,0.21602624654769897,-0.004877899307757616,0.8018271327018738,0.25900012254714966,-0.017174215987324715,0.791706919670105,0.2800392806529999,-0.022252991795539856,0.8254167437553406,0.290306031703949,0.01365687046200037,0.845862865447998,0.2543450593948364,-0.00885852798819542,0.8128042817115784,0.3031887412071228,-0.01435599010437727,0.8042855858802795,0.32226309180259705,-0.011064606718719006,0.8418571352958679,0.3309389650821686,0.0057647195644676685,0.8631343841552734,0.29314443469047546,-0.01755491830408573,0.8277583122253418,0.33727943897247314,-0.011005712673068047,0.8153316974639893,0.35983598232269287,0.001705060014501214,0.8559866547584534,0.37947654724121094,-0.0035931107122451067,0.8719914555549622,0.3378700315952301,-0.014482828788459301,0.8454077243804932,0.36317846179008484,-0.006170712877064943,0.8336305022239685,0.38325488567352295,0.004616950172930956,5
0.7656546831130981,0.45291805267333984,-3.9838653265178436e-07,0.7486332654953003,0.3636704385280609,-0.010457098484039307,0.7557358145713806,0.27234843373298645,-0.012394694611430168,0.792137622833252,0.22285088896751404,-0.016768785193562508,0.8226186037063599,0.24860313534736633,-0.017286233603954315,0.8049643635749817,0.2576618492603302,0.017745081335306168,0.8272138833999634,0.22116847336292267,-0.003170744515955448,0.8012670278549194,0.2638043761253357,-0.015538382343947887,0.791374146938324,0.2835848033428192,-0.020662281662225723,0.8240016102790833,0.295133501291275,0.015029873698949814,0.8437331318855286,0.26020336151123047,-0.006782467011362314,0.8111053705215454,0.3086288571357727,-0.012415619567036629,0.8035024404525757,0.32541781663894653,-0.00942933838814497,0.8403456211090088,0.3349619209766388,0.007079308852553368,0.86098313331604,0.2977348268032074,-0.015607208013534546,0.8257477283477783,0.3421192765235901,-0.009188953787088394,0.814314603805542,0.3631540834903717,0.0031774912495166063,0.8547108769416809,0.38195139169692993,-0.0022573480382561684,0.8700010776519775,0.34198081493377686,-0.012733845971524715,0.8432415723800659,0.3685515522956848,-0.0043015796691179276,0.8325220942497253,0.3881913423538208,0.006498122587800026,5
