x0,y0,z0,x1,y1,z1,x2,y2,z2,x3,y3,z3,x4,y4,z4,x5,y5,z5,x6,y6,z6,x7,y7,z7,x8,y8,z8,x9,y9,z9,x10,y10,z10,x11,y11,z11,x12,y12,z12,x13,y13,z13,x14,y14,z14,x15,y15,z15,x16,y16,z16,x17,y17,z17,x18,y18,z18,x19,y19,z19,x20,y20,z20,label
0.48286229372024536,0.8198302984237671,5.877342914573092e-07,0.5566078424453735,0.7755346298217773,-0.033983856439590454,0.6190083026885986,0.6893059015274048,-0.05013226345181465,0.6658398509025574,0.6252748370170593,-0.06450793892145157,0.7104050517082214,0.5941601991653442,-0.07895095646381378,0.5550380945205688,0.5064888000488281,-0.027233166620135307,0.5902993679046631,0.3911518454551697,-0.04845433309674263,0.6110614538192749,0.31724798679351807,-0.06678243726491928,0.627189576625824,0.2530202269554138,-0.08063601702451706,0.5080259442329407,0.4886539578437805,-0.028147583827376366,0.5135549902915955,0.3460010886192322,-0.04532600939273834,0.5165770053863525,0.26159554719924927,-0.06119435280561447,0.5173750519752502,0.19169196486473083,-0.07339025288820267,0.46678295731544495,0.5049558281898499,-0.03348589688539505,0.4621518850326538,0.37546437978744507,-0.0529099777340889,0.46029019355773926,0.2921285629272461,-0.06820452213287354,0.459647536277771,0.2187662422657013,-0.07880642265081406,0.4293897747993469,0.5513558983802795,-0.04227084666490555,0.3966115117073059,0.4659954309463501,-0.06244056671857834,0.3754338026046753,0.40643858909606934,-0.07212519645690918,0.3583769202232361,0.3482821583747864,-0.07784752547740936,4
0.4823269844055176,0.81871497631073,5.792361434941995e-07,0.5551249384880066,0.7744856476783752,-0.033269669860601425,0.6176012754440308,0.6890507936477661,-0.0491679422557354,0.6643549203872681,0.6265546679496765,-0.06337898224592209,0.7084688544273376,0.5949664115905762,-0.07773697376251221,0.5551087856292725,0.5055838823318481,-0.027011264115571976,0.5902862548828125,0.3909260630607605,-0.04793095216155052,0.6106670498847961,0.31688255071640015,-0.06588958948850632,0.6263744235038757,0.2525297701358795,-0.07951896637678146,0.5080446600914001,0.4878690540790558,-0.028345147147774696,0.5135517120361328,0.3457997441291809,-0.04550730809569359,0.5165484547615051,0.26084762811660767,-0.0613158643245697,0.5172846913337708,0.19040143489837646,-0.07352720201015472,0.46645107865333557,0.5045255422592163,-0.03404061123728752,0.4619606137275696,0.3752378821372986,-0.05357447639107704,0.4601549506187439,0.29087528586387634,-0.06911037117242813,0.45939117670059204,0.21665909886360168,-0.07993259280920029,0.42847466468811035,0.5508078932762146,-0.04307827726006508,0.39550358057022095,0.46488749980926514,-0.06352213025093079,0.3743146061897278,0.4045236110687256,-0.0734984502196312,0.357277512550354,0.3454411029815674,-0.07945815473794937,4
0.48079943656921387,0.8156778812408447,5.831224143548752e-07,0.5539484620094299,0.7711268067359924,-0.03342345729470253,0.6161873936653137,0.6851288676261902,-0.04925704374909401,0.6625108122825623,0.6218018531799316,-0.06339728087186813,0.706157922744751,0.5898792147636414,-0.07757532596588135,0.5523024201393127,0.502686083316803,-0.026851747184991837,0.5874428153038025,0.38702714443206787,-0.047657858580350876,0.6079784631729126,0.3133174777030945,-0.06542737782001495,0.6242004036903381,0.24972441792488098,-0.07888098061084747,0.5050704479217529,0.4854380488395691,-0.02799880877137184,0.5097709894180298,0.342908650636673,-0.045136235654354095,0.5126515030860901,0.2578081786632538,-0.060911875218153,0.5136392712593079,0.1877315640449524,-0.07304834574460983,0.4637525677680969,0.5021764039993286,-0.033526819199323654,0.459026575088501,0.37248462438583374,-0.053121887147426605,0.4572029709815979,0.2887169122695923,-0.06872455775737762,0.4566940665245056,0.21539315581321716,-0.07949325442314148,0.4265022277832031,0.5485630631446838,-0.042398601770401,0.3932945728302002,0.46279844641685486,-0.06291477382183075,0.3718096613883972,0.4030922055244446,-0.07297550141811371,0.3545070290565491,0.3450090289115906,-0.07893204689025879,4
0.4799327850341797,0.8179653882980347,5.810881020806846e-07,0.5530691742897034,0.7739232778549194,-0.03344457969069481,0.6148291230201721,0.6877430081367493,-0.04937724396586418,0.6613819599151611,0.6236088871955872,-0.06363967806100845,0.7053147554397583,0.5926084518432617,-0.07800369709730148,0.5514975190162659,0.5056874752044678,-0.027040772140026093,0.58663409948349,0.39027827978134155,-0.04829588532447815,0.6077023148536682,0.3161257207393646,-0.06650194525718689,0.6243248581886292,0.25169745087623596,-0.08027800917625427,0.5045070648193359,0.4875084161758423,-0.028296377509832382,0.5096703171730042,0.3439822793006897,-0.045723848044872284,0.5126402378082275,0.2585810124874115,-0.061603546142578125,0.5136564373970032,0.18793576955795288,-0.07381574809551239,0.4632926881313324,0.5036966800689697,-0.0339684896171093,0.4584708511829376,0.37374556064605713,-0.05371326580643654,0.45610806345939636,0.28880882263183594,-0.06940839439630508,0.4551199972629547,0.21428611874580383,-0.0802917331457138,0.4259607195854187,0.5498407483100891,-0.043007709085941315,0.3925700783729553,0.46401920914649963,-0.06349843740463257,0.3710167407989502,0.40384441614151,-0.07357892394065857,0.35374754667282104,0.34521007537841797,-0.07963614910840988,4
0.4800910949707031,0.8178159594535828,5.856248321833846e-07,0.5526509284973145,0.7731934785842896,-0.03348209336400032,0.6150286197662354,0.6875406503677368,-0.04952166602015495,0.6616063714027405,0.6250051259994507,-0.06385450065135956,0.7052572965621948,0.593991756439209,-0.07822495698928833,0.5521045327186584,0.5044577717781067,-0.027089787647128105,0.5874195098876953,0.3893278241157532,-0.04806818068027496,0.607990562915802,0.3153315782546997,-0.06596677750349045,0.624250590801239,0.2514565587043762,-0.07956533133983612,0.5049073100090027,0.4869270920753479,-0.028372934088110924,0.5097932815551758,0.34423828125,-0.045735910534858704,0.5126424431800842,0.2592199742794037,-0.06161656975746155,0.5135300755500793,0.1890820860862732,-0.0738181546330452,0.4636029601097107,0.5039099454879761,-0.034044649451971054,0.45873555541038513,0.37419047951698303,-0.05378684401512146,0.4564250111579895,0.2898663580417633,-0.06955321878194809,0.4554368257522583,0.21563926339149475,-0.08047586679458618,0.4262632727622986,0.5507670640945435,-0.04306671768426895,0.3929610252380371,0.46562039852142334,-0.063728466629982,0.37126147747039795,0.405758798122406,-0.07398147881031036,0.35374122858047485,0.34708666801452637,-0.08010374009609222,4
0.47981739044189453,0.8167797327041626,5.85709187816974e-07,0.5528911352157593,0.7728841304779053,-0.03414337709546089,0.6155149936676025,0.686575174331665,-0.050400327891111374,0.6621336936950684,0.6234546899795532,-0.06484821438789368,0.70582515001297,0.5922354459762573,-0.07936219871044159,0.5525087118148804,0.5041961669921875,-0.028133325278759003,0.5872915983200073,0.38818737864494324,-0.049363281577825546,0.6076952219009399,0.3141027092933655,-0.06735537946224213,0.6240870952606201,0.2500229477882385,-0.0810423269867897,0.505253255367279,0.4867832660675049,-0.02912803366780281,0.5098857283592224,0.3445436656475067,-0.04677761346101761,0.512783408164978,0.2588159143924713,-0.0628867894411087,0.513889729976654,0.18820178508758545,-0.07532181590795517,0.4638933539390564,0.5038470029830933,-0.03454817086458206,0.45858028531074524,0.3742380142211914,-0.05456316098570824,0.4561268091201782,0.2899303138256073,-0.0706009715795517,0.4550565481185913,0.2158362865447998,-0.08174831420183182,0.42664676904678345,0.5506002902984619,-0.043368563055992126,0.39316701889038086,0.46560272574424744,-0.064358189702034,0.371268093585968,0.40534067153930664,-0.07500492036342621,0.35360121726989746,0.3462095260620117,-0.08145621418952942,4
0.4809425175189972,0.8168513774871826,5.802532996312948e-07,0.5535224080085754,0.7720727324485779,-0.034450411796569824,0.6164941787719727,0.6853642463684082,-0.050880130380392075,0.6632943153381348,0.6217187643051147,-0.06537974625825882,0.7069384455680847,0.5884880423545837,-0.07985910773277283,0.553411066532135,0.5025875568389893,-0.028294794261455536,0.5883058905601501,0.38688480854034424,-0.04956607148051262,0.6088270545005798,0.3129313588142395,-0.06770525872707367,0.6250746250152588,0.24860823154449463,-0.08144841343164444,0.5061845779418945,0.484697163105011,-0.029082437977194786,0.5110374689102173,0.34247368574142456,-0.04644490033388138,0.5137296915054321,0.257218599319458,-0.06231917813420296,0.5145108103752136,0.1871509552001953,-0.07459704577922821,0.4648612439632416,0.501244843006134,-0.034333065152168274,0.4596889615058899,0.37182530760765076,-0.054003097116947174,0.4571550786495209,0.2876740097999573,-0.06972958892583847,0.456049382686615,0.21356812119483948,-0.08074052631855011,0.427654504776001,0.5477393865585327,-0.043041642755270004,0.3938298225402832,0.4630729556083679,-0.0636933371424675,0.3718630373477936,0.40359222888946533,-0.07403741031885147,0.3543422222137451,0.3452942967414856,-0.08029046654701233,4
0.4806460440158844,0.8146209716796875,5.78353819946642e-07,0.5536050200462341,0.7702124118804932,-0.03403563052415848,0.616823673248291,0.683979868888855,-0.050366442650556564,0.6646221876144409,0.6201376914978027,-0.06488269567489624,0.7082239985466003,0.5864639282226562,-0.07938368618488312,0.553646981716156,0.5011738538742065,-0.028392722830176353,0.589222252368927,0.3858575224876404,-0.050137195736169815,0.6101987361907959,0.31231027841567993,-0.06853488832712173,0.6268504858016968,0.2483671009540558,-0.08237872272729874,0.5069575905799866,0.48288267850875854,-0.029400505125522614,0.5119557976722717,0.3406262993812561,-0.04721393436193466,0.5148884654045105,0.25539201498031616,-0.06321822106838226,0.5157496333122253,0.18497151136398315,-0.07553476095199585,0.46591442823410034,0.4991030693054199,-0.03484262898564339,0.46058526635169983,0.3696531355381012,-0.05498706176877022,0.4580784738063812,0.2858632504940033,-0.07073887437582016,0.45685243606567383,0.2120843529701233,-0.08165799826383591,0.4288896322250366,0.5452443957328796,-0.04368860647082329,0.39528071880340576,0.4607497453689575,-0.0646611675620079,0.3733803629875183,0.40132999420166016,-0.07502906769514084,0.35568320751190186,0.34333479404449463,-0.08122722804546356,4
0.48189714550971985,0.8108441829681396,5.722080800296681e-07,0.5545904040336609,0.7658367156982422,-0.03380725532770157,0.617361843585968,0.6790066361427307,-0.04994935169816017,0.6650869846343994,0.6147937774658203,-0.06435088813304901,0.7087362408638,0.5807771682739258,-0.07874452322721481,0.5543160438537598,0.4970240592956543,-0.028104040771722794,0.5891208648681641,0.3813486099243164,-0.049588579684495926,0.6094151139259338,0.30769723653793335,-0.06773880124092102,0.6253995299339294,0.24343416094779968,-0.08144905418157578,0.5070372223854065,0.47905123233795166,-0.02919415384531021,0.5113227367401123,0.337075799703598,-0.04683338850736618,0.5139648914337158,0.2525472640991211,-0.06260372698307037,0.5147599577903748,0.18270698189735413,-0.07474979013204575,0.4655805230140686,0.4955321252346039,-0.034691184759140015,0.4600495994091034,0.3660566508769989,-0.05465089529752731,0.457461416721344,0.28235408663749695,-0.07003756612539291,0.45631518959999084,0.20892146229743958,-0.08069935441017151,0.4282432794570923,0.5418901443481445,-0.04358680173754692,0.39473527669906616,0.457084983587265,-0.06434360146522522,0.37302178144454956,0.39777058362960815,-0.07437882572412491,0.35558295249938965,0.3401252031326294,-0.08031757175922394,4
0.4821729063987732,0.8109697699546814,5.693075877388765e-07,0.554761528968811,0.7671599984169006,-0.03374900296330452,0.6176524758338928,0.6808241605758667,-0.04966115951538086,0.6649968028068542,0.6162949204444885,-0.06380405277013779,0.7082811594009399,0.5816622376441956,-0.07794347405433655,0.5550532937049866,0.4969310760498047,-0.02782832644879818,0.5898252725601196,0.3805498480796814,-0.048884592950344086,0.6099111437797546,0.3069680333137512,-0.06662262231111526,0.6257637739181519,0.2430809736251831,-0.0800744816660881,0.5079333186149597,0.47911176085472107,-0.02882365696132183,0.5127046704292297,0.33694708347320557,-0.04619503393769264,0.5152796506881714,0.25199660658836365,-0.06191438436508179,0.515876054763794,0.18187975883483887,-0.07407879084348679,0.4664454758167267,0.4956356883049011,-0.034228965640068054,0.461161732673645,0.3657380938529968,-0.054147861897945404,0.45828506350517273,0.28178369998931885,-0.0699106976389885,0.4567774534225464,0.20801237225532532,-0.08089041709899902,0.42884841561317444,0.5418308973312378,-0.0429755337536335,0.39515918493270874,0.45676833391189575,-0.06397232413291931,0.37320828437805176,0.397541880607605,-0.07441120594739914,0.3555193543434143,0.33975136280059814,-0.08065857738256454,4
0.4829462766647339,0.8119398355484009,5.703228680431494e-07,0.5558580160140991,0.7673227787017822,-0.03271866217255592,0.6183130741119385,0.680515468120575,-0.048084475100040436,0.6652439832687378,0.6166726350784302,-0.061881713569164276,0.7085695266723633,0.5837169289588928,-0.07570670545101166,0.555371880531311,0.49768757820129395,-0.026216618716716766,0.5906968116760254,0.3822883069515228,-0.04701678454875946,0.6113502383232117,0.3089054822921753,-0.0647914856672287,0.6276951432228088,0.24542567133903503,-0.07822789996862411,0.5085409283638,0.47987914085388184,-0.027543308213353157,0.5137709975242615,0.33808016777038574,-0.044531308114528656,0.5165303349494934,0.253437876701355,-0.06006439030170441,0.5172427892684937,0.18364813923835754,-0.07203571498394012,0.4673459827899933,0.49624693393707275,-0.033240340650081635,0.46199867129325867,0.3663865327835083,-0.05268704146146774,0.45943179726600647,0.28288716077804565,-0.06803236156702042,0.45826461911201477,0.20987993478775024,-0.07868816703557968,0.4300859570503235,0.5425645112991333,-0.04224516823887825,0.39611977338790894,0.45814061164855957,-0.06274528056383133,0.3743928074836731,0.39891764521598816,-0.0727882832288742,0.35700303316116333,0.34132635593414307,-0.07872996479272842,4
0.4842759668827057,0.8093931674957275,5.667482696480874e-07,0.5567687153816223,0.7648525238037109,-0.03329157829284668,0.619068443775177,0.6771727204322815,-0.04887102544307709,0.6662377119064331,0.6127561330795288,-0.06274464726448059,0.7100549936294556,0.579639732837677,-0.07660339772701263,0.5563480257987976,0.4945983588695526,-0.02699309214949608,0.5912854075431824,0.3791607618331909,-0.04761885479092598,0.6111900210380554,0.30583786964416504,-0.06513916701078415,0.6267967820167542,0.242014080286026,-0.07852651923894882,0.5093972682952881,0.47667840123176575,-0.028112025931477547,0.5139155387878418,0.3354175090789795,-0.04520796611905098,0.5165100693702698,0.25071775913238525,-0.06075426563620567,0.5170408487319946,0.18080800771713257,-0.07277805358171463,0.4682193398475647,0.49308615922927856,-0.033608220517635345,0.46238672733306885,0.36385583877563477,-0.05340173467993736,0.45957237482070923,0.28051236271858215,-0.06900188326835632,0.45804429054260254,0.20753693580627441,-0.07981794327497482,0.43114519119262695,0.5393891930580139,-0.04241915047168732,0.39680543541908264,0.45474714040756226,-0.06329433619976044,0.37474364042282104,0.395588219165802,-0.07360967248678207,0.35701626539230347,0.33818235993385315,-0.07975107431411743,4
0.48548099398612976,0.8061416149139404,5.701626264453807e-07,0.5582910776138306,0.7619251012802124,-0.033610567450523376,0.6212238073348999,0.6755338907241821,-0.04968646168708801,0.6681697964668274,0.6109298467636108,-0.06408250331878662,0.7113786339759827,0.575531005859375,-0.078452929854393,0.5584150552749634,0.492445707321167,-0.027611900120973587,0.593407154083252,0.37728190422058105,-0.04905061051249504,0.6135135889053345,0.3038388192653656,-0.06704339385032654,0.6292627453804016,0.23982763290405273,-0.08060258626937866,0.5116387009620667,0.47434163093566895,-0.028826339170336723,0.5165461301803589,0.3326735198497772,-0.046527013182640076,0.5188478231430054,0.2482246458530426,-0.062304746359586716,0.5190178751945496,0.17851245403289795,-0.07441451400518417,0.4702760577201843,0.4906882047653198,-0.03447625786066055,0.4645601809024811,0.36139431595802307,-0.05466841906309128,0.46167007088661194,0.2781032919883728,-0.07015317678451538,0.46009403467178345,0.20505774021148682,-0.08082710951566696,0.43271633982658386,0.5367935299873352,-0.04347991198301315,0.39846301078796387,0.45256680250167847,-0.06446313112974167,0.3764920234680176,0.393665611743927,-0.07462520897388458,0.35884541273117065,0.33632171154022217,-0.0806281715631485,4
0.48660799860954285,0.8056882619857788,5.598919869953534e-07,0.5593780875205994,0.7611697912216187,-0.033881206065416336,0.6218275427818298,0.6763744354248047,-0.05036209151148796,0.6682302355766296,0.6109281182289124,-0.06514578312635422,0.7113935947418213,0.5749250054359436,-0.07994794845581055,0.5588144659996033,0.4940096437931061,-0.028297144919633865,0.5934368968009949,0.3788900673389435,-0.05001277104020119,0.6133730411529541,0.3062739372253418,-0.06840566545724869,0.628933310508728,0.24172163009643555,-0.08233298361301422,0.5118839144706726,0.4746182858943939,-0.029402950778603554,0.5171988606452942,0.3334074020385742,-0.04725266620516777,0.5200707316398621,0.24950775504112244,-0.06334205716848373,0.5207346677780151,0.1791883409023285,-0.07578442990779877,0.4704861640930176,0.4898758828639984,-0.034867651760578156,0.4642298221588135,0.36095714569091797,-0.05489007383584976,0.4614834189414978,0.2779545485973358,-0.07013403624296188,0.46016302704811096,0.20502254366874695,-0.08080752938985825,0.4330068826675415,0.5355651378631592,-0.04373546317219734,0.3989136219024658,0.4506322741508484,-0.06440401077270508,0.3774154782295227,0.39128679037094116,-0.07420697808265686,0.36008793115615845,0.33394503593444824,-0.08004393428564072,4
0.4857842028141022,0.8052890300750732,5.635886282107094e-07,0.5583953857421875,0.7608591318130493,-0.033799052238464355,0.620736837387085,0.6755106449127197,-0.050108879804611206,0.6677595376968384,0.6107223629951477,-0.06473752856254578,0.7110583782196045,0.5749422311782837,-0.07931888103485107,0.5588509440422058,0.49269434809684753,-0.027782727032899857,0.5937369465827942,0.3782415986061096,-0.04930347204208374,0.6137234568595886,0.30540335178375244,-0.06741809099912643,0.6293601393699646,0.24142634868621826,-0.08114683628082275,0.5118746757507324,0.4736669659614563,-0.028897417709231377,0.5169316530227661,0.33303070068359375,-0.04667580872774124,0.5194999575614929,0.24906012415885925,-0.0624832846224308,0.5201119780540466,0.1790592074394226,-0.07467249035835266,0.4701951742172241,0.4894687533378601,-0.03446222469210625,0.46463167667388916,0.3606502115726471,-0.05465202033519745,0.4617692828178406,0.277749627828598,-0.07010568678379059,0.4604201316833496,0.20471599698066711,-0.08085179328918457,0.4324741065502167,0.5353540182113647,-0.04340438172221184,0.3985990881919861,0.4514625072479248,-0.06439181417226791,0.3768993616104126,0.3928075134754181,-0.07459618896245956,0.35949862003326416,0.33562782406806946,-0.0806749165058136,4
0.485725462436676,0.8066874146461487,5.739597099818639e-07,0.5581281781196594,0.7617400884628296,-0.032920584082603455,0.620348334312439,0.6750636100769043,-0.04870498552918434,0.6671585440635681,0.6113706827163696,-0.0628591924905777,0.7107629179954529,0.5778440237045288,-0.07698379456996918,0.5580492615699768,0.4941403865814209,-0.027441084384918213,0.5936458706855774,0.3779718279838562,-0.04877006262540817,0.6141869425773621,0.30445611476898193,-0.06652280688285828,0.6303631067276001,0.24112454056739807,-0.07983285188674927,0.5110397338867188,0.4760914444923401,-0.028698686510324478,0.5161925554275513,0.33457642793655396,-0.04636860266327858,0.5188267230987549,0.2496773600578308,-0.06200513243675232,0.519437313079834,0.17955517768859863,-0.07392396777868271,0.46954649686813354,0.4921858608722687,-0.03427772969007492,0.46402719616889954,0.36208638548851013,-0.054265063256025314,0.4614683985710144,0.27877143025398254,-0.06960725039243698,0.4603152275085449,0.20589163899421692,-0.08014248311519623,0.4322276711463928,0.5381234288215637,-0.04312488064169884,0.39807605743408203,0.45364394783973694,-0.06397383660078049,0.37628790736198425,0.3944808542728424,-0.07410049438476562,0.3589574098587036,0.33689790964126587,-0.0799989402294159,4
0.4847562909126282,0.8061139583587646,5.755986762778775e-07,0.5569761991500854,0.7609509229660034,-0.0330674983561039,0.6196860074996948,0.675067126750946,-0.04925872012972832,0.6676783561706543,0.610255241394043,-0.06387879699468613,0.711362361907959,0.574114978313446,-0.07847411930561066,0.5575652122497559,0.4940873384475708,-0.027581512928009033,0.5936135053634644,0.37751084566116333,-0.04917416349053383,0.6141842007637024,0.30399513244628906,-0.06713295727968216,0.630328357219696,0.24084332585334778,-0.08051569759845734,0.5109121799468994,0.4761769771575928,-0.028901357203722,0.5160765647888184,0.33403468132019043,-0.0466667041182518,0.5187855958938599,0.24886935949325562,-0.06245274096727371,0.5193083882331848,0.1790044903755188,-0.07451221346855164,0.4694960117340088,0.49209415912628174,-0.03456288203597069,0.4640560746192932,0.36199334263801575,-0.05447379872202873,0.4611709713935852,0.27859073877334595,-0.06961598247289658,0.45973753929138184,0.20562133193016052,-0.08009007573127747,0.43191367387771606,0.537541389465332,-0.04352207109332085,0.39813750982284546,0.4530849754810333,-0.06417679041624069,0.3766454756259918,0.3941383957862854,-0.07397601008415222,0.3595532178878784,0.3369688391685486,-0.07966283708810806,4
0.4866803288459778,0.8038574457168579,5.747222076024627e-07,0.5594396591186523,0.7593002319335938,-0.03340255841612816,0.6213955283164978,0.6741751432418823,-0.04969048500061035,0.6681395769119263,0.6090958714485168,-0.0643765926361084,0.7116020917892456,0.5726088285446167,-0.07898609340190887,0.559357762336731,0.4915139675140381,-0.027581416070461273,0.5944550633430481,0.37551137804985046,-0.04900311306118965,0.6145903468132019,0.3022490441799164,-0.06687014549970627,0.6304661631584167,0.23827794194221497,-0.08033797889947891,0.5125181078910828,0.47335848212242126,-0.028749670833349228,0.5172176957130432,0.33318305015563965,-0.046560678631067276,0.5197981595993042,0.2486134171485901,-0.06232285127043724,0.520289957523346,0.17788586020469666,-0.07438443601131439,0.4711621105670929,0.4896452724933624,-0.03429406136274338,0.4645405113697052,0.36155134439468384,-0.054406020790338516,0.4611262083053589,0.27857813239097595,-0.0696578323841095,0.4593425691127777,0.20519593358039856,-0.08013755083084106,0.4341195523738861,0.5357491374015808,-0.04317605122923851,0.39985203742980957,0.4522686004638672,-0.0641060471534729,0.37805405259132385,0.39365121722221375,-0.07414264231920242,0.36067432165145874,0.336658775806427,-0.07995133846998215,4
0.48820412158966064,0.8031297922134399,5.682028358933167e-07,0.5606015920639038,0.7581397891044617,-0.03356727957725525,0.6224293112754822,0.6736570000648499,-0.05001319199800491,0.6694619655609131,0.609250545501709,-0.06485894322395325,0.7130693197250366,0.5733835101127625,-0.07966747879981995,0.5605576634407043,0.4924637973308563,-0.02761653997004032,0.5951966047286987,0.3762546181678772,-0.0491296760737896,0.6149746775627136,0.30293524265289307,-0.067182257771492,0.6303742527961731,0.2387557327747345,-0.08081168681383133,0.5135385394096375,0.473653644323349,-0.028761977329850197,0.5182977318763733,0.3327300548553467,-0.04657233506441116,0.5208600163459778,0.24884629249572754,-0.06248265877366066,0.5212122797966003,0.17904871702194214,-0.07465550303459167,0.472156286239624,0.48911720514297485,-0.034277647733688354,0.4654467701911926,0.36030519008636475,-0.05412394925951958,0.4622090756893158,0.2773793041706085,-0.06916162371635437,0.4606241285800934,0.20430898666381836,-0.07959870994091034,0.4349045753479004,0.5344371795654297,-0.043180011212825775,0.40094614028930664,0.44997915625572205,-0.06365840137004852,0.37975940108299255,0.39133375883102417,-0.07333368808031082,0.3630107641220093,0.3344879448413849,-0.07898081839084625,4
0.48803025484085083,0.804931640625,5.68006271350896e-07,0.5605553388595581,0.7606773376464844,-0.03373558446764946,0.622269868850708,0.6753363609313965,-0.04995623603463173,0.6687906980514526,0.609527051448822,-0.06447800993919373,0.7124327421188354,0.57268887758255,-0.0789276733994484,0.5601744055747986,0.49317795038223267,-0.027265695855021477,0.5948753952980042,0.3780480921268463,-0.04868388921022415,0.615153968334198,0.30503907799720764,-0.0667680874466896,0.6312260627746582,0.24103155732154846,-0.08043425530195236,0.5134298801422119,0.47435012459754944,-0.028279444202780724,0.5181634426116943,0.33319568634033203,-0.0460108257830143,0.5206223726272583,0.24885863065719604,-0.061897579580545425,0.5211461186408997,0.17844894528388977,-0.07410059869289398,0.47212961316108704,0.4900648891925812,-0.03374653309583664,0.46590182185173035,0.36135876178741455,-0.053889885544776917,0.46257519721984863,0.27871084213256836,-0.06925830990076065,0.46097126603126526,0.20563840866088867,-0.07987698912620544,0.43473735451698303,0.5356501936912537,-0.04258396476507187,0.40071919560432434,0.45155107975006104,-0.06347344070672989,0.37917616963386536,0.392874538898468,-0.07353898882865906,0.3621227741241455,0.33554506301879883,-0.07947699725627899,4
0.48813673853874207,0.8058539628982544,5.728063001697592e-07,0.5603552460670471,0.7605480551719666,-0.033447638154029846,0.6215789318084717,0.6745316386222839,-0.04964882507920265,0.6679478287696838,0.609766960144043,-0.0641663447022438,0.7113338112831116,0.5737935304641724,-0.07860667258501053,0.5592673420906067,0.49386918544769287,-0.027566391974687576,0.5947228074073792,0.3786073327064514,-0.04901554062962532,0.6149292588233948,0.3051358461380005,-0.06694784015417099,0.6306949853897095,0.24126756191253662,-0.08044055104255676,0.5123773217201233,0.4754670262336731,-0.028634801506996155,0.5171568393707275,0.33448898792266846,-0.04639541357755661,0.5195162892341614,0.25006404519081116,-0.06219188868999481,0.5196605324745178,0.17940545082092285,-0.07429104298353195,0.47095829248428345,0.49147772789001465,-0.03408094495534897,0.4650139808654785,0.36271119117736816,-0.05411970615386963,0.46182069182395935,0.28011399507522583,-0.06946175545454025,0.45986586809158325,0.20717820525169373,-0.0800497978925705,0.43361514806747437,0.5374298095703125,-0.042843397706747055,0.39973771572113037,0.4538525938987732,-0.06361927092075348,0.3780497908592224,0.39533549547195435,-0.07365187257528305,0.360461950302124,0.33844104409217834,-0.07953140139579773,4
0.48715436458587646,0.8069167137145996,5.766813160335005e-07,0.5592751502990723,0.7622759342193604,-0.03398796543478966,0.6216352581977844,0.676211953163147,-0.05026504397392273,0.6683850288391113,0.6113495826721191,-0.06480763852596283,0.7113645672798157,0.5749492645263672,-0.07923047244548798,0.5585243105888367,0.4945330321788788,-0.027821188792586327,0.5936779379844666,0.37960749864578247,-0.04955528676509857,0.6142109036445618,0.30659347772598267,-0.06772633641958237,0.6304873824119568,0.2430596649646759,-0.08137642592191696,0.5114608407020569,0.4760679006576538,-0.028772324323654175,0.5160204172134399,0.33494246006011963,-0.04678220674395561,0.5188323855400085,0.25026774406433105,-0.06272363662719727,0.5196863412857056,0.1799899935722351,-0.07491452991962433,0.470088392496109,0.4921782612800598,-0.034207649528980255,0.4636842608451843,0.36314263939857483,-0.054551687091588974,0.4604988396167755,0.27995529770851135,-0.07004518806934357,0.4588698148727417,0.20663845539093018,-0.08072064071893692,0.43300631642341614,0.5382696986198425,-0.04303852096199989,0.3990524411201477,0.45446881651878357,-0.0641191303730011,0.3772142231464386,0.3957787752151489,-0.07433497160673141,0.35960984230041504,0.3385210633277893,-0.0803462564945221,4
0.4873124659061432,0.8064901828765869,5.733542138841585e-07,0.559781551361084,0.7623386383056641,-0.033960651606321335,0.6222144365310669,0.6757166385650635,-0.049973972141742706,0.6685906648635864,0.6100630760192871,-0.06420711427927017,0.7117593288421631,0.5731217265129089,-0.07833454012870789,0.558995246887207,0.4936691224575043,-0.02760140597820282,0.5940974354743958,0.3782261908054352,-0.04904123395681381,0.6147545576095581,0.30527758598327637,-0.06702791154384613,0.631224513053894,0.24193641543388367,-0.08055382966995239,0.5122877955436707,0.47533053159713745,-0.028382297605276108,0.5170892477035522,0.33457064628601074,-0.04614851623773575,0.5196593403816223,0.24973991513252258,-0.062110576778650284,0.5202115178108215,0.1789734959602356,-0.07435046881437302,0.4710363447666168,0.4913715124130249,-0.03362910449504852,0.464587926864624,0.3632047176361084,-0.05384605750441551,0.46156179904937744,0.28002825379371643,-0.06951666623353958,0.46014341711997986,0.2060834765434265,-0.08035127073526382,0.4338161051273346,0.53712397813797,-0.04225346818566322,0.3996583819389343,0.4540097713470459,-0.0633624866604805,0.3777807354927063,0.39562952518463135,-0.0737476721405983,0.3603290319442749,0.33850520849227905,-0.07989655435085297,4
0.4882850646972656,0.8039084672927856,5.696501261809317e-07,0.5603695511817932,0.7592294216156006,-0.033411089330911636,0.6218343377113342,0.6749250888824463,-0.04981992766261101,0.6685268878936768,0.6103107333183289,-0.0646321028470993,0.7117204666137695,0.5724576115608215,-0.07936951518058777,0.5607681274414062,0.49261319637298584,-0.02758905291557312,0.5960542559623718,0.37718117237091064,-0.04909544438123703,0.6161791086196899,0.3040863275527954,-0.06703877449035645,0.6320096254348755,0.24028444290161133,-0.08055815100669861,0.5138735771179199,0.4739694595336914,-0.028828876093029976,0.5188000798225403,0.33336490392684937,-0.046767495572566986,0.5211477875709534,0.2487386167049408,-0.06264370679855347,0.5214511156082153,0.1782294511795044,-0.0747697576880455,0.47230640053749084,0.49006158113479614,-0.03446720167994499,0.4657726585865021,0.361086905002594,-0.05479962378740311,0.46249809861183167,0.2783289849758148,-0.07013781368732452,0.46092113852500916,0.20538395643234253,-0.08066367357969284,0.4349144399166107,0.5359950661659241,-0.0434122309088707,0.40060240030288696,0.4522223174571991,-0.06462933123111725,0.3786725699901581,0.3936542272567749,-0.07477962970733643,0.3611454963684082,0.3366774916648865,-0.08064328134059906,4
0.4886285960674286,0.8035019636154175,5.668703693118005e-07,0.5611209869384766,0.7592372298240662,-0.033877596259117126,0.6231470108032227,0.6739636063575745,-0.050216078758239746,0.6698847413063049,0.6085273027420044,-0.06480700522661209,0.7133686542510986,0.5707015991210938,-0.07930805534124374,0.5613037347793579,0.49212881922721863,-0.02786773443222046,0.5965730547904968,0.3774731159210205,-0.0492580272257328,0.6168020963668823,0.3048402667045593,-0.06720457971096039,0.6326271295547485,0.24120625853538513,-0.08076977729797363,0.5145241022109985,0.4732983112335205,-0.028834616765379906,0.5193125605583191,0.3328186571598053,-0.04655826464295387,0.5217627882957458,0.24827834963798523,-0.06239419803023338,0.5220269560813904,0.1779320240020752,-0.0745859444141388,0.47310173511505127,0.48905813694000244,-0.034240033477544785,0.46681857109069824,0.3608611822128296,-0.05442124232649803,0.46334075927734375,0.2780724763870239,-0.069955974817276,0.4613777995109558,0.20470693707466125,-0.08072913438081741,0.43572479486465454,0.5345442295074463,-0.042997095733881,0.4015892744064331,0.4511551558971405,-0.06409639865159988,0.3796716630458832,0.392981618642807,-0.07438293099403381,0.36205023527145386,0.33619600534439087,-0.08046439290046692,4
0.4893965721130371,0.802302360534668,5.706677939087967e-07,0.5618714094161987,0.7574899196624756,-0.033763337880373,0.6233260631561279,0.6720601320266724,-0.05012074112892151,0.6697651147842407,0.607146143913269,-0.06484649330377579,0.7137306928634644,0.5715392827987671,-0.07950903475284576,0.5619960427284241,0.49085307121276855,-0.027519885450601578,0.5969316363334656,0.3756319284439087,-0.048895154148340225,0.6171510219573975,0.30346596240997314,-0.06691017746925354,0.6330483555793762,0.24020826816558838,-0.08054070919752121,0.5148535370826721,0.47249001264572144,-0.028572367504239082,0.5195678472518921,0.332396924495697,-0.046289123594760895,0.522337019443512,0.2480841875076294,-0.06224276125431061,0.5230287313461304,0.17772048711776733,-0.07454247027635574,0.4731646180152893,0.4884967505931854,-0.03406680375337601,0.4668339490890503,0.3603462278842926,-0.05408518388867378,0.46385544538497925,0.2773677110671997,-0.06960956007242203,0.46244877576828003,0.20395773649215698,-0.08042196929454803,0.43565016984939575,0.5342090129852295,-0.042943745851516724,0.4018191695213318,0.45015189051628113,-0.06378775089979172,0.3801998198032379,0.3914591670036316,-0.07396826893091202,0.36281684041023254,0.33416080474853516,-0.08003678917884827,4
0.20270231366157532,0.6030226349830627,5.425489462140831e-07,0.2548975348472595,0.5471347570419312,-0.026589980348944664,0.2953805923461914,0.454030841588974,-0.0374724343419075,0.3328382074832916,0.3820576071739197,-0.04649437218904495,0.3646519184112549,0.3378513753414154,-0.05497903749346733,0.24471917748451233,0.3258151412010193,-0.021008994430303574,0.2767252027988434,0.2227471023797989,-0.03744920715689659,0.2926374077796936,0.1528615802526474,-0.051567886024713516,0.3039405941963196,0.09373065829277039,-0.06216247379779816,0.2056422382593155,0.312585711479187,-0.021068470552563667,0.20486122369766235,0.1900690793991089,-0.035039957612752914,0.2044488787651062,0.1117406040430069,-0.046971097588539124,0.20238466560840607,0.044409722089767456,-0.055642202496528625,0.17087072134017944,0.3288067579269409,-0.02466050535440445,0.15989753603935242,0.21763862669467926,-0.04097631946206093,0.1546487808227539,0.14656837284564972,-0.0531863272190094,0.15039671957492828,0.08212688565254211,-0.06093069911003113,0.14019304513931274,0.3707961440086365,-0.03087434731423855,0.10930563509464264,0.30104774236679077,-0.04823857545852661,0.08894896507263184,0.2549440860748291,-0.05614693835377693,0.07169997692108154,0.20810231566429138,-0.06009070947766304,4
0.20273777842521667,0.6009111404418945,5.356719725568837e-07,0.25454196333885193,0.5436239242553711,-0.026223184540867805,0.2950690984725952,0.45138615369796753,-0.037072841078042984,0.3326970934867859,0.3811584711074829,-0.04621906951069832,0.36442333459854126,0.3369046151638031,-0.054797641932964325,0.24485251307487488,0.3238338530063629,-0.01998727396130562,0.27670344710350037,0.2204018384218216,-0.03634001687169075,0.2927267849445343,0.15121927857398987,-0.05061584338545799,0.30405500531196594,0.092587411403656,-0.06126798316836357,0.20599506795406342,0.31055116653442383,-0.020229505375027657,0.2054210901260376,0.18816716969013214,-0.033716969192028046,0.20489418506622314,0.11029113829135895,-0.045679930597543716,0.2026766538619995,0.0438956618309021,-0.0544404573738575,0.1712077111005783,0.3263852596282959,-0.02404620870947838,0.16035884618759155,0.21534645557403564,-0.03974911943078041,0.1556061953306198,0.14439524710178375,-0.05182605981826782,0.15195128321647644,0.08042898774147034,-0.05958762764930725,0.14031371474266052,0.36789318919181824,-0.030504731461405754,0.10968691855669022,0.2978997826576233,-0.04727770388126373,0.08958812057971954,0.25148099660873413,-0.05488962307572365,0.07261684536933899,0.2047431617975235,-0.05869443714618683,4
0.2033398151397705,0.6004406809806824,5.326194241206395e-07,0.25442835688591003,0.5442326068878174,-0.026527268812060356,0.29427370429039,0.4504338204860687,-0.037394821643829346,0.3316144049167633,0.37960466742515564,-0.04647275432944298,0.36336833238601685,0.3355361819267273,-0.054949820041656494,0.24444760382175446,0.32309040427207947,-0.020404227077960968,0.27597156167030334,0.22007016837596893,-0.036677286028862,0.2920583486557007,0.15112915635108948,-0.05088261887431145,0.3034589886665344,0.0925896167755127,-0.06152773275971413,0.20562033355236053,0.30999982357025146,-0.020526397973299026,0.20523956418037415,0.1884101927280426,-0.03403513878583908,0.20488816499710083,0.11050881445407867,-0.0458870567381382,0.2027827501296997,0.043618202209472656,-0.054573025554418564,0.1709301769733429,0.32599902153015137,-0.024256430566310883,0.15999189019203186,0.2149931937456131,-0.040128424763679504,0.15521201491355896,0.14441366493701935,-0.05228343978524208,0.1513623595237732,0.08029177784919739,-0.06008301302790642,0.14027628302574158,0.36760780215263367,-0.030649542808532715,0.10961857438087463,0.2973259687423706,-0.047698911279439926,0.08925741910934448,0.2511327266693115,-0.055524855852127075,0.07195568084716797,0.20436649024486542,-0.05949515104293823,4
0.20127607882022858,0.5978549718856812,5.417945203589625e-07,0.25276684761047363,0.542167603969574,-0.02733519673347473,0.29340118169784546,0.4496886432170868,-0.038452859967947006,0.33142513036727905,0.37790292501449585,-0.047548629343509674,0.36327171325683594,0.3331761062145233,-0.056008171290159225,0.24373957514762878,0.3206382989883423,-0.020830471068620682,0.27598854899406433,0.21759703755378723,-0.03679719567298889,0.29154348373413086,0.14844419062137604,-0.05078094080090523,0.30239760875701904,0.08967363834381104,-0.06133171170949936,0.2046826183795929,0.3071112334728241,-0.02038213051855564,0.20410627126693726,0.1851710081100464,-0.03365063667297363,0.20360437035560608,0.10752564668655396,-0.04540824145078659,0.20152364671230316,0.04116293787956238,-0.05405290052294731,0.1698247641324997,0.3227686285972595,-0.023555833846330643,0.15951144695281982,0.21257449686527252,-0.03915386274456978,0.15470671653747559,0.14203689992427826,-0.05122154578566551,0.15078654885292053,0.07812973856925964,-0.05900803953409195,0.1389290690422058,0.36402279138565063,-0.02944847010076046,0.10872411727905273,0.2948196530342102,-0.04620100557804108,0.08878694474697113,0.24887482821941376,-0.05384177714586258,0.07184073328971863,0.20233529806137085,-0.057673752307891846,4
0.201486736536026,0.5980582237243652,5.443138775262923e-07,0.2529594302177429,0.5415750741958618,-0.02715429663658142,0.293409526348114,0.44970884919166565,-0.03837474063038826,0.33117151260375977,0.37828487157821655,-0.04770607128739357,0.36285507678985596,0.3335186839103699,-0.056424837559461594,0.24299639463424683,0.3215389847755432,-0.020755698904395103,0.2751741409301758,0.2182290256023407,-0.03708795830607414,0.29101529717445374,0.1488133668899536,-0.05131778120994568,0.3022494614124298,0.08985942602157593,-0.06197217479348183,0.2041277289390564,0.3081185817718506,-0.020565276965498924,0.2036794275045395,0.1855870634317398,-0.034150924533605576,0.2031306028366089,0.10703980922698975,-0.04620198905467987,0.20099171996116638,0.039699047803878784,-0.05505884438753128,0.1695239245891571,0.3239701986312866,-0.023999329656362534,0.15880152583122253,0.2132689505815506,-0.03985263779759407,0.1538495272397995,0.1423785388469696,-0.05207912623882294,0.1498897224664688,0.0781126618385315,-0.059926461428403854,0.13883882761001587,0.36535122990608215,-0.03015328012406826,0.10822043567895889,0.29507899284362793,-0.04710991680622101,0.08812376856803894,0.24824514985084534,-0.054906461387872696,0.07117700576782227,0.2009122222661972,-0.05883531644940376,4
0.20157428085803986,0.5982258915901184,5.408394372352632e-07,0.25303953886032104,0.5419843792915344,-0.026788359507918358,0.29328352212905884,0.4494021534919739,-0.037870898842811584,0.33096468448638916,0.37813395261764526,-0.04714842885732651,0.36288467049598694,0.3337904214859009,-0.05584254860877991,0.242767795920372,0.3208989202976227,-0.020531252026557922,0.274983286857605,0.2177763283252716,-0.03689052537083626,0.29100948572158813,0.14869098365306854,-0.0511603057384491,0.3022465705871582,0.09011882543563843,-0.0618535540997982,0.20373639464378357,0.3076707124710083,-0.02063990943133831,0.2031525820493698,0.184703066945076,-0.034251660108566284,0.20265859365463257,0.10654249787330627,-0.04625510796904564,0.20051078498363495,0.0400393009185791,-0.055060453712940216,0.1689702868461609,0.3239017426967621,-0.024358315393328667,0.15825262665748596,0.21234510838985443,-0.04039304703474045,0.15337124466896057,0.14140504598617554,-0.05263333022594452,0.14954006671905518,0.07755264639854431,-0.06046907231211662,0.13822507858276367,0.3659173548221588,-0.03074532561004162,0.10739710181951523,0.2954586148262024,-0.04799466207623482,0.08693371713161469,0.24883197247982025,-0.05585986003279686,0.06965737044811249,0.20179513096809387,-0.059811241924762726,4
0.20120292901992798,0.5993521809577942,5.400338523031678e-07,0.25323134660720825,0.5430501103401184,-0.026860730722546577,0.2936740219593048,0.44945380091667175,-0.03774326667189598,0.3311426341533661,0.3779939115047455,-0.046779509633779526,0.36288926005363464,0.3335622251033783,-0.05520811676979065,0.2430017590522766,0.3214459717273712,-0.020363757386803627,0.2749939560890198,0.21812430024147034,-0.036648932844400406,0.29102823138237,0.14872637391090393,-0.05090927705168724,0.30229079723358154,0.08996805548667908,-0.06163930147886276,0.20398257672786713,0.3080005645751953,-0.020421728491783142,0.2031930834054947,0.18485109508037567,-0.03402858227491379,0.20274609327316284,0.1064164787530899,-0.04613348841667175,0.20065852999687195,0.03968289494514465,-0.055010609328746796,0.16913336515426636,0.32406771183013916,-0.02411692962050438,0.15806716680526733,0.21242256462574005,-0.040280457586050034,0.15295201539993286,0.14136645197868347,-0.05277620628476143,0.14885056018829346,0.07727164030075073,-0.0607692115008831,0.13823799788951874,0.3659946322441101,-0.030479902401566505,0.10715615749359131,0.2953788638114929,-0.04792052134871483,0.08644735813140869,0.2486211657524109,-0.056050077080726624,0.06895323097705841,0.20116674900054932,-0.06019429862499237,4
0.2020743191242218,0.599753201007843,5.379955041462381e-07,0.25317415595054626,0.542389452457428,-0.026903502643108368,0.29347026348114014,0.44872796535491943,-0.03818059340119362,0.33102720975875854,0.37780749797821045,-0.04764210805296898,0.3630908131599426,0.33334213495254517,-0.056485120207071304,0.24349422752857208,0.32003021240234375,-0.020608454942703247,0.2752231955528259,0.21705226600170135,-0.037387508898973465,0.29139894247055054,0.14768746495246887,-0.05204930156469345,0.30281585454940796,0.08862221240997314,-0.0630202665925026,0.20436054468154907,0.3065043091773987,-0.020822826772928238,0.2036074548959732,0.18437232077121735,-0.03467130661010742,0.2031751573085785,0.1064731627702713,-0.04674066603183746,0.20108309388160706,0.03950729966163635,-0.05555654317140579,0.16946572065353394,0.32278871536254883,-0.02471713162958622,0.158021941781044,0.21224285662174225,-0.040885552763938904,0.15309014916419983,0.1411798596382141,-0.05314456671476364,0.1491825133562088,0.07646378874778748,-0.060993701219558716,0.13876229524612427,0.365023672580719,-0.031333569437265396,0.10774758458137512,0.2950872778892517,-0.0486065112054348,0.08716563880443573,0.2489616572856903,-0.056490425020456314,0.0696304589509964,0.20177170634269714,-0.06047150120139122,4
0.20259208977222443,0.5969035029411316,5.442805672828399e-07,0.25424453616142273,0.5394461154937744,-0.026835370808839798,0.294263631105423,0.4460497498512268,-0.03791586682200432,0.3319944143295288,0.37565964460372925,-0.04720790684223175,0.36419421434402466,0.33203214406967163,-0.05593142285943031,0.2438802421092987,0.3194514513015747,-0.020656388252973557,0.2759196162223816,0.216373011469841,-0.037335339933633804,0.29250743985176086,0.1470455378293991,-0.051845308393239975,0.30444201827049255,0.0883973240852356,-0.06264083087444305,0.2046695202589035,0.3057594299316406,-0.02076256088912487,0.20380060374736786,0.18251121044158936,-0.034497570246458054,0.20350168645381927,0.10390263795852661,-0.04651103541254997,0.20156924426555634,0.0369890034198761,-0.05530567467212677,0.1698029786348343,0.32186588644981384,-0.024529051035642624,0.15854567289352417,0.210728257894516,-0.040552668273448944,0.15366075932979584,0.13964609801769257,-0.052846502512693405,0.14986395835876465,0.07533377408981323,-0.060716114938259125,0.13911214470863342,0.3639221787452698,-0.031008843332529068,0.10824814438819885,0.29350340366363525,-0.04810328409075737,0.08773823082447052,0.24694998562335968,-0.05597551912069321,0.07039853930473328,0.19970101118087769,-0.05998779088258743,4
0.20322416722774506,0.5960268974304199,5.413796202446974e-07,0.2543033957481384,0.5392123460769653,-0.026524821296334267,0.2948170006275177,0.4460749626159668,-0.037721551954746246,0.33298617601394653,0.375728964805603,-0.04714786633849144,0.36520183086395264,0.3318882882595062,-0.056039534509181976,0.24535831809043884,0.31748199462890625,-0.020899295806884766,0.2773236930370331,0.2141483873128891,-0.03751780837774277,0.2938648760318756,0.14521406590938568,-0.05188363417983055,0.3056020438671112,0.08704516291618347,-0.06259489804506302,0.20624388754367828,0.30420249700546265,-0.02126113884150982,0.20610946416854858,0.18102969229221344,-0.0349256657063961,0.2059943675994873,0.1033097356557846,-0.04676255211234093,0.20400691032409668,0.0371612012386322,-0.055398982018232346,0.17127864062786102,0.320531964302063,-0.025218574330210686,0.15991149842739105,0.20884372293949127,-0.04116714745759964,0.15490540862083435,0.13760067522525787,-0.053325023502111435,0.15110206604003906,0.07321107387542725,-0.06114249303936958,0.14044564962387085,0.36279812455177307,-0.03184177726507187,0.10951463878154755,0.2923962473869324,-0.04900641366839409,0.08898323774337769,0.2462000846862793,-0.05681290477514267,0.07164113223552704,0.19918160140514374,-0.06074004992842674,4
0.20319291949272156,0.595925509929657,5.350545961846365e-07,0.25498494505882263,0.5387074947357178,-0.02638295665383339,0.29569321870803833,0.44554397463798523,-0.03714224323630333,0.33348628878593445,0.37517204880714417,-0.04615001752972603,0.36509695649147034,0.3312254846096039,-0.054564811289310455,0.2461511492729187,0.31649166345596313,-0.02010725624859333,0.27837473154067993,0.21321089565753937,-0.03621705248951912,0.2943437993526459,0.1442834436893463,-0.05021049454808235,0.3058038353919983,0.08650380373001099,-0.06069795414805412,0.20695927739143372,0.3031519651412964,-0.02031048573553562,0.20630836486816406,0.18044747412204742,-0.0338105782866478,0.20597486197948456,0.10248395800590515,-0.04568441957235336,0.2042422890663147,0.0366574227809906,-0.05436134338378906,0.17189665138721466,0.31905001401901245,-0.024127598851919174,0.16079705953598022,0.2080560028553009,-0.03989754244685173,0.1560370922088623,0.13730910420417786,-0.05209626257419586,0.15259844064712524,0.07341322302818298,-0.05994859337806702,0.14077228307724,0.36052021384239197,-0.030604619532823563,0.10970774292945862,0.2905319035053253,-0.04758048430085182,0.0893390029668808,0.24373668432235718,-0.055510587990283966,0.07243259251117706,0.19627119600772858,-0.05953902378678322,4
0.20311912894248962,0.5958390831947327,5.386575026022911e-07,0.25471192598342896,0.5391768217086792,-0.026480425149202347,0.2953639626502991,0.4449436068534851,-0.037074510008096695,0.33279168605804443,0.37334102392196655,-0.045874468982219696,0.36433374881744385,0.3295873999595642,-0.05410637706518173,0.2448147088289261,0.31716305017471313,-0.020033391192555428,0.27694597840309143,0.2142934650182724,-0.03623330965638161,0.2933013439178467,0.14532828330993652,-0.050349313765764236,0.3050260543823242,0.08703947067260742,-0.06093134731054306,0.20594872534275055,0.30360648036003113,-0.020211854949593544,0.20535580813884735,0.18044288456439972,-0.03384876251220703,0.20494569838047028,0.10211881995201111,-0.045778658241033554,0.2029109001159668,0.03522008657455444,-0.05449138581752777,0.1710696816444397,0.3194105923175812,-0.02402235008776188,0.1601904183626175,0.2074061632156372,-0.040061306208372116,0.1552349328994751,0.1359952688217163,-0.05234276503324509,0.1513597071170807,0.07125863432884216,-0.06018674373626709,0.13982868194580078,0.3610782027244568,-0.03047982230782509,0.10899686068296432,0.29005855321884155,-0.047493934631347656,0.08869586884975433,0.24307382106781006,-0.05529806390404701,0.07160252332687378,0.19548286497592926,-0.059274159371852875,4
0.20261913537979126,0.5959193110466003,5.414853490037785e-07,0.25397205352783203,0.5386789441108704,-0.027102168649435043,0.2946476936340332,0.44504737854003906,-0.03839123994112015,0.33277428150177,0.3739538788795471,-0.047780800610780716,0.36495673656463623,0.329244464635849,-0.05657422915101051,0.2446979284286499,0.316180944442749,-0.021051600575447083,0.2769149839878082,0.21369633078575134,-0.03772085905075073,0.29321563243865967,0.1448059380054474,-0.05218571797013283,0.30470067262649536,0.08640733361244202,-0.06301075220108032,0.20576943457126617,0.3026809096336365,-0.021161241456866264,0.20559778809547424,0.18020890653133392,-0.03519660606980324,0.20519432425498962,0.10202553868293762,-0.04731767624616623,0.20294179022312164,0.03475707769393921,-0.05613281577825546,0.17081941664218903,0.318884938955307,-0.02494092285633087,0.16003994643688202,0.20731905102729797,-0.041351187974214554,0.15503811836242676,0.1362631916999817,-0.053711868822574615,0.15104679763317108,0.07140910625457764,-0.06156902387738228,0.13975143432617188,0.36106497049331665,-0.031417492777109146,0.10905732214450836,0.29025954008102417,-0.048889730125665665,0.08865365386009216,0.2435503602027893,-0.05687646195292473,0.07138776779174805,0.19577090442180634,-0.060898445546627045,4
0.2030559778213501,0.5950204730033875,5.392846560425824e-07,0.25439348816871643,0.537611722946167,-0.026755275204777718,0.29487019777297974,0.44410550594329834,-0.037926193326711655,0.3329114317893982,0.3737066686153412,-0.04723383113741875,0.3651075065135956,0.32982760667800903,-0.05597084015607834,0.24517953395843506,0.3164479732513428,-0.021266840398311615,0.27735379338264465,0.21356098353862762,-0.03794195502996445,0.29379454255104065,0.14448651671409607,-0.05237394943833351,0.30552470684051514,0.08598408102989197,-0.06310060620307922,0.20610696077346802,0.3028160333633423,-0.021419715136289597,0.20593884587287903,0.18015378713607788,-0.03512422367930412,0.2056945264339447,0.10222332179546356,-0.04699605703353882,0.20377111434936523,0.03578642010688782,-0.055683448910713196,0.17107342183589935,0.31869450211524963,-0.02516646310687065,0.16049015522003174,0.20774570107460022,-0.04104825481772423,0.15587416291236877,0.13691020011901855,-0.05313948541879654,0.1522710621356964,0.07271119952201843,-0.06093312427401543,0.1399439126253128,0.360546737909317,-0.03159705922007561,0.10926452279090881,0.2900830805301666,-0.04848823696374893,0.08898033201694489,0.24356728792190552,-0.056175097823143005,0.07187429070472717,0.19625182449817657,-0.06008443981409073,4
0.20319318771362305,0.5941369533538818,5.424320761449053e-07,0.25439780950546265,0.537441611289978,-0.027264304459095,0.29494667053222656,0.4453478455543518,-0.03887685760855675,0.33323293924331665,0.3748953640460968,-0.04855714738368988,0.36531949043273926,0.3302672803401947,-0.057653605937957764,0.24599306285381317,0.3160707354545593,-0.021600328385829926,0.2778865694999695,0.21303942799568176,-0.03853714466094971,0.2940497100353241,0.14384590089321136,-0.05314943566918373,0.30548375844955444,0.08519589900970459,-0.06402936577796936,0.2067377269268036,0.30244889855384827,-0.0216623954474926,0.20638026297092438,0.17985960841178894,-0.03575102612376213,0.2059403508901596,0.10206837952136993,-0.04787849262356758,0.20381993055343628,0.03547307848930359,-0.05671510100364685,0.1714029312133789,0.3183918297290802,-0.025374656543135643,0.1605692356824875,0.20711803436279297,-0.041688088327646255,0.15541604161262512,0.13575492799282074,-0.05394136905670166,0.15138165652751923,0.07109031081199646,-0.0617779977619648,0.139947310090065,0.3604360818862915,-0.0317961722612381,0.10907471925020218,0.29003721475601196,-0.04906889796257019,0.0886155217885971,0.2433117777109146,-0.05686388537287712,0.07138898968696594,0.19570575654506683,-0.060782548040151596,4
0.202900230884552,0.5944764614105225,5.388496902014595e-07,0.2545624077320099,0.5382083058357239,-0.02712284028530121,0.2950853109359741,0.44557586312294006,-0.038523104041814804,0.3331543207168579,0.3741457760334015,-0.0480148047208786,0.36524224281311035,0.32944390177726746,-0.05692360922694206,0.24547407031059265,0.31590762734413147,-0.021299513056874275,0.27747809886932373,0.21294887363910675,-0.038077447563409805,0.2936951220035553,0.143822580575943,-0.0525507815182209,0.305209755897522,0.08532160520553589,-0.06336529552936554,0.2062568962574005,0.3021155595779419,-0.021319234743714333,0.2060442566871643,0.1794055998325348,-0.03526579588651657,0.20557232201099396,0.10163602232933044,-0.047277260571718216,0.20339107513427734,0.035030633211135864,-0.05606789141893387,0.17111694812774658,0.3179919719696045,-0.024977821856737137,0.16040442883968353,0.20652462542057037,-0.04112844541668892,0.15518535673618317,0.13505074381828308,-0.05333368852734566,0.15105149149894714,0.07018479704856873,-0.06119073927402496,0.13994050025939941,0.359928697347641,-0.03133854269981384,0.1093112900853157,0.28963524103164673,-0.04852449893951416,0.08896644413471222,0.24284157156944275,-0.056349027901887894,0.07177522778511047,0.19528737664222717,-0.06030821427702904,4
0.20332500338554382,0.596854567527771,5.413458552538941e-07,0.254782110452652,0.5395278334617615,-0.026744626462459564,0.29528456926345825,0.44584009051322937,-0.03786151111125946,0.3333365023136139,0.37517672777175903,-0.04721474647521973,0.3655090928077698,0.3316132128238678,-0.05598435178399086,0.2455022633075714,0.31666406989097595,-0.020282313227653503,0.27747589349746704,0.21409407258033752,-0.03685257211327553,0.29385319352149963,0.14497272670269012,-0.051408279687166214,0.305480033159256,0.08642169833183289,-0.06225690245628357,0.20652122795581818,0.3029782474040985,-0.02058785781264305,0.20647990703582764,0.17995618283748627,-0.03415004909038544,0.20599162578582764,0.10159614682197571,-0.046154145151376724,0.20380710065364838,0.03448301553726196,-0.05495546758174896,0.17146460711956024,0.3190065920352936,-0.024575471878051758,0.16121259331703186,0.20772051811218262,-0.04047121852636337,0.15624716877937317,0.13636092841625214,-0.052769582718610764,0.1522350013256073,0.07183301448822021,-0.06069982424378395,0.14003777503967285,0.36122873425483704,-0.03127460926771164,0.10946758091449738,0.29075416922569275,-0.048232343047857285,0.08893746137619019,0.24375182390213013,-0.055999502539634705,0.07158111035823822,0.19614382088184357,-0.05997426062822342,4
0.20211724936962128,0.5990241765975952,5.364781827665865e-07,0.2539401352405548,0.5420721173286438,-0.027068186551332474,0.29451197385787964,0.4478815793991089,-0.038176506757736206,0.3325800597667694,0.3760986030101776,-0.047424446791410446,0.3647833466529846,0.3320504426956177,-0.05608297884464264,0.24400575459003448,0.3195887804031372,-0.020990818738937378,0.27642351388931274,0.21589042246341705,-0.037573039531707764,0.29274290800094604,0.14615581929683685,-0.05206800624728203,0.3039720058441162,0.08685484528541565,-0.06290937215089798,0.20487602055072784,0.30572807788848877,-0.021037191152572632,0.20458723604679108,0.18219280242919922,-0.034648723900318146,0.2037232667207718,0.10418020188808441,-0.04661627858877182,0.20099122822284698,0.03772777318954468,-0.0554489865899086,0.16979365050792694,0.3215075731277466,-0.024730389937758446,0.15907526016235352,0.2098221331834793,-0.04062851518392563,0.15411126613616943,0.13889427483081818,-0.05276226997375488,0.14997324347496033,0.07503211498260498,-0.060599975287914276,0.13840606808662415,0.36344799399375916,-0.03115447796881199,0.10694178193807602,0.292722225189209,-0.04810307174921036,0.08615107834339142,0.24571138620376587,-0.055813271552324295,0.0685415118932724,0.19845201075077057,-0.0597531832754612,4
0.20119953155517578,0.6015838384628296,5.345756903807342e-07,0.2535741627216339,0.5439608693122864,-0.02641269564628601,0.29437339305877686,0.44956737756729126,-0.037086378782987595,0.33199039101600647,0.37719255685806274,-0.046031076461076736,0.36402028799057007,0.33302217721939087,-0.054436929523944855,0.24366049468517303,0.3208600878715515,-0.020013224333524704,0.27587223052978516,0.2169180065393448,-0.03633614629507065,0.29208794236183167,0.14704477787017822,-0.05062257498502731,0.30349719524383545,0.08794993162155151,-0.06135756894946098,0.2043403536081314,0.30737048387527466,-0.020275341346859932,0.20368611812591553,0.1836705058813095,-0.03389989584684372,0.20288968086242676,0.10520538687705994,-0.045931871980428696,0.20046493411064148,0.038052499294281006,-0.054778046905994415,0.1691211611032486,0.3234063386917114,-0.024146145209670067,0.15823954343795776,0.21133123338222504,-0.04013928025960922,0.15299788117408752,0.13974225521087646,-0.05247390642762184,0.14877578616142273,0.07498595118522644,-0.06044357642531395,0.13768817484378815,0.3655630052089691,-0.030670154839754105,0.10663417726755142,0.29489758610725403,-0.04779735952615738,0.08596350252628326,0.2480061948299408,-0.05566653609275818,0.06848804652690887,0.20073635876178741,-0.05968800187110901,4
0.20288307964801788,0.6012936234474182,5.388538397710363e-07,0.25479719042778015,0.5445926189422607,-0.02681906707584858,0.29507794976234436,0.4509965181350708,-0.03814024105668068,0.3328216075897217,0.3793718218803406,-0.04762765020132065,0.36497849225997925,0.33488428592681885,-0.05657004937529564,0.24516263604164124,0.32304903864860535,-0.021530168130993843,0.2770475149154663,0.2189604938030243,-0.03864261880517006,0.2933581471443176,0.14875617623329163,-0.053277429193258286,0.30475878715515137,0.08915555477142334,-0.06419159471988678,0.20557667315006256,0.30898064374923706,-0.02174440398812294,0.20497094094753265,0.1855778843164444,-0.03613694757223129,0.20418308675289154,0.1072344183921814,-0.04835585132241249,0.2014126181602478,0.04016575217247009,-0.057222768664360046,0.17022421956062317,0.32465657591819763,-0.025532953441143036,0.15825673937797546,0.2124115377664566,-0.042059268802404404,0.15264016389846802,0.14070138335227966,-0.054337773472070694,0.14809902012348175,0.07591331005096436,-0.06211620569229126,0.139131098985672,0.36668217182159424,-0.03198222815990448,0.10775589942932129,0.29523155093193054,-0.04944433644413948,0.08705756068229675,0.24814373254776,-0.05732516571879387,0.06957387924194336,0.2005671113729477,-0.06124524399638176,4
0.20449699461460114,0.5992965698242188,5.391710260482796e-07,0.2562142610549927,0.5430166721343994,-0.026666762307286263,0.2965103089809418,0.45006993412971497,-0.03799552842974663,0.3342766761779785,0.37894102931022644,-0.04755765199661255,0.36656278371810913,0.3343445956707001,-0.05661923438310623,0.24674730002880096,0.320803165435791,-0.02107475884258747,0.27844205498695374,0.21822026371955872,-0.038211870938539505,0.29498839378356934,0.14901699125766754,-0.053075239062309265,0.30654820799827576,0.08984401822090149,-0.06417075544595718,0.20731019973754883,0.30700764060020447,-0.021503346040844917,0.20682784914970398,0.18461138010025024,-0.035783328115940094,0.20650818943977356,0.10656353831291199,-0.048093024641275406,0.2041049748659134,0.038808196783065796,-0.05706923082470894,0.17197248339653015,0.32307708263397217,-0.025550443679094315,0.15998722612857819,0.21207976341247559,-0.042033251374959946,0.15458492934703827,0.14048229157924652,-0.054385095834732056,0.15031102299690247,0.07491835951805115,-0.06227090209722519,0.14071184396743774,0.36529168486595154,-0.032274313271045685,0.10926716029644012,0.29467087984085083,-0.04976237565279007,0.08867327868938446,0.248203307390213,-0.05766624957323074,0.07122781872749329,0.20049326121807098,-0.0616353340446949,4
0.7296823859214783,0.6223907470703125,3.7725712331848626e-07,0.7994434833526611,0.5868555307388306,-0.019706446677446365,0.847994863986969,0.48170357942581177,-0.020973924547433853,0.8766297101974487,0.40627825260162354,-0.021572595462203026,0.9035689234733582,0.3747401535511017,-0.022200362756848335,0.7966796159744263,0.3421463370323181,-0.00827702134847641,0.8277914524078369,0.24785007536411285,-0.01803959533572197,0.846084713935852,0.18349775671958923,-0.027741318568587303,0.8591046929359436,0.13078835606575012,-0.036391038447618484,0.755000650882721,0.3256540596485138,-0.010103176347911358,0.7552635669708252,0.2047683149576187,-0.01922600343823433,0.7575925588607788,0.1290608048439026,-0.029169602319598198,0.7571219801902771,0.06598338484764099,-0.037016890943050385,0.720043420791626,0.3387480080127716,-0.015452216379344463,0.710841953754425,0.2269686758518219,-0.02900165319442749,0.7074629664421082,0.1549295336008072,-0.042987432330846786,0.7034463286399841,0.09006291627883911,-0.052956193685531616,0.689605712890625,0.3773392140865326,-0.022953975945711136,0.6596715450286865,0.30435723066329956,-0.04074487090110779,0.639387845993042,0.25394800305366516,-0.052481334656476974,0.6219496726989746,0.2032174915075302,-0.06005791202187538,4
0.7311811447143555,0.6218396425247192,3.7164625155128306e-07,0.8019292950630188,0.5860317945480347,-0.019341912120580673,0.850441575050354,0.4805263578891754,-0.020120879635214806,0.8788560032844543,0.40526577830314636,-0.020311011001467705,0.9056988954544067,0.3744845688343048,-0.0204879529774189,0.7988386154174805,0.3419530391693115,-0.007127355318516493,0.8300981521606445,0.24813149869441986,-0.01666436903178692,0.8485807180404663,0.18372215330600739,-0.026219172403216362,0.8615235090255737,0.13139086961746216,-0.03477846458554268,0.7570176720619202,0.3248419761657715,-0.008906266652047634,0.7574771046638489,0.2042287439107895,-0.017958763986825943,0.7597086429595947,0.1288316696882248,-0.027833102270960808,0.7588949799537659,0.0662621259689331,-0.035574428737163544,0.721962034702301,0.3372530937194824,-0.014261954464018345,0.7129208445549011,0.22567832469940186,-0.02767225168645382,0.7096549868583679,0.15380306541919708,-0.04176731035113335,0.7056664824485779,0.08893674612045288,-0.05182548984885216,0.6914267539978027,0.37529414892196655,-0.021756432950496674,0.6616510152816772,0.30327826738357544,-0.039554450660943985,0.6414623260498047,0.25292831659317017,-0.05159834027290344,0.6242297887802124,0.20211218297481537,-0.05941883474588394,4
0.7330564260482788,0.6222875118255615,3.6503553246802767e-07,0.8031482696533203,0.5870060324668884,-0.01899748668074608,0.8517678380012512,0.4817745089530945,-0.01982303522527218,0.8805347084999084,0.40639016032218933,-0.02008369192481041,0.907217800617218,0.37553974986076355,-0.020460832864046097,0.8011823892593384,0.34179389476776123,-0.008031968958675861,0.8321987986564636,0.24743889272212982,-0.01805037446320057,0.8507049679756165,0.18298418819904327,-0.027884308248758316,0.8638322353363037,0.13030177354812622,-0.03659265860915184,0.759446918964386,0.3248818516731262,-0.010221741162240505,0.760258138179779,0.2030588686466217,-0.01951010711491108,0.7626068592071533,0.12749512493610382,-0.029408199712634087,0.7620315551757812,0.0648658275604248,-0.037192974239587784,0.7243505716323853,0.33781304955482483,-0.0158967524766922,0.7159714102745056,0.22545866668224335,-0.029526300728321075,0.7125051617622375,0.15295816957950592,-0.04361022636294365,0.7083696126937866,0.08802676200866699,-0.053687069565057755,0.6935617923736572,0.3765107989311218,-0.02365206554532051,0.6638708710670471,0.3031473457813263,-0.04164579138159752,0.6435429453849792,0.2526059150695801,-0.05359357222914696,0.6260786056518555,0.20219165086746216,-0.061340123414993286,4
0.7342561483383179,0.6204302310943604,3.6823738014390983e-07,0.8044312596321106,0.585191011428833,-0.019253574311733246,0.8529156446456909,0.47911950945854187,-0.01996901072561741,0.8819396495819092,0.40304088592529297,-0.02005421370267868,0.9092926383018494,0.372858464717865,-0.0202128067612648,0.8016189932823181,0.33980438113212585,-0.00751438969746232,0.8332399129867554,0.24568822979927063,-0.017146036028862,0.8517585396766663,0.18090346455574036,-0.026729272678494453,0.8647537231445312,0.1279788613319397,-0.03535192832350731,0.7599896192550659,0.3228026330471039,-0.009410218335688114,0.7605631351470947,0.2015543133020401,-0.018552681431174278,0.7627243995666504,0.12558788061141968,-0.02837005816400051,0.7618639469146729,0.062300920486450195,-0.03610211983323097,0.7251257300376892,0.3355301022529602,-0.014852363616228104,0.7164294123649597,0.22354692220687866,-0.028356751427054405,0.7129932641983032,0.15065403282642365,-0.04249301925301552,0.7087693810462952,0.08491581678390503,-0.052620477974414825,0.6946892142295837,0.373941034078598,-0.022417323663830757,0.6645461916923523,0.3016296327114105,-0.040388885885477066,0.6441709995269775,0.2508002817630768,-0.052557505667209625,0.6267954707145691,0.19940336048603058,-0.060490116477012634,4
0.7353091835975647,0.6201154589653015,3.629461957643798e-07,0.8049736022949219,0.585162341594696,-0.019543729722499847,0.8538005352020264,0.47910410165786743,-0.020600421354174614,0.8827292323112488,0.4032681882381439,-0.021016277372837067,0.910128653049469,0.3729405999183655,-0.021514052525162697,0.8033598065376282,0.3386154770851135,-0.008155018091201782,0.8341719508171082,0.24476002156734467,-0.018140312284231186,0.8529486656188965,0.18046796321868896,-0.028021957725286484,0.8663190007209778,0.12786436080932617,-0.03680373728275299,0.7617629766464233,0.3216921389102936,-0.010128375142812729,0.7621205449104309,0.20024292171001434,-0.019290512427687645,0.764300525188446,0.12472754716873169,-0.028985224664211273,0.7634291052818298,0.062156081199645996,-0.0366363450884819,0.7268800139427185,0.33442914485931396,-0.015699511393904686,0.717903196811676,0.22247299551963806,-0.02906607836484909,0.7142733931541443,0.14927838742733002,-0.04301489517092705,0.7099453806877136,0.0833066999912262,-0.05308496579527855,0.6962195634841919,0.37292513251304626,-0.023473499342799187,0.6663259267807007,0.3002169728279114,-0.041227009147405624,0.6459338068962097,0.24947777390480042,-0.05320526286959648,0.6284162998199463,0.19833575189113617,-0.061066173017024994,4
0.7363343834877014,0.619660496711731,3.6154460758552887e-07,0.807158350944519,0.584823727607727,-0.01941322349011898,0.856032133102417,0.47858917713165283,-0.019987255334854126,0.8845492601394653,0.4024417996406555,-0.01999475620687008,0.9113835692405701,0.3722861409187317,-0.020094722509384155,0.8052718639373779,0.3380829095840454,-0.0072327423840761185,0.8357019424438477,0.24345365166664124,-0.017200415953993797,0.8542872071266174,0.17885801196098328,-0.0271361842751503,0.8677031397819519,0.12577204406261444,-0.03602706268429756,0.7633010745048523,0.3210681080818176,-0.009219445288181305,0.7633928060531616,0.1991584300994873,-0.018620114773511887,0.7655169367790222,0.12331068515777588,-0.02873057872056961,0.7648239135742188,0.06044071912765503,-0.03667246550321579,0.7282742857933044,0.33412569761276245,-0.014854972250759602,0.7191265821456909,0.22210949659347534,-0.028660016134381294,0.7154114246368408,0.14849011600017548,-0.04313204064965248,0.7110684514045715,0.08214876055717468,-0.0535053052008152,0.6977340579032898,0.3729706406593323,-0.022666610777378082,0.6679036617279053,0.30058997869491577,-0.0409868024289608,0.6472843289375305,0.2495124489068985,-0.05349758267402649,0.629571795463562,0.19789333641529083,-0.06171189621090889,4
0.7371965646743774,0.6192845106124878,3.573626088382298e-07,0.80817711353302,0.584543764591217,-0.019190127030014992,0.8576606512069702,0.47965162992477417,-0.019879182800650597,0.8863622546195984,0.40310537815093994,-0.020019885152578354,0.9131760597229004,0.3726947605609894,-0.020209239795804024,0.8061498403549194,0.33779487013816833,-0.007067558355629444,0.8365473747253418,0.2438543736934662,-0.016884038224816322,0.854807436466217,0.1798628866672516,-0.026649286970496178,0.8678247928619385,0.12744608521461487,-0.03537119925022125,0.7643739581108093,0.32046109437942505,-0.009001237340271473,0.765058696269989,0.19862058758735657,-0.018176401033997536,0.7673080563545227,0.12321943044662476,-0.027942197397351265,0.7664388418197632,0.06100931763648987,-0.03558645397424698,0.7296335101127625,0.3330436050891876,-0.014542590826749802,0.720649778842926,0.22084356844425201,-0.0279401782900095,0.7170220613479614,0.14835472404956818,-0.041890937834978104,0.7125673890113831,0.08311891555786133,-0.05190759897232056,0.6993160247802734,0.3714374601840973,-0.022260287776589394,0.6696719527244568,0.29973655939102173,-0.04004323482513428,0.6493716835975647,0.24929431080818176,-0.05210072547197342,0.6318275332450867,0.19840767979621887,-0.05998188257217407,4
0.7382171154022217,0.6177144050598145,3.5594010228123807e-07,0.8084409832954407,0.582246720790863,-0.01912837103009224,0.8577333688735962,0.4782208204269409,-0.020298197865486145,0.8866292238235474,0.402622252702713,-0.021026045083999634,0.9129990339279175,0.37137532234191895,-0.02182198315858841,0.8066697716712952,0.33673715591430664,-0.007332276087254286,0.8365128040313721,0.24255390465259552,-0.017299287021160126,0.8544661998748779,0.17875179648399353,-0.02726447395980358,0.8673788905143738,0.12614944577217102,-0.03612085059285164,0.7650855779647827,0.3198738098144531,-0.009577374905347824,0.7654005885124207,0.19754591584205627,-0.018801875412464142,0.7673211693763733,0.1219961941242218,-0.02876490168273449,0.7663878798484802,0.06011173129081726,-0.03659125417470932,0.7304335236549377,0.33267977833747864,-0.015381038188934326,0.7213037610054016,0.22036561369895935,-0.02867213636636734,0.7174782752990723,0.147005096077919,-0.042521074414253235,0.7131354808807373,0.08148738741874695,-0.05252885818481445,0.6999563574790955,0.37129777669906616,-0.02336612343788147,0.6698471307754517,0.2988168001174927,-0.040733687579631805,0.6495054364204407,0.24751520156860352,-0.05239139497280121,0.6322972774505615,0.19605430960655212,-0.06006024777889252,4
0.7384843230247498,0.6151300668716431,3.589948676108179e-07,0.808782696723938,0.5793347358703613,-0.01878039538860321,0.8569281697273254,0.47504186630249023,-0.01971764862537384,0.8847184777259827,0.39945223927497864,-0.02019692398607731,0.911599338054657,0.368118554353714,-0.02081725001335144,0.8048928380012512,0.3348429799079895,-0.007542238105088472,0.8351829051971436,0.24114912748336792,-0.017734648659825325,0.8534017205238342,0.17701366543769836,-0.02777445875108242,0.8664055466651917,0.1242620199918747,-0.03667054697871208,0.7635254263877869,0.31792086362838745,-0.009895655326545238,0.7640081644058228,0.1960086226463318,-0.019360871985554695,0.765923798084259,0.12022233009338379,-0.029511377215385437,0.7646474838256836,0.057584285736083984,-0.037504442036151886,0.7288877964019775,0.3308599293231964,-0.01573268510401249,0.7201023101806641,0.2180360108613968,-0.029422787949442863,0.7161773443222046,0.14476484060287476,-0.043624527752399445,0.7113299369812012,0.0789552628993988,-0.05381911247968674,0.6986458897590637,0.36990636587142944,-0.02363603375852108,0.6685105562210083,0.296914279460907,-0.04157526418566704,0.6482706069946289,0.24583302438259125,-0.05358751490712166,0.6307417154312134,0.19433511793613434,-0.06143786758184433,4
0.7392475605010986,0.6148924827575684,3.569305420114688e-07,0.8086498379707336,0.579197883605957,-0.01852422207593918,0.8561410307884216,0.47430580854415894,-0.019109610468149185,0.8841032981872559,0.39942610263824463,-0.019218889996409416,0.9108952879905701,0.3687807321548462,-0.019396817311644554,0.8054168224334717,0.33301112055778503,-0.00691063841804862,0.8353858590126038,0.23915104568004608,-0.016574999317526817,0.8535476922988892,0.17513850331306458,-0.026230284944176674,0.8665139079093933,0.12257979810237885,-0.03486490994691849,0.7640224099159241,0.3163110911846161,-0.009181559085845947,0.7642405033111572,0.19486913084983826,-0.018213694915175438,0.7661799788475037,0.11933940649032593,-0.027891652658581734,0.765072226524353,0.05685603618621826,-0.03551335260272026,0.729308009147644,0.3293006718158722,-0.014954878017306328,0.7203343510627747,0.21685855090618134,-0.02820810303092003,0.7166367173194885,0.14400745928287506,-0.042028944939374924,0.712132453918457,0.07855573296546936,-0.05195212364196777,0.6990205645561218,0.36805638670921326,-0.022817032411694527,0.669117271900177,0.29530400037765503,-0.040382664650678635,0.6489969491958618,0.24427157640457153,-0.05216215178370476,0.6316972374916077,0.19314564764499664,-0.05984530597925186,4
0.7385267615318298,0.6162713766098022,3.449062830895855e-07,0.8083041906356812,0.5807929635047913,-0.01833309419453144,0.8563779592514038,0.47616255283355713,-0.01883639395236969,0.8836045265197754,0.4012869596481323,-0.01884925737977028,0.9099249839782715,0.3706496059894562,-0.018946746364235878,0.8064533472061157,0.3348843455314636,-0.007318607997149229,0.8364660739898682,0.24151383340358734,-0.017357785254716873,0.854521632194519,0.17765367031097412,-0.027184387668967247,0.8673741221427917,0.12523716688156128,-0.035897038877010345,0.765056312084198,0.3177017867565155,-0.00970100425183773,0.7653776407241821,0.19658824801445007,-0.019244540482759476,0.7672220468521118,0.12113867700099945,-0.029142282903194427,0.7659813165664673,0.058560580015182495,-0.03678757697343826,0.7302238941192627,0.3304857015609741,-0.015512533485889435,0.7213037610054016,0.21728931367397308,-0.02932167798280716,0.7173348069190979,0.14444328844547272,-0.04336254298686981,0.7124189138412476,0.0789262056350708,-0.05329400300979614,0.6997915506362915,0.3694213628768921,-0.0233277790248394,0.6699018478393555,0.29710686206817627,-0.04139517620205879,0.6496361494064331,0.24628806114196777,-0.05338915437459946,0.631995439529419,0.1952652484178543,-0.06110250949859619,4
0.7393660545349121,0.6159757971763611,3.467677629487298e-07,0.8089147210121155,0.581631600856781,-0.018274517729878426,0.8572856187820435,0.4770459830760956,-0.018871091306209564,0.8846844434738159,0.40220585465431213,-0.018958473578095436,0.9107751846313477,0.371412068605423,-0.01912432722747326,0.8073137998580933,0.3362361490726471,-0.007816708646714687,0.837577223777771,0.24260087311267853,-0.01794443652033806,0.8555014729499817,0.1784716248512268,-0.027626220136880875,0.8680757880210876,0.1266050487756729,-0.036180924624204636,0.7658308148384094,0.318840891122818,-0.010283897630870342,0.7659007906913757,0.1966131627559662,-0.020046047866344452,0.7679086327552795,0.12092439830303192,-0.02994365245103836,0.7668846249580383,0.058643728494644165,-0.037533532828092575,0.7310110330581665,0.3314247131347656,-0.016124270856380463,0.721855878829956,0.21794989705085754,-0.030091542750597,0.7186865210533142,0.14501705765724182,-0.04401881620287895,0.7147515416145325,0.07986167073249817,-0.05381540209054947,0.7007648348808289,0.3700311481952667,-0.02394063211977482,0.670854926109314,0.29723721742630005,-0.04205838590860367,0.6508207321166992,0.24590986967086792,-0.05396628379821777,0.6336157321929932,0.19453561305999756,-0.061583541333675385,4
0.73957759141922,0.6143655776977539,3.4980629948222486e-07,0.8098176717758179,0.581108033657074,-0.018866734579205513,0.8585134744644165,0.4765620529651642,-0.019254861399531364,0.8861406445503235,0.40211382508277893,-0.019022813066840172,0.9121387004852295,0.372679203748703,-0.018817845731973648,0.8086953163146973,0.33382681012153625,-0.0072260363958776,0.8385317921638489,0.24035990238189697,-0.016763238236308098,0.8567607402801514,0.17700137197971344,-0.026209501549601555,0.8698015809059143,0.12531419098377228,-0.03471417725086212,0.767214298248291,0.3169849216938019,-0.009245365858078003,0.767367959022522,0.19604438543319702,-0.018396398052573204,0.7694600224494934,0.12076075375080109,-0.028149202466011047,0.7685033679008484,0.05858206748962402,-0.03578328341245651,0.7323997616767883,0.32973527908325195,-0.014781082049012184,0.7237714529037476,0.21739697456359863,-0.02816758118569851,0.7201648354530334,0.1444227695465088,-0.04232269525527954,0.7157724499702454,0.07837110757827759,-0.05247877538204193,0.7019686698913574,0.368172287940979,-0.02240760438144207,0.6724374294281006,0.29626283049583435,-0.04019184783101082,0.652557909488678,0.2453162968158722,-0.052412766963243484,0.6355469822883606,0.19375239312648773,-0.06043139100074768,4
0.74150151014328,0.6151201128959656,3.4313200103497365e-07,0.8122956156730652,0.5813234448432922,-0.018342986702919006,0.8609815239906311,0.47753840684890747,-0.018460286781191826,0.888069748878479,0.40303707122802734,-0.018065014854073524,0.9141813516616821,0.3731013238430023,-0.01766982674598694,0.8115525245666504,0.3335969150066376,-0.0062268259935081005,0.8410899639129639,0.23961514234542847,-0.015580499544739723,0.8591101169586182,0.17598682641983032,-0.024959605187177658,0.8718793392181396,0.12414337694644928,-0.033410053700208664,0.7700374126434326,0.3162607252597809,-0.008423001505434513,0.7698229551315308,0.19533509016036987,-0.017418066039681435,0.7715649604797363,0.12005804479122162,-0.027161674574017525,0.7702470421791077,0.05825638771057129,-0.0347222164273262,0.7353214621543884,0.32865601778030396,-0.014123089611530304,0.7261223793029785,0.2167484015226364,-0.02729286625981331,0.7224311828613281,0.1442413181066513,-0.04134788364171982,0.7181042432785034,0.07862350344657898,-0.05140456184744835,0.7047725319862366,0.36695462465286255,-0.021893488243222237,0.67454594373703,0.29592275619506836,-0.03953315690159798,0.6543887257575989,0.24528540670871735,-0.051715392619371414,0.6372781991958618,0.19419099390506744,-0.05963440239429474,4
0.7427271604537964,0.6135022640228271,3.5071602155767323e-07,0.8127486109733582,0.5796303749084473,-0.01910427398979664,0.8610201478004456,0.47667112946510315,-0.020362017676234245,0.8881897926330566,0.40244898200035095,-0.02110377326607704,0.9146339297294617,0.3715943992137909,-0.021904390305280685,0.8109960556030273,0.3338935375213623,-0.008206827566027641,0.8403200507164001,0.2410459965467453,-0.018686162307858467,0.858368992805481,0.17770864069461823,-0.028971580788493156,0.8714817762374878,0.12542951107025146,-0.03803404048085213,0.7695530652999878,0.31648963689804077,-0.010514087975025177,0.7697334885597229,0.19552920758724213,-0.020342739298939705,0.7718214392662048,0.12012863159179688,-0.03070446103811264,0.7710393071174622,0.05774018168449402,-0.03878876194357872,0.7348528504371643,0.3294166326522827,-0.016292277723550797,0.7261955738067627,0.21743449568748474,-0.03028472512960434,0.7227789759635925,0.14427097141742706,-0.044461626559495926,0.7187151908874512,0.07866644859313965,-0.05456582084298134,0.7046750783920288,0.36851638555526733,-0.02415727823972702,0.674805760383606,0.29604583978652954,-0.042179856449365616,0.6547948718070984,0.2452806532382965,-0.05406646803021431,0.6375486254692078,0.19447214901447296,-0.061782170087099075,4
0.7413365840911865,0.6120694875717163,3.461520350356295e-07,0.8104602694511414,0.5779848098754883,-0.01879674382507801,0.8586329817771912,0.4740057587623596,-0.019740914925932884,0.8863067626953125,0.39982590079307556,-0.020092321559786797,0.9122869968414307,0.36956098675727844,-0.020544029772281647,0.8086756467819214,0.3328176736831665,-0.008699621073901653,0.8382241725921631,0.23957283794879913,-0.01907171681523323,0.856257438659668,0.17589764297008514,-0.02902258187532425,0.8690808415412903,0.1239556223154068,-0.03776799887418747,0.7672900557518005,0.3156581223011017,-0.011075444519519806,0.7675690650939941,0.19383551180362701,-0.020868301391601562,0.7693440914154053,0.11869938671588898,-0.030856939032673836,0.7679986953735352,0.05695343017578125,-0.03856921195983887,0.7326521873474121,0.3285197615623474,-0.01683914102613926,0.7242846488952637,0.21589599549770355,-0.030771177262067795,0.7206208109855652,0.14283889532089233,-0.04480203241109848,0.716041088104248,0.07760325074195862,-0.054770831018686295,0.7024824619293213,0.3673609495162964,-0.024631205946207047,0.6728719472885132,0.2950945794582367,-0.04270457103848457,0.6526182889938354,0.24475033581256866,-0.05455567315220833,0.6350815296173096,0.19449351727962494,-0.06219065189361572,4
0.7404485940933228,0.6124284267425537,3.45982556382296e-07,0.8099979758262634,0.5785130262374878,-0.018909208476543427,0.8582879900932312,0.47494301199913025,-0.01992127299308777,0.8859001398086548,0.40092733502388,-0.020336130633950233,0.9121412634849548,0.37136566638946533,-0.02087448537349701,0.8083619475364685,0.33372023701667786,-0.008757147006690502,0.8377854824066162,0.24021580815315247,-0.019085772335529327,0.8557201623916626,0.17628712952136993,-0.029075469821691513,0.8685649037361145,0.12371541559696198,-0.03794966638088226,0.7669948935508728,0.3165225684642792,-0.011020912788808346,0.7669793367385864,0.19523604214191437,-0.02085091546177864,0.7687824368476868,0.11994445323944092,-0.030999155715107918,0.7675021290779114,0.05780154466629028,-0.03889554738998413,0.7323266863822937,0.32933083176612854,-0.01666055992245674,0.7235190272331238,0.21734389662742615,-0.03052731230854988,0.7197964191436768,0.14399336278438568,-0.04469592124223709,0.7152032852172852,0.07819074392318726,-0.054818518459796906,0.7021053433418274,0.3679429888725281,-0.024357495829463005,0.6723416447639465,0.2959602475166321,-0.04237384721636772,0.6521819829940796,0.24528396129608154,-0.05441068112850189,0.6347241401672363,0.19447608292102814,-0.0622374527156353,4
0.7397093772888184,0.6122682690620422,3.4041303820231406e-07,0.8091599941253662,0.5781498551368713,-0.018500646576285362,0.8569533824920654,0.4735603630542755,-0.019188156351447105,0.8842995166778564,0.39950382709503174,-0.019407663494348526,0.9103492498397827,0.36916637420654297,-0.019745174795389175,0.8072851300239563,0.332565575838089,-0.007477791514247656,0.8359171152114868,0.2396973967552185,-0.017658831551671028,0.853705883026123,0.17616157233715057,-0.02772081270813942,0.8665167093276978,0.123790442943573,-0.03667374327778816,0.7660068273544312,0.3153233528137207,-0.009927674196660519,0.7653557062149048,0.19436611235141754,-0.0196454506367445,0.7668642401695251,0.11933258175849915,-0.02986946515738964,0.7653856873512268,0.05747920274734497,-0.03780289739370346,0.7314296960830688,0.3282269239425659,-0.0158220287412405,0.7222622632980347,0.21659256517887115,-0.02956891432404518,0.7183871865272522,0.14352479577064514,-0.04374449700117111,0.7136901617050171,0.07744783163070679,-0.053890593349933624,0.701344907283783,0.36708328127861023,-0.023770498111844063,0.6714959144592285,0.2958015501499176,-0.041546180844306946,0.6511476039886475,0.24547025561332703,-0.05350315198302269,0.6335490942001343,0.1944705694913864,-0.06133374199271202,4
0.7392193078994751,0.6112627387046814,3.4073312349391927e-07,0.8084617853164673,0.576694130897522,-0.018361501395702362,0.8561246991157532,0.4722137451171875,-0.01895926147699356,0.8837834000587463,0.3980979323387146,-0.01911676488816738,0.909849226474762,0.36782270669937134,-0.019393492490053177,0.8057817220687866,0.33212193846702576,-0.007252714596688747,0.8345063328742981,0.23907196521759033,-0.017233677208423615,0.852433979511261,0.1756111979484558,-0.027123520150780678,0.8654898405075073,0.12346161901950836,-0.03591035306453705,0.7645445466041565,0.3152271509170532,-0.00967081356793642,0.7642505168914795,0.19421735405921936,-0.019002581015229225,0.7660640478134155,0.11927886307239532,-0.028820425271987915,0.7649244070053101,0.057683587074279785,-0.036519959568977356,0.7300972938537598,0.32809749245643616,-0.01555967889726162,0.7214334607124329,0.21608291566371918,-0.02904628962278366,0.7175885438919067,0.14325614273548126,-0.042974166572093964,0.7128654718399048,0.07793593406677246,-0.05297495797276497,0.7001687288284302,0.3667551279067993,-0.02350112982094288,0.6703841090202332,0.29510483145713806,-0.0411851704120636,0.6500401496887207,0.2446947693824768,-0.053077977150678635,0.6324115991592407,0.19397681951522827,-0.060889311134815216,4
0.7391670346260071,0.6121035814285278,3.393802217033226e-07,0.8081468343734741,0.5777677297592163,-0.01814495399594307,0.8555163741111755,0.4728812575340271,-0.01841672509908676,0.8830528259277344,0.3989560008049011,-0.018233496695756912,0.9092560410499573,0.36944451928138733,-0.018151676282286644,0.8057117462158203,0.3324263393878937,-0.006824941374361515,0.8347444534301758,0.24041447043418884,-0.016538765281438828,0.852493405342102,0.17730170488357544,-0.026209065690636635,0.865069568157196,0.1256643831729889,-0.034860216081142426,0.7644417881965637,0.31560319662094116,-0.009298720397055149,0.7641235589981079,0.1947854906320572,-0.018494149670004845,0.7657626867294312,0.12017324566841125,-0.028177432715892792,0.7643240690231323,0.058921217918395996,-0.03569579869508743,0.7299972772598267,0.32875385880470276,-0.015224829316139221,0.7210701704025269,0.21684354543685913,-0.028772762045264244,0.7172322869300842,0.14431491494178772,-0.04275679215788841,0.7124336957931519,0.07920324802398682,-0.052705030888319016,0.7000237703323364,0.36778175830841064,-0.023160556331276894,0.6702565550804138,0.2966698706150055,-0.04110546410083771,0.6497479677200317,0.24662092328071594,-0.0531153678894043,0.6318788528442383,0.1963583379983902,-0.060903843492269516,4
0.7391469478607178,0.6127769947052002,3.447488552410505e-07,0.8085513710975647,0.5784898996353149,-0.01866810768842697,0.8566505312919617,0.47352680563926697,-0.019215749576687813,0.8842010498046875,0.3987632989883423,-0.019195301458239555,0.9097462892532349,0.3679221272468567,-0.019230876117944717,0.8062980771064758,0.3328295052051544,-0.007356260437518358,0.8356844782829285,0.240385040640831,-0.017278332263231277,0.8535287380218506,0.17711329460144043,-0.02705048769712448,0.8663110136985779,0.12568031251430511,-0.03573558107018471,0.7649974822998047,0.31605303287506104,-0.009578848257660866,0.7643646597862244,0.1953757256269455,-0.018974926322698593,0.765977144241333,0.120616614818573,-0.028819065541028976,0.7646868824958801,0.059417903423309326,-0.03645486384630203,0.7305259704589844,0.3290433883666992,-0.015297436155378819,0.7212913632392883,0.21713010966777802,-0.028886467218399048,0.717394232749939,0.14444398880004883,-0.042947642505168915,0.7127266526222229,0.07925713062286377,-0.05299331992864609,0.700741708278656,0.36786505579948425,-0.02308468706905842,0.6709011793136597,0.29713353514671326,-0.04094846546649933,0.6505823135375977,0.24686187505722046,-0.05304916948080063,0.6330916285514832,0.196128711104393,-0.06093551591038704,4
0.7393985986709595,0.6122382879257202,3.39386190262303e-07,0.8088579177856445,0.5783417820930481,-0.01894512213766575,0.8570619821548462,0.4727342128753662,-0.01947234757244587,0.8848217129707336,0.3978414535522461,-0.019386833533644676,0.9111893773078918,0.36902832984924316,-0.01939672790467739,0.8072171211242676,0.33285611867904663,-0.007570037618279457,0.8362680673599243,0.239980548620224,-0.017346909269690514,0.8540130853652954,0.17645278573036194,-0.02705504558980465,0.8666497468948364,0.12439684569835663,-0.03580424189567566,0.7659546136856079,0.3158140480518341,-0.009644863195717335,0.765413224697113,0.19472697377204895,-0.018864089623093605,0.7671124935150146,0.11979973316192627,-0.028650010004639626,0.7656853795051575,0.05853310227394104,-0.036331649869680405,0.7316306829452515,0.3287408947944641,-0.015230179764330387,0.7224647998809814,0.21669568121433258,-0.028648924082517624,0.7185453772544861,0.14394539594650269,-0.04281163588166237,0.7136848568916321,0.07860323786735535,-0.053019821643829346,0.7018362879753113,0.3674004077911377,-0.02292821556329727,0.6719867587089539,0.2966185212135315,-0.040785305202007294,0.6516870260238647,0.24644996225833893,-0.053116753697395325,0.6341376900672913,0.19561918079853058,-0.061256468296051025,4
0.7390141487121582,0.6113321185112,3.3639508956184727e-07,0.8091724514961243,0.5775840878486633,-0.018461549654603004,0.8574298620223999,0.4722177982330322,-0.018391378223896027,0.8849475979804993,0.39750248193740845,-0.017796339467167854,0.9107168912887573,0.3687334954738617,-0.01725548319518566,0.8081327676773071,0.3311616778373718,-0.006055448669940233,0.8371216058731079,0.23717428743839264,-0.014855876564979553,0.854499340057373,0.173576220870018,-0.023865673691034317,0.8667514324188232,0.12170012295246124,-0.032191935926675797,0.7666944861412048,0.3144978880882263,-0.008094927296042442,0.7659381628036499,0.193098247051239,-0.016553480178117752,0.7675449848175049,0.11850455403327942,-0.026032034307718277,0.7661486268043518,0.05759647488594055,-0.0335029661655426,0.7322783470153809,0.32727742195129395,-0.013636819086968899,0.7232648134231567,0.21557210385799408,-0.026337767019867897,0.7194919586181641,0.14277538657188416,-0.04043334349989891,0.7148172855377197,0.07726627588272095,-0.05066072568297386,0.7022428512573242,0.365429550409317,-0.021283119916915894,0.6725741028785706,0.29456573724746704,-0.03850684314966202,0.6524173617362976,0.24446463584899902,-0.05070413649082184,0.6350167393684387,0.1939200907945633,-0.058800939470529556,4
0.7403705716133118,0.608293890953064,3.329957962705521e-07,0.8097336888313293,0.5741124749183655,-0.018087953329086304,0.8577216267585754,0.4694046676158905,-0.018202586099505424,0.8852789998054504,0.3956145644187927,-0.017973117530345917,0.9108092784881592,0.36722129583358765,-0.017758458852767944,0.8078633546829224,0.3290000259876251,-0.005715533625334501,0.8363956809043884,0.2359733283519745,-0.014792321249842644,0.8537546992301941,0.17281250655651093,-0.0240922961384058,0.8659380674362183,0.12129946053028107,-0.032550305128097534,0.7668802738189697,0.3122003972530365,-0.008073163218796253,0.7658952474594116,0.1913917511701584,-0.016680873930454254,0.7673715353012085,0.11724558472633362,-0.026078084483742714,0.7657487988471985,0.05686280131340027,-0.033445876091718674,0.7327905297279358,0.32472318410873413,-0.013919987715780735,0.7233295440673828,0.21298225224018097,-0.026474883779883385,0.719593346118927,0.14081346988677979,-0.03990638256072998,0.7149953246116638,0.07616683840751648,-0.04965423047542572,0.7029212117195129,0.3626735806465149,-0.02190733514726162,0.6729924082756042,0.2919484078884125,-0.038691554218530655,0.6530958414077759,0.24138197302818298,-0.050246961414813995,0.636050820350647,0.19088341295719147,-0.057890068739652634,4
0.7452772855758667,0.6062054634094238,3.3271933830292255e-07,0.8148823380470276,0.571300745010376,-0.018082572147250175,0.8624186515808105,0.4688120484352112,-0.018611151725053787,0.8882150053977966,0.39538779854774475,-0.018681177869439125,0.9129688739776611,0.3665198087692261,-0.01877361163496971,0.8120898604393005,0.3286823332309723,-0.0069480095990002155,0.8404348492622375,0.23736990988254547,-0.01671925000846386,0.858206570148468,0.17544160783290863,-0.02649681456387043,0.8706918358802795,0.12497144937515259,-0.035119540989398956,0.7715024948120117,0.3122795820236206,-0.009314773604273796,0.7707076072692871,0.19207924604415894,-0.018418148159980774,0.7719072103500366,0.11890697479248047,-0.028237052261829376,0.7699882984161377,0.05860397219657898,-0.03592744097113609,0.7376392483711243,0.3251302242279053,-0.015054470859467983,0.7285604476928711,0.21461117267608643,-0.02825998328626156,0.7253763675689697,0.14352810382843018,-0.0419805608689785,0.721192479133606,0.08035692572593689,-0.05170469731092453,0.7079261541366577,0.3629172742366791,-0.022810131311416626,0.6780356764793396,0.29047244787216187,-0.03985786810517311,0.6583616137504578,0.23970212042331696,-0.051288798451423645,0.6414880752563477,0.18947410583496094,-0.05873577669262886,4
0.17473335564136505,0.92998868227005,5.640615654556314e-07,0.22952674329280853,0.8800652027130127,-0.027972551062703133,0.27143537998199463,0.8005591630935669,-0.04127407446503639,0.30610528588294983,0.7354719042778015,-0.05292694270610809,0.3366396427154541,0.6938018798828125,-0.0642026960849762,0.21922844648361206,0.6733044385910034,-0.022876622155308723,0.2502205967903137,0.5750018954277039,-0.04253891855478287,0.2686033844947815,0.509022057056427,-0.05940128490328789,0.28215155005455017,0.451632559299469,-0.07137371599674225,0.18120211362838745,0.6587266325950623,-0.023304183036088943,0.18214702606201172,0.5366353988647461,-0.039973460137844086,0.18147623538970947,0.45816510915756226,-0.05467856302857399,0.17830464243888855,0.3897138237953186,-0.06503129005432129,0.14730334281921387,0.6721739172935486,-0.027195952832698822,0.1382913589477539,0.5638594627380371,-0.04443735629320145,0.13454006612300873,0.4926013946533203,-0.056208133697509766,0.13122761249542236,0.4278918206691742,-0.0634404867887497,0.11647379398345947,0.7107124924659729,-0.033930860459804535,0.0922810509800911,0.635818600654602,-0.04993138462305069,0.07751747965812683,0.5850489139556885,-0.05576072633266449,0.06527510285377502,0.5353816747665405,-0.0583605132997036,4
0.17604413628578186,0.9321058988571167,5.532014029085985e-07,0.23056592047214508,0.8819873332977295,-0.027758587151765823,0.27225813269615173,0.8003202080726624,-0.040505073964595795,0.3061315715312958,0.7342153191566467,-0.05155590549111366,0.3372698426246643,0.6936704516410828,-0.06221870705485344,0.22009587287902832,0.6722496747970581,-0.0221334807574749,0.2503161132335663,0.5745581388473511,-0.041247814893722534,0.2688649594783783,0.5092309713363647,-0.057852596044540405,0.2827692925930023,0.4526183009147644,-0.0697125643491745,0.1820492446422577,0.657916247844696,-0.022518448531627655,0.18189308047294617,0.5372660160064697,-0.038342494517564774,0.1813717782497406,0.4602001905441284,-0.05250869318842888,0.1785217970609665,0.3929486572742462,-0.06261282414197922,0.14826735854148865,0.6719240546226501,-0.02643730118870735,0.1392551213502884,0.5648266673088074,-0.04321296513080597,0.13568785786628723,0.4946102201938629,-0.05480088293552399,0.13259533047676086,0.43081003427505493,-0.062041379511356354,0.11732463538646698,0.7107106447219849,-0.03320148587226868,0.09270244091749191,0.6361945867538452,-0.049099039286375046,0.0780048817396164,0.5859512090682983,-0.0550251267850399,0.06575903296470642,0.5366897583007812,-0.057772472500801086,4
0.17567752301692963,0.9314852356910706,5.535775926546194e-07,0.23040559887886047,0.8818667531013489,-0.027620235458016396,0.27189648151397705,0.800646960735321,-0.0402882844209671,0.30562907457351685,0.734697163105011,-0.05130189657211304,0.33613157272338867,0.693669319152832,-0.061904437839984894,0.22005212306976318,0.6726665496826172,-0.022119496017694473,0.25068986415863037,0.5744500756263733,-0.041409146040678024,0.2691330313682556,0.5086427927017212,-0.05793941393494606,0.28283676505088806,0.4520304501056671,-0.06970608979463577,0.18214881420135498,0.6587240099906921,-0.022549007087945938,0.1821761578321457,0.537589967250824,-0.03894957900047302,0.18141520023345947,0.4600282311439514,-0.05334215611219406,0.1783524602651596,0.3926486372947693,-0.06346569210290909,0.14847201108932495,0.6730222702026367,-0.026486258953809738,0.1394343227148056,0.5652415752410889,-0.043769169598817825,0.1356586366891861,0.49475717544555664,-0.055483199656009674,0.13231173157691956,0.43077775835990906,-0.06263748556375504,0.11773895472288132,0.7121649980545044,-0.033216189593076706,0.09350134432315826,0.6373107433319092,-0.04941672831773758,0.07895320653915405,0.5868543386459351,-0.05542191490530968,0.06684546172618866,0.5374593734741211,-0.05812232568860054,4
0.17653807997703552,0.9304932355880737,5.59556042389886e-07,0.23074595630168915,0.8816068172454834,-0.028663096949458122,0.27194181084632874,0.8004485964775085,-0.041824787855148315,0.30596858263015747,0.7336718440055847,-0.05306307598948479,0.3370975852012634,0.6918257474899292,-0.06385385990142822,0.22001884877681732,0.673017680644989,-0.023415591567754745,0.2505037188529968,0.5746473073959351,-0.04284936934709549,0.2687254250049591,0.5084947347640991,-0.05941810458898544,0.2822459936141968,0.4511776864528656,-0.07126519083976746,0.1822158545255661,0.6587868928909302,-0.02333768457174301,0.1820070743560791,0.5379349589347839,-0.03985540196299553,0.18091848492622375,0.4601362943649292,-0.0542934313416481,0.17758511006832123,0.3919999301433563,-0.0644976794719696,0.14869695901870728,0.6729453206062317,-0.02680468186736107,0.13928484916687012,0.5661443471908569,-0.04415387660264969,0.1353650689125061,0.49556002020835876,-0.05594215542078018,0.1319064497947693,0.43081244826316833,-0.06320233643054962,0.11818298697471619,0.7118621468544006,-0.033157989382743835,0.09375728666782379,0.6376842260360718,-0.04946406930685043,0.07906272262334824,0.587274968624115,-0.05565348267555237,0.06684915721416473,0.5372756719589233,-0.058533988893032074,4
0.17683382332324982,0.9289535284042358,5.529306577045645e-07,0.23133206367492676,0.8801141381263733,-0.02823498100042343,0.2724369168281555,0.7990064024925232,-0.041172124445438385,0.3061981499195099,0.73300701379776,-0.05231015384197235,0.336643248796463,0.6920498609542847,-0.06301578879356384,0.2212846428155899,0.6716893911361694,-0.02265165187418461,0.2515556216239929,0.5743756294250488,-0.041985876858234406,0.26971912384033203,0.5091105699539185,-0.05865825340151787,0.2832060158252716,0.45234543085098267,-0.07061602175235748,0.18346980214118958,0.6574227213859558,-0.02283281274139881,0.1839808225631714,0.5371513962745667,-0.03918576240539551,0.1833624541759491,0.46000251173973083,-0.053669970482587814,0.18038015067577362,0.39230653643608093,-0.06396181881427765,0.14991410076618195,0.6716005802154541,-0.026563774794340134,0.14095976948738098,0.5651986002922058,-0.04380297288298607,0.13712938129901886,0.4945525527000427,-0.055697474628686905,0.133678138256073,0.42989906668663025,-0.06308918446302414,0.11934690922498703,0.7108103036880493,-0.033154718577861786,0.09522616118192673,0.6368471384048462,-0.049348704516887665,0.08057916909456253,0.586327314376831,-0.055528655648231506,0.0683530867099762,0.5363339185714722,-0.05847720056772232,4
0.17651155591011047,0.9291960000991821,5.528211772798386e-07,0.23087729513645172,0.8811465501785278,-0.028466321527957916,0.2723053991794586,0.7998473644256592,-0.04141645133495331,0.3060566782951355,0.7337889075279236,-0.0525306798517704,0.33647987246513367,0.692922830581665,-0.063231460750103,0.22095398604869843,0.671627402305603,-0.02272689715027809,0.2509273886680603,0.5741636753082275,-0.04193028435111046,0.2692708671092987,0.5087059736251831,-0.058610230684280396,0.2829238772392273,0.45191335678100586,-0.07055146247148514,0.18316876888275146,0.6573366522789001,-0.02275492623448372,0.18337924778461456,0.5371463298797607,-0.0386832132935524,0.18263040482997894,0.4601570963859558,-0.0530206598341465,0.17961256206035614,0.39300912618637085,-0.06327956169843674,0.14964531362056732,0.6713994741439819,-0.026354564353823662,0.14117217063903809,0.564848780632019,-0.04320348799228668,0.1370331048965454,0.49437350034713745,-0.05500013381242752,0.13334807753562927,0.4301023781299591,-0.06242585927248001,0.1188456118106842,0.710432767868042,-0.03285277262330055,0.0948159471154213,0.6363682150840759,-0.04877404123544693,0.08013688772916794,0.5860679149627686,-0.054853782057762146,0.0679241269826889,0.5364654064178467,-0.05778152868151665,4
0.17651881277561188,0.9303531646728516,5.518717216546065e-07,0.2312208116054535,0.8821918368339539,-0.028392421081662178,0.272816002368927,0.8009639978408813,-0.041373275220394135,0.3063666522502899,0.7340613007545471,-0.0524773970246315,0.33713316917419434,0.692844808101654,-0.06316757947206497,0.22112061083316803,0.6728137731552124,-0.022875411435961723,0.25142303109169006,0.5749322175979614,-0.04206157848238945,0.26967597007751465,0.5094544291496277,-0.05857660248875618,0.2832150161266327,0.4527677595615387,-0.07043202966451645,0.18343085050582886,0.6587023735046387,-0.022874649614095688,0.1835058331489563,0.5382160544395447,-0.03909791633486748,0.1825569123029709,0.46104341745376587,-0.05348658934235573,0.1793169379234314,0.3937557637691498,-0.06370390951633453,0.1499173790216446,0.6728010177612305,-0.026412760838866234,0.14060796797275543,0.5658316612243652,-0.04354558140039444,0.13685205578804016,0.4952787160873413,-0.055379197001457214,0.1335430145263672,0.43112602829933167,-0.06271696835756302,0.1193515956401825,0.7117758989334106,-0.032812051475048065,0.09452560544013977,0.6375012993812561,-0.04905082285404205,0.0795450434088707,0.5873087644577026,-0.05530171096324921,0.06706143915653229,0.5377987027168274,-0.05825180932879448,4
0.17787820100784302,0.9258984327316284,5.60426713036577e-07,0.23151448369026184,0.8768852353096008,-0.028395311906933784,0.27272123098373413,0.7969815135002136,-0.04190881550312042,0.3065648674964905,0.7316167950630188,-0.053559690713882446,0.33772778511047363,0.6903990507125854,-0.06481454521417618,0.2207012176513672,0.6706995368003845,-0.023868916556239128,0.25091466307640076,0.5734042525291443,-0.04372304305434227,0.269187331199646,0.5081653594970703,-0.06060199439525604,0.2829846739768982,0.4513050615787506,-0.07262739539146423,0.18324455618858337,0.657084047794342,-0.024006133899092674,0.18367865681648254,0.5377930402755737,-0.04104399308562279,0.18298712372779846,0.46039241552352905,-0.05580528452992439,0.1800406277179718,0.3916577398777008,-0.06622727960348129,0.14987482130527496,0.6711880564689636,-0.02762438915669918,0.14082032442092896,0.56514972448349,-0.045352138578891754,0.13732823729515076,0.49451857805252075,-0.057242799550294876,0.13432778418064117,0.4292314052581787,-0.06453076004981995,0.11960668861865997,0.7097945213317871,-0.034079696983098984,0.09556000679731369,0.6362454891204834,-0.05056777596473694,0.08119456470012665,0.5863334536552429,-0.05676240101456642,0.06930534541606903,0.5363417863845825,-0.05963968485593796,4
0.17802229523658752,0.9258230924606323,5.433330443338491e-07,0.2323353886604309,0.8778136968612671,-0.027630487456917763,0.27372533082962036,0.7973200082778931,-0.04047182574868202,0.30770689249038696,0.7315832376480103,-0.051614150404930115,0.3380146026611328,0.6901653409004211,-0.06240374967455864,0.22250279784202576,0.6697648763656616,-0.02269897237420082,0.25260308384895325,0.5727752447128296,-0.04218357056379318,0.27113670110702515,0.5080066919326782,-0.05897742882370949,0.28496116399765015,0.45153287053108215,-0.07094361633062363,0.18514034152030945,0.6554250717163086,-0.02318069525063038,0.18593110144138336,0.5352129340171814,-0.03953799605369568,0.18555891513824463,0.45842522382736206,-0.0540078729391098,0.1826617270708084,0.39087751507759094,-0.06428903341293335,0.151897594332695,0.6691681146621704,-0.027124976739287376,0.14297766983509064,0.5621208548545837,-0.044368043541908264,0.13920514285564423,0.49175792932510376,-0.05608799681067467,0.13577908277511597,0.4275456964969635,-0.06333053112030029,0.12164698541164398,0.7078685164451599,-0.03386002406477928,0.09721609205007553,0.6331745982170105,-0.05006427317857742,0.08250264823436737,0.5828653573989868,-0.056070778518915176,0.07025539875030518,0.5331670641899109,-0.058859217911958694,4
0.17836084961891174,0.9248952865600586,5.506558409251738e-07,0.2330859750509262,0.8754543662071228,-0.02716483362019062,0.2744008004665375,0.7949284911155701,-0.03986377269029617,0.30925583839416504,0.7301819920539856,-0.05097624287009239,0.34074658155441284,0.6895565390586853,-0.06170901656150818,0.22402478754520416,0.6681383848190308,-0.022015942260622978,0.25437840819358826,0.5711925029754639,-0.041315700858831406,0.2726523280143738,0.5058923959732056,-0.05790703743696213,0.2862098813056946,0.4489114284515381,-0.06982636451721191,0.18636442720890045,0.6534257531166077,-0.022767921909689903,0.1873742640018463,0.5332969427108765,-0.039164964109659195,0.18734203279018402,0.4562879800796509,-0.05358615890145302,0.184820756316185,0.3882025480270386,-0.06385073065757751,0.1528184860944748,0.6670565009117126,-0.0270090252161026,0.14461199939250946,0.5604182481765747,-0.044376738369464874,0.140848308801651,0.48951447010040283,-0.05632263794541359,0.1374865472316742,0.42456671595573425,-0.06376118212938309,0.12217143923044205,0.7056277394294739,-0.03400513902306557,0.09870632737874985,0.6314593553543091,-0.05029471963644028,0.08424663543701172,0.5811781287193298,-0.05652812868356705,0.07219342887401581,0.5314345359802246,-0.05953506380319595,4
0.1800989955663681,0.9231783151626587,5.550382979890855e-07,0.2344796508550644,0.8749758005142212,-0.028146669268608093,0.27573567628860474,0.7942890524864197,-0.04105100408196449,0.31042200326919556,0.7288429141044617,-0.05205560103058815,0.3424150347709656,0.6890363097190857,-0.06261760741472244,0.22504109144210815,0.666763186454773,-0.022982802242040634,0.2558520436286926,0.5696866512298584,-0.0422874316573143,0.27439963817596436,0.5041320323944092,-0.05889733508229256,0.28830182552337646,0.4471893310546875,-0.07081930339336395,0.18762922286987305,0.6520628929138184,-0.023094303905963898,0.18853561580181122,0.531841516494751,-0.039385393261909485,0.1885116994380951,0.45456647872924805,-0.05366838350892067,0.186080664396286,0.38593268394470215,-0.06381430476903915,0.15431910753250122,0.665809154510498,-0.0267197098582983,0.1465725302696228,0.5590839982032776,-0.04394553229212761,0.14302508533000946,0.48823750019073486,-0.0558059997856617,0.13956871628761292,0.42273128032684326,-0.06319332122802734,0.1238192766904831,0.7045672535896301,-0.033175960183143616,0.10074041038751602,0.6305821537971497,-0.049429818987846375,0.08654600381851196,0.5802817940711975,-0.05570407584309578,0.07441304624080658,0.5301527976989746,-0.05871507152915001,4
0.18182817101478577,0.9222974181175232,5.557716917792277e-07,0.23539231717586517,0.8727704882621765,-0.027186239138245583,0.2766692638397217,0.7928204536437988,-0.03970445320010185,0.3110988438129425,0.7279593348503113,-0.050637487322092056,0.34174424409866333,0.6871550679206848,-0.06114671751856804,0.2247428148984909,0.6654917597770691,-0.021121082827448845,0.2552853524684906,0.5686858296394348,-0.04019947350025177,0.2738688588142395,0.5040858387947083,-0.0567917674779892,0.2880759835243225,0.4480108618736267,-0.06865808367729187,0.18734332919120789,0.6516852378845215,-0.021611830219626427,0.18802905082702637,0.5323237180709839,-0.037817977368831635,0.1882741004228592,0.4553433656692505,-0.05232812091708183,0.1863560974597931,0.3871258795261383,-0.06265159696340561,0.15411733090877533,0.6657485365867615,-0.02561126835644245,0.14587339758872986,0.5588937401771545,-0.04272618144750595,0.14259344339370728,0.48851725459098816,-0.0545201413333416,0.13973943889141083,0.42362233996391296,-0.061825595796108246,0.12382998317480087,0.704300045967102,-0.03238658607006073,0.10059686750173569,0.6303437948226929,-0.048406101763248444,0.08669272065162659,0.5800593495368958,-0.05446236953139305,0.07510381937026978,0.5299766063690186,-0.057299382984638214,4
0.18127311766147614,0.9216330647468567,5.490912258210301e-07,0.23583683371543884,0.8736218810081482,-0.027446584776043892,0.27740511298179626,0.7935687303543091,-0.039863258600234985,0.31171971559524536,0.7288937568664551,-0.05061608552932739,0.34213611483573914,0.6882860064506531,-0.06097513064742088,0.22619187831878662,0.6650931239128113,-0.021675853058695793,0.2564406096935272,0.567751944065094,-0.040708962827920914,0.27484962344169617,0.5029175877571106,-0.05720774829387665,0.2889169156551361,0.4466160833835602,-0.06903601437807083,0.18858474493026733,0.6512890458106995,-0.02202994003891945,0.18908336758613586,0.5318982601165771,-0.03797074034810066,0.18933925032615662,0.4552200436592102,-0.05236275494098663,0.18758927285671234,0.38737809658050537,-0.06270331144332886,0.15515248477458954,0.6654578447341919,-0.025915950536727905,0.14717693626880646,0.5587149858474731,-0.042923253029584885,0.14382490515708923,0.48828691244125366,-0.054953332990407944,0.14086012542247772,0.42350420355796814,-0.0625307559967041,0.12463712692260742,0.7039325833320618,-0.032590918242931366,0.10158142447471619,0.6298036575317383,-0.04885813593864441,0.0874558836221695,0.5793215036392212,-0.05532242730259895,0.07558839023113251,0.529202938079834,-0.05849454179406166,4
0.18228018283843994,0.9225061535835266,5.499838380274014e-07,0.23646602034568787,0.8740452527999878,-0.027405263856053352,0.27768319845199585,0.7940080761909485,-0.03977072983980179,0.3125503659248352,0.7296509146690369,-0.050484661012887955,0.3431883156299591,0.6898909211158752,-0.06080858036875725,0.22710414230823517,0.6657640337944031,-0.021387699991464615,0.2573111355304718,0.5683953166007996,-0.040057212114334106,0.2755378484725952,0.5036476850509644,-0.05635927990078926,0.28948527574539185,0.4472925364971161,-0.06813927739858627,0.1894722729921341,0.6516199111938477,-0.021618381142616272,0.19013740122318268,0.5330550670623779,-0.03730401769280434,0.1905146688222885,0.4569026231765747,-0.05152969807386398,0.1889515221118927,0.38932931423187256,-0.06176586449146271,0.15598809719085693,0.6654331684112549,-0.025364261120557785,0.14795774221420288,0.5586051940917969,-0.04213523119688034,0.144403874874115,0.488402783870697,-0.053946059197187424,0.14140310883522034,0.42376717925071716,-0.06136475130915642,0.12544170022010803,0.7035958170890808,-0.03190422058105469,0.10237904638051987,0.6295649409294128,-0.04793515056371689,0.08823634684085846,0.5793787837028503,-0.05419230833649635,0.07633307576179504,0.529808521270752,-0.05719891935586929,4
0.1823951154947281,0.9216885566711426,5.556880751100834e-07,0.23596426844596863,0.8723258972167969,-0.02716914191842079,0.27683180570602417,0.7907013893127441,-0.03950304538011551,0.3120293617248535,0.7260664105415344,-0.05014850199222565,0.34342873096466064,0.6870806217193604,-0.060389917343854904,0.22678205370903015,0.6646021008491516,-0.021700097247958183,0.2569785416126251,0.5677044987678528,-0.040731966495513916,0.2755504548549652,0.5031017661094666,-0.0572543665766716,0.2897585332393646,0.4469606280326843,-0.06911039352416992,0.1892150193452835,0.6502301096916199,-0.022132735699415207,0.18961502611637115,0.5309872627258301,-0.038138169795274734,0.18976463377475739,0.45410656929016113,-0.05246080458164215,0.1877167820930481,0.3855685591697693,-0.06267040222883224,0.1557845175266266,0.6639974117279053,-0.026039833202958107,0.14755898714065552,0.5582663416862488,-0.04293927550315857,0.14431390166282654,0.48831605911254883,-0.054732080549001694,0.14138370752334595,0.42329007387161255,-0.06209290400147438,0.12513577938079834,0.7022544741630554,-0.032730668783187866,0.10224777460098267,0.6289384365081787,-0.04856933280825615,0.08843430876731873,0.5794311165809631,-0.054625704884529114,0.076878622174263,0.5299286246299744,-0.05751681700348854,4
0.18210183084011078,0.9190055131912231,5.50003164789814e-07,0.23536428809165955,0.8699775338172913,-0.027045462280511856,0.27663034200668335,0.7896652817726135,-0.039406225085258484,0.3117101192474365,0.725761353969574,-0.05017458647489548,0.34256869554519653,0.6869325041770935,-0.06057943031191826,0.22639235854148865,0.6633809804916382,-0.02146448753774166,0.25661224126815796,0.5669229030609131,-0.040364041924476624,0.27488914132118225,0.5022680759429932,-0.056828923523426056,0.28876984119415283,0.44574427604675293,-0.06865052878856659,0.18893855810165405,0.6491711735725403,-0.021971117705106735,0.18985207378864288,0.5302243828773499,-0.03776845335960388,0.1899336874485016,0.45378491282463074,-0.051937174052000046,0.18795278668403625,0.38581785559654236,-0.06208425015211105,0.15558680891990662,0.6629768013954163,-0.025950154289603233,0.14783179759979248,0.556550920009613,-0.04273534566164017,0.14463622868061066,0.4863487184047699,-0.05441540107131004,0.14186793565750122,0.4215719699859619,-0.06172644719481468,0.12503504753112793,0.7012865543365479,-0.032711006700992584,0.10226142406463623,0.6276060938835144,-0.048565711826086044,0.08839303255081177,0.5777603387832642,-0.05456399917602539,0.07685284316539764,0.5282859802246094,-0.05741683021187782,4
0.1822253316640854,0.9185822010040283,5.540815664062393e-07,0.23582719266414642,0.8694341778755188,-0.027846848592162132,0.2767201066017151,0.78988116979599,-0.040755562484264374,0.31116414070129395,0.725867748260498,-0.05193185806274414,0.3417300581932068,0.6855698227882385,-0.06270266324281693,0.22588686645030975,0.6626912951469421,-0.022373512387275696,0.25634077191352844,0.5665846467018127,-0.041760075837373734,0.274646133184433,0.5020193457603455,-0.05865854397416115,0.2885916531085968,0.44553500413894653,-0.07080725580453873,0.1885155588388443,0.6484930515289307,-0.022642331197857857,0.1895386129617691,0.5304367542266846,-0.03894130140542984,0.1895197033882141,0.4537745714187622,-0.05362110957503319,0.18753185868263245,0.38539978861808777,-0.06417261064052582,0.15524712204933167,0.6626056432723999,-0.02642938308417797,0.1478785276412964,0.5562258362770081,-0.043697722256183624,0.14444619417190552,0.48616349697113037,-0.0557183176279068,0.14136767387390137,0.4215373992919922,-0.06328244507312775,0.12486763298511505,0.7013514041900635,-0.03303166851401329,0.10235685855150223,0.6279819011688232,-0.049362920224666595,0.08855816721916199,0.5778741836547852,-0.055709172040224075,0.07693943381309509,0.5280728340148926,-0.05879523232579231,4
0.18165825307369232,0.9203864336013794,5.599602559414052e-07,0.23492847383022308,0.8703926801681519,-0.027563169598579407,0.27600008249282837,0.7907947301864624,-0.04038558155298233,0.31042274832725525,0.7261943221092224,-0.05144629254937172,0.3405086398124695,0.6856842637062073,-0.0620061457157135,0.2246309518814087,0.6638304591178894,-0.021964341402053833,0.2553918957710266,0.5668300986289978,-0.04091953486204147,0.273372083902359,0.5020708441734314,-0.057451389729976654,0.28698745369911194,0.44547051191329956,-0.06932386010885239,0.18711908161640167,0.6495576500892639,-0.022136012092232704,0.1884838044643402,0.5306830406188965,-0.0380704402923584,0.18842178583145142,0.4539785385131836,-0.05233432725071907,0.18622678518295288,0.3858985900878906,-0.06247096508741379,0.15379765629768372,0.6631959676742554,-0.025752516463398933,0.14602261781692505,0.5556225776672363,-0.04253275692462921,0.14248111844062805,0.4858105778694153,-0.05400250852108002,0.13922816514968872,0.4216361343860626,-0.06112538278102875,0.12343648076057434,0.7017041444778442,-0.03215600550174713,0.10122740268707275,0.6281259059906006,-0.04788931459188461,0.08769071102142334,0.5784224271774292,-0.05363810807466507,0.0761341005563736,0.5293211936950684,-0.056220605969429016,4
0.1796548217535019,0.921074628829956,5.569764880419825e-07,0.2332853376865387,0.873365044593811,-0.028594713658094406,0.2743178904056549,0.793078601360321,-0.04166491702198982,0.30905455350875854,0.7271321415901184,-0.05281037092208862,0.3402727246284485,0.6863518357276917,-0.06346721202135086,0.22405225038528442,0.6657605767250061,-0.022880801931023598,0.2547543942928314,0.5686778426170349,-0.04209855571389198,0.27292510867118835,0.5033429265022278,-0.058759573847055435,0.2867003083229065,0.4465000033378601,-0.07072537392377853,0.18686546385288239,0.6508191823959351,-0.022631946951150894,0.18804524838924408,0.5316637754440308,-0.03871031105518341,0.18815933167934418,0.45443737506866455,-0.05310377851128578,0.1861739456653595,0.3862799108028412,-0.06342565268278122,0.15379543602466583,0.6640275120735168,-0.025948289781808853,0.1459285467863083,0.5577696561813354,-0.042826708406209946,0.1420787274837494,0.4878762364387512,-0.05457303673028946,0.13861419260501862,0.42379656434059143,-0.06199977919459343,0.12346877157688141,0.7019591927528381,-0.03217775747179985,0.10061390697956085,0.6289252042770386,-0.04810303449630737,0.08669362217187881,0.5789750218391418,-0.054305095225572586,0.07500380277633667,0.5293561220169067,-0.0573345310986042,4
0.18025031685829163,0.9213497638702393,5.527122652893013e-07,0.23325015604496002,0.8724210858345032,-0.027285585179924965,0.27435582876205444,0.7922908663749695,-0.03984897956252098,0.3091249167919159,0.7267370223999023,-0.05074312537908554,0.33988815546035767,0.685768187046051,-0.06114421412348747,0.22439302504062653,0.6651025414466858,-0.021342815831303596,0.25510501861572266,0.5678182244300842,-0.040335625410079956,0.2734222412109375,0.5027145743370056,-0.05674568563699722,0.2872749865055084,0.4463648200035095,-0.06847873330116272,0.1871832311153412,0.6507691740989685,-0.02170705609023571,0.18807300925254822,0.5306922197341919,-0.03796664625406265,0.1879141926765442,0.4535799026489258,-0.05235034599900246,0.18557825684547424,0.38592302799224854,-0.06247667223215103,0.1540546417236328,0.6643818020820618,-0.025558317080140114,0.14549563825130463,0.557508111000061,-0.04272178187966347,0.14188417792320251,0.4874514937400818,-0.054462533444166183,0.13874591886997223,0.4233882427215576,-0.06164436787366867,0.1237356960773468,0.7027810215950012,-0.032183434814214706,0.10053113847970963,0.6289499998092651,-0.04818778485059738,0.08637883514165878,0.5791800618171692,-0.05421430617570877,0.07462276518344879,0.5298973917961121,-0.05697989463806152,4
0.17988577485084534,0.92120361328125,5.408584229371627e-07,0.23329056799411774,0.8731513023376465,-0.027102038264274597,0.2747904360294342,0.7925240993499756,-0.039450667798519135,0.3092139661312103,0.7268591523170471,-0.05012437328696251,0.3397400379180908,0.6856616735458374,-0.060371413826942444,0.22498616576194763,0.665263295173645,-0.021722199395298958,0.2557697594165802,0.5682074427604675,-0.04071015492081642,0.2741718292236328,0.5029181241989136,-0.057094842195510864,0.28803151845932007,0.44630521535873413,-0.06884639710187912,0.18762239813804626,0.6506040096282959,-0.022120729088783264,0.1888829469680786,0.5312033891677856,-0.038119979202747345,0.18900765478610992,0.4548117518424988,-0.05229223519563675,0.1869136542081833,0.38744667172431946,-0.06237911060452461,0.15451353788375854,0.6640264987945557,-0.025958340615034103,0.14653444290161133,0.5570627450942993,-0.04275193810462952,0.14309090375900269,0.4868500232696533,-0.054229456931352615,0.1400454044342041,0.4223708510398865,-0.061404429376125336,0.12425146251916885,0.7023981809616089,-0.032568447291851044,0.10121911764144897,0.6284307241439819,-0.04844307899475098,0.08738631010055542,0.5783621668815613,-0.05441897362470627,0.07597401738166809,0.5288095474243164,-0.05721532180905342,4
0.18168413639068604,0.9201425313949585,5.575179216066317e-07,0.2339528203010559,0.8715156316757202,-0.027449361979961395,0.2747560739517212,0.791624128818512,-0.04023229703307152,0.3098565936088562,0.7270073890686035,-0.05131646990776062,0.34065085649490356,0.6864879727363586,-0.06198997423052788,0.22472210228443146,0.6646628975868225,-0.02202608808875084,0.2556511163711548,0.5678509473800659,-0.04118700698018074,0.27423086762428284,0.5029539465904236,-0.05783403664827347,0.2882079780101776,0.4461904764175415,-0.06975496560335159,0.1877145916223526,0.6504094004631042,-0.022383110597729683,0.18909209966659546,0.5308835506439209,-0.038477301597595215,0.18908600509166718,0.4540218114852905,-0.052852269262075424,0.18666139245033264,0.38591882586479187,-0.06312990188598633,0.1546902060508728,0.6641182899475098,-0.026202164590358734,0.14679798483848572,0.5573133230209351,-0.04306492954492569,0.14336326718330383,0.4870511591434479,-0.054627664387226105,0.14010894298553467,0.4225411117076874,-0.0618501640856266,0.12434738874435425,0.7024630904197693,-0.03283695504069328,0.10177936404943466,0.628141462802887,-0.04864749312400818,0.08803635090589523,0.5780838131904602,-0.054487988352775574,0.07644727826118469,0.5283465385437012,-0.057213835418224335,4
0.1804935187101364,0.9201956391334534,5.481044809130253e-07,0.2337357997894287,0.8717631697654724,-0.027014685794711113,0.27531206607818604,0.7916561961174011,-0.039344243705272675,0.3105189800262451,0.7270716428756714,-0.05005476996302605,0.341295450925827,0.6868483424186707,-0.06034628301858902,0.22562450170516968,0.6637285947799683,-0.021040603518486023,0.25626111030578613,0.5664419531822205,-0.03977331519126892,0.2745743989944458,0.5016599893569946,-0.056104909628629684,0.28853166103363037,0.445343017578125,-0.0678548812866211,0.1880996823310852,0.6495317220687866,-0.021498242393136024,0.18899711966514587,0.5299883484840393,-0.037325285375118256,0.1891772449016571,0.45375490188598633,-0.05160482972860336,0.18730822205543518,0.3866666853427887,-0.06176608428359032,0.15489403903484344,0.6632360219955444,-0.025406140834093094,0.14708301424980164,0.5562669634819031,-0.04205353930592537,0.1438775658607483,0.4860159158706665,-0.053579818457365036,0.1410970389842987,0.42164722084999084,-0.06077851727604866,0.1246275082230568,0.7016043663024902,-0.03209778293967247,0.10217788815498352,0.6274800896644592,-0.04781292751431465,0.08861570805311203,0.577360212802887,-0.05367135629057884,0.07729566097259521,0.5277086496353149,-0.056383632123470306,4
0.8024985194206238,0.9711413383483887,3.4035366525131394e-07,0.864107072353363,0.9577112793922424,-0.023541074246168137,0.9128249287605286,0.8909821510314941,-0.034059420228004456,0.9441549181938171,0.8356084823608398,-0.043066393584012985,0.9735446572303772,0.8085874915122986,-0.052893005311489105,0.8798805475234985,0.7646536827087402,-0.029795123264193535,0.9115162491798401,0.6850255727767944,-0.04909384995698929,0.9321531057357788,0.630852460861206,-0.06377340853214264,0.9484160542488098,0.5826023817062378,-0.07511363178491592,0.8439233899116516,0.7453771233558655,-0.03167074918746948,0.8437457084655762,0.6411165595054626,-0.050220929086208344,0.8460648059844971,0.5716809034347534,-0.06528470665216446,0.8469398021697998,0.5095841884613037,-0.07668077200651169,0.8116344213485718,0.7535117864608765,-0.03579606115818024,0.8044880032539368,0.6577382683753967,-0.05517324060201645,0.8038687705993652,0.5938700437545776,-0.06878335773944855,0.8042440414428711,0.532872200012207,-0.07819585502147675,0.7838088274002075,0.7849578857421875,-0.041884031146764755,0.7603341341018677,0.7152991890907288,-0.06191377341747284,0.7469649314880371,0.6663475036621094,-0.07255376875400543,0.7376695275306702,0.6170403957366943,-0.07906346023082733,4
0.801335871219635,0.9702039957046509,3.519674862673128e-07,0.862767219543457,0.956875205039978,-0.02414684183895588,0.9112265110015869,0.8908305764198303,-0.03497409075498581,0.941956102848053,0.8351054787635803,-0.04411214590072632,0.971372127532959,0.8063613176345825,-0.054009102284908295,0.8776982426643372,0.7632386684417725,-0.030087418854236603,0.9093909859657288,0.6833437085151672,-0.04944686219096184,0.9301261901855469,0.6287925839424133,-0.06405417621135712,0.9462651014328003,0.5806494951248169,-0.07529108971357346,0.8416405916213989,0.7446230053901672,-0.03167649731040001,0.8415555357933044,0.6390323042869568,-0.050432559102773666,0.8440684676170349,0.5693702697753906,-0.06564784049987793,0.8450102806091309,0.5074908137321472,-0.07705530524253845,0.8095000982284546,0.7534651756286621,-0.035577159374952316,0.8020796775817871,0.6569784879684448,-0.05530662462115288,0.8015941977500916,0.5928211808204651,-0.06919117271900177,0.8021940588951111,0.5316985845565796,-0.07868961989879608,0.7818642258644104,0.7852746844291687,-0.041438039392232895,0.7593819499015808,0.7153521180152893,-0.061771683394908905,0.7463744878768921,0.6666991710662842,-0.07264833897352219,0.7373670935630798,0.6173121333122253,-0.07927487045526505,4
0.8001397252082825,0.9674915671348572,3.5012160992664576e-07,0.8611475825309753,0.9537516832351685,-0.02405213750898838,0.9096735715866089,0.8888803720474243,-0.0352039597928524,0.9406195282936096,0.8334017992019653,-0.04467795416712761,0.9702453017234802,0.8027075529098511,-0.05486882105469704,0.8765647411346436,0.7600467205047607,-0.0301227867603302,0.9078018665313721,0.6795318722724915,-0.049732957035303116,0.9281900525093079,0.625132143497467,-0.06444389373064041,0.943999171257019,0.57747483253479,-0.07562720775604248,0.8404843807220459,0.7418471574783325,-0.03176236152648926,0.8401507139205933,0.635800302028656,-0.05071677267551422,0.8421908617019653,0.5662680864334106,-0.06595420837402344,0.8426764607429504,0.5047518014907837,-0.07727374136447906,0.8083041310310364,0.7511407136917114,-0.035701945424079895,0.800885796546936,0.6543374061584473,-0.05553285777568817,0.799909770488739,0.5902692675590515,-0.06918877363204956,0.8000943064689636,0.5294185876846313,-0.07842616736888885,0.780727207660675,0.7834435701370239,-0.04157193750143051,0.758419394493103,0.7136549949645996,-0.0619041845202446,0.7454103231430054,0.6651307940483093,-0.07254140824079514,0.736322820186615,0.6158425807952881,-0.07887133210897446,4
0.800421416759491,0.9691842198371887,3.479347583379422e-07,0.8611239194869995,0.9547176957130432,-0.022885432466864586,0.9091733694076538,0.8867918252944946,-0.032910365611314774,0.9399458169937134,0.8311659097671509,-0.041420530527830124,0.9690075516700745,0.8034815192222595,-0.050665635615587234,0.8753352761268616,0.7601438164710999,-0.028601177036762238,0.9071125984191895,0.6796874403953552,-0.0472453273832798,0.9276304244995117,0.6251730918884277,-0.061283696442842484,0.9433831572532654,0.5776678323745728,-0.07214389741420746,0.8393747210502625,0.7421826124191284,-0.03044944815337658,0.8392819166183472,0.6366890668869019,-0.04878365620970726,0.8414796590805054,0.5669336318969727,-0.06367329508066177,0.8419945240020752,0.5055608153343201,-0.07478746026754379,0.8074572682380676,0.751377284526825,-0.034509457647800446,0.7999281883239746,0.6541179418563843,-0.05377943813800812,0.7991287708282471,0.5900454521179199,-0.06747516989707947,0.7993497848510742,0.5296787023544312,-0.07684031128883362,0.7800828218460083,0.7834807634353638,-0.040417175740003586,0.7575329542160034,0.7143102884292603,-0.06037554144859314,0.7447048425674438,0.6651841402053833,-0.07122207432985306,0.7358903884887695,0.6155445575714111,-0.07780499756336212,4
0.7988768815994263,0.9673151969909668,3.482452086700505e-07,0.8600800037384033,0.9532591104507446,-0.02362193539738655,0.9082459807395935,0.8867639899253845,-0.034233685582876205,0.9392853379249573,0.831569254398346,-0.04320492967963219,0.9691540002822876,0.8034298419952393,-0.05292534455657005,0.8743901252746582,0.7596184015274048,-0.02925785444676876,0.9062982201576233,0.679620623588562,-0.04805607721209526,0.9265710115432739,0.6249565482139587,-0.06217508763074875,0.9420633316040039,0.5772834420204163,-0.07312718778848648,0.838677167892456,0.7416852116584778,-0.030888540670275688,0.8383411169052124,0.6363508701324463,-0.04938732087612152,0.8403493762016296,0.5666331052780151,-0.06443280726671219,0.8406245112419128,0.5053050518035889,-0.07568727433681488,0.8067943453788757,0.7509431838989258,-0.03478025272488594,0.7990942597389221,0.6539804935455322,-0.05436059087514877,0.7983746528625488,0.5901081562042236,-0.068297378718853,0.798726499080658,0.5295886993408203,-0.07780580967664719,0.7796046137809753,0.7828133702278137,-0.040550597012043,0.7568960189819336,0.7139846682548523,-0.060919586569070816,0.7440663576126099,0.6649070978164673,-0.07208112627267838,0.7352367639541626,0.6150515079498291,-0.0788753405213356,4
0.7998949885368347,0.9674362540245056,3.463210020981933e-07,0.8608401417732239,0.9525484442710876,-0.023328332230448723,0.9083688855171204,0.8850876092910767,-0.033602774143218994,0.9386804103851318,0.8285111784934998,-0.04232363775372505,0.9685146808624268,0.8005681037902832,-0.05180344730615616,0.8740212917327881,0.7578220367431641,-0.02822224795818329,0.9051203727722168,0.6778485178947449,-0.046920046210289,0.9250205159187317,0.6233052611351013,-0.06120947375893593,0.9402461051940918,0.5752180814743042,-0.07229258865118027,0.8384609818458557,0.7405737638473511,-0.03005978837609291,0.838216245174408,0.6350198984146118,-0.048217274248600006,0.8400269746780396,0.5658659934997559,-0.06314083933830261,0.8402092456817627,0.5043607354164124,-0.07438477128744125,0.8066206574440002,0.7505647540092468,-0.0342162549495697,0.7994471192359924,0.65436851978302,-0.05356771871447563,0.7984985709190369,0.5902051329612732,-0.06729773432016373,0.798398494720459,0.5293225646018982,-0.07666552066802979,0.7791438102722168,0.7830608487129211,-0.04027661308646202,0.7569355964660645,0.7128443717956543,-0.06037019193172455,0.744094967842102,0.6637683510780334,-0.07112983614206314,0.7349825501441956,0.6139827370643616,-0.0776761993765831,4
0.8001391291618347,0.9673547744750977,3.47140741041585e-07,0.8607518672943115,0.9523525834083557,-0.02346237562596798,0.9083558917045593,0.8855324387550354,-0.03394138440489769,0.9390408396720886,0.8296084403991699,-0.04285098984837532,0.9683343172073364,0.8013648390769958,-0.052541203796863556,0.8744798302650452,0.759166419506073,-0.028830479830503464,0.905396580696106,0.6786115765571594,-0.04779007285833359,0.9253444671630859,0.6238034963607788,-0.06220462918281555,0.9407969117164612,0.575822114944458,-0.07337014377117157,0.8389192223548889,0.7417328953742981,-0.030642881989479065,0.8382998108863831,0.6361821293830872,-0.04922522231936455,0.839962899684906,0.5663602352142334,-0.06448404490947723,0.8402946591377258,0.504390299320221,-0.07592133432626724,0.8070195317268372,0.7514248490333557,-0.03473493456840515,0.7999328970909119,0.6542932987213135,-0.054435014724731445,0.7992056608200073,0.5901269316673279,-0.06840767711400986,0.7995359897613525,0.5291879177093506,-0.07792675495147705,0.7796331644058228,0.7835000157356262,-0.040705785155296326,0.7573057413101196,0.7139674425125122,-0.061175599694252014,0.7445069551467896,0.6648513078689575,-0.07223302870988846,0.7355735898017883,0.6149910688400269,-0.07894156873226166,4
0.7998555898666382,0.9664305448532104,3.445418883529783e-07,0.8610232472419739,0.9521394968032837,-0.023373112082481384,0.9086383581161499,0.8848732709884644,-0.033567097038030624,0.9393284916877747,0.8297377824783325,-0.04217920079827309,0.9683001637458801,0.8004794716835022,-0.051560282707214355,0.8749216198921204,0.7581276893615723,-0.028645750135183334,0.9059545397758484,0.6775174736976624,-0.0474005788564682,0.9259524345397949,0.6226587295532227,-0.0615985132753849,0.9412023425102234,0.5747368335723877,-0.07263350486755371,0.8392998576164246,0.7409340739250183,-0.030417675152420998,0.8386995196342468,0.6357449293136597,-0.04895630106329918,0.8405734300613403,0.5660678744316101,-0.0642053410410881,0.8408620953559875,0.5043940544128418,-0.07564254850149155,0.8075372576713562,0.7507973909378052,-0.034495048224925995,0.800285279750824,0.6543124318122864,-0.054226092994213104,0.7995402216911316,0.5902835130691528,-0.06845439970493317,0.7997568845748901,0.5292668342590332,-0.07816664129495621,0.7803349494934082,0.7828682065010071,-0.04043155908584595,0.7577319145202637,0.714155912399292,-0.06107946112751961,0.7447144389152527,0.6652705669403076,-0.07247118651866913,0.7356833815574646,0.6154370307922363,-0.07942093908786774,4
0.801730751991272,0.9667357206344604,3.41606153142493e-07,0.8625795245170593,0.9512697458267212,-0.02287297509610653,0.9097346067428589,0.8842028975486755,-0.03310120478272438,0.9402344822883606,0.8285210728645325,-0.041905030608177185,0.9696133136749268,0.7991993427276611,-0.051503587514162064,0.8761428594589233,0.7575185894966125,-0.028156936168670654,0.9068558216094971,0.677160382270813,-0.04698802903294563,0.9265272617340088,0.6222043633460999,-0.06133958697319031,0.9416134357452393,0.5740828514099121,-0.07244312763214111,0.8407781720161438,0.7405341863632202,-0.030320845544338226,0.8400192856788635,0.6350244879722595,-0.04868084192276001,0.8417930006980896,0.5655485987663269,-0.0637345016002655,0.8421258330345154,0.5039780139923096,-0.0750373899936676,0.8090595602989197,0.7508609890937805,-0.034768082201480865,0.8015317320823669,0.6540788412094116,-0.05428187549114227,0.8007417917251587,0.5898985862731934,-0.06803007423877716,0.8011307120323181,0.5291827917098999,-0.07740955054759979,0.7819327712059021,0.7836434245109558,-0.041072942316532135,0.759239137172699,0.7138795852661133,-0.06139865890145302,0.7463769912719727,0.6647452116012573,-0.07225125283002853,0.7375794649124146,0.615150511264801,-0.07881339639425278,4
0.8019199967384338,0.9658359885215759,3.365065595062333e-07,0.8624091744422913,0.9516974687576294,-0.02199641242623329,0.9104196429252625,0.8857983350753784,-0.03164633736014366,0.9412237405776978,0.8309993743896484,-0.03993451967835426,0.9698878526687622,0.802325963973999,-0.04907268285751343,0.8776044845581055,0.758059561252594,-0.0275738388299942,0.908867597579956,0.6780089139938354,-0.04588039591908455,0.9286171197891235,0.6233792304992676,-0.05977851524949074,0.9437347054481506,0.5759112238883972,-0.07052391022443771,0.8421760201454163,0.7413424253463745,-0.029856577515602112,0.8418515920639038,0.6353984475135803,-0.04767840728163719,0.8439255952835083,0.5659975409507751,-0.062481727451086044,0.8445410132408142,0.5050591230392456,-0.07361305505037308,0.8104286789894104,0.7514108419418335,-0.03427344560623169,0.8033446073532104,0.6540809273719788,-0.053349461406469345,0.8028570413589478,0.5899484157562256,-0.06707616150379181,0.8033723831176758,0.5300885438919067,-0.07644613087177277,0.7831077575683594,0.7837563157081604,-0.04042741656303406,0.7609086036682129,0.7132595777511597,-0.06052953377366066,0.7480254769325256,0.6638754606246948,-0.07130464166402817,0.7389650344848633,0.6147269606590271,-0.07775287330150604,4
0.8007568717002869,0.965808629989624,3.3863062753880513e-07,0.8620480895042419,0.9524643421173096,-0.022408897057175636,0.9108992218971252,0.8868211507797241,-0.03240109235048294,0.9417729377746582,0.8317409157752991,-0.04099724814295769,0.9705318212509155,0.8022259473800659,-0.05043194070458412,0.8778635263442993,0.7589478492736816,-0.02803308703005314,0.9089888334274292,0.6787260174751282,-0.046629536896944046,0.9288917183876038,0.6241976022720337,-0.06074393913149834,0.9442105889320374,0.5764833688735962,-0.0716380700469017,0.8424317836761475,0.7420793175697327,-0.030236294493079185,0.8421105742454529,0.6362577676773071,-0.04858958348631859,0.8443626761436462,0.5662921667098999,-0.06384763866662979,0.8448970317840576,0.5045546293258667,-0.07525419443845749,0.8107696175575256,0.7517325282096863,-0.03459639847278595,0.8032593131065369,0.6553791761398315,-0.05401928350329399,0.8027260899543762,0.5910263061523438,-0.06794948130846024,0.8029943704605103,0.5306093692779541,-0.07739797234535217,0.7836393713951111,0.7834304571151733,-0.040731031447649,0.7615352869033813,0.7135044932365417,-0.060810208320617676,0.7488052248954773,0.6641411185264587,-0.07164881378412247,0.7398319244384766,0.6146125793457031,-0.07816798239946365,4
0.8008420467376709,0.965634822845459,3.426127648253896e-07,0.8625504374504089,0.9533171057701111,-0.022824585437774658,0.9107449054718018,0.8870614767074585,-0.032887719571590424,0.941047191619873,0.8312605619430542,-0.04142652824521065,0.9701927304267883,0.8022811412811279,-0.0507783479988575,0.8779585361480713,0.7593234777450562,-0.028520574793219566,0.9093348979949951,0.6786539554595947,-0.047155074775218964,0.92938631772995,0.6237465739250183,-0.06109489127993584,0.9446283578872681,0.5762770175933838,-0.07190629094839096,0.8423754572868347,0.7424535751342773,-0.03048016130924225,0.842076301574707,0.6365543603897095,-0.04913899675011635,0.844357430934906,0.5666365623474121,-0.06435096263885498,0.8449193239212036,0.5051141977310181,-0.07565535604953766,0.8106318116188049,0.7523666024208069,-0.03464594483375549,0.8030748963356018,0.6550865769386292,-0.05446165055036545,0.8028026819229126,0.5907007455825806,-0.06856787204742432,0.8035320043563843,0.5301244258880615,-0.07809723168611526,0.783507227897644,0.7843414545059204,-0.040581874549388885,0.761496901512146,0.7145746350288391,-0.061166778206825256,0.7490465641021729,0.6650874614715576,-0.0724082663655281,0.7404956817626953,0.6152951717376709,-0.07918322831392288,4
0.8019206523895264,0.9655948281288147,3.393593885903101e-07,0.8631292581558228,0.951903223991394,-0.022619107738137245,0.9111018180847168,0.8868647217750549,-0.03305014222860336,0.9412603974342346,0.8324201703071594,-0.04208597168326378,0.9699414968490601,0.8018590807914734,-0.05203909054398537,0.8784967660903931,0.7594816088676453,-0.028981585055589676,0.9092960357666016,0.6784911155700684,-0.04815813526511192,0.9290344715118408,0.623532772064209,-0.06247229501605034,0.9440260529518127,0.5757555961608887,-0.07351060211658478,0.8428856134414673,0.7435316443443298,-0.03139551356434822,0.8422793745994568,0.6377755403518677,-0.050674617290496826,0.8445301651954651,0.5674536228179932,-0.06638151407241821,0.8452291488647461,0.5051174163818359,-0.07807939499616623,0.8109853863716125,0.7541468739509583,-0.036003801971673965,0.8035970330238342,0.656534731388092,-0.05649751424789429,0.8031646013259888,0.5913711190223694,-0.07096707075834274,0.8038146495819092,0.5301225185394287,-0.08070634305477142,0.783846378326416,0.7863683104515076,-0.0423128716647625,0.7620314955711365,0.7154442071914673,-0.06360256671905518,0.7494913339614868,0.6651881337165833,-0.0751156210899353,0.7408412098884583,0.6147985458374023,-0.08202281594276428,4
0.8033683896064758,0.9685450792312622,3.490074789169739e-07,0.8641043901443481,0.9549664258956909,-0.02283504232764244,0.9110373258590698,0.8887543082237244,-0.032823383808135986,0.9414160847663879,0.8337794542312622,-0.041359394788742065,0.9695727825164795,0.80418461561203,-0.050635918974876404,0.8775399327278137,0.7602523565292358,-0.027750633656978607,0.9086229801177979,0.6803438663482666,-0.04629484936594963,0.9285813570022583,0.6256335377693176,-0.06034618616104126,0.9436212778091431,0.5780184864997864,-0.07126390188932419,0.8421035408973694,0.7432603240013123,-0.029731309041380882,0.8415240049362183,0.638498067855835,-0.04826108366250992,0.8436708450317383,0.5687954425811768,-0.0635012835264206,0.84408038854599,0.5074353218078613,-0.0748433917760849,0.8105873465538025,0.753278374671936,-0.03399119898676872,0.8027603030204773,0.6567037105560303,-0.05376676470041275,0.802243709564209,0.5924845933914185,-0.06800757348537445,0.8026407361030579,0.5320501327514648,-0.077618308365345,0.7836594581604004,0.7855833172798157,-0.04005487263202667,0.7612488269805908,0.7167706489562988,-0.06067957729101181,0.7485297322273254,0.6671831607818604,-0.07207042723894119,0.7397271394729614,0.6172990798950195,-0.07895170152187347,4
0.8031389117240906,0.9685841798782349,3.457998616340774e-07,0.8639822602272034,0.9549591541290283,-0.022397808730602264,0.9110199809074402,0.8875775933265686,-0.03193081542849541,0.9413343667984009,0.8321322202682495,-0.04007512703537941,0.9701167941093445,0.8050327301025391,-0.049025993794202805,0.8777549862861633,0.7593188881874084,-0.026910802349448204,0.9084017872810364,0.678726851940155,-0.044997986406087875,0.9281703233718872,0.6239573359489441,-0.0588253028690815,0.9430739879608154,0.5765575766563416,-0.06960422545671463,0.8421587347984314,0.7432189583778381,-0.028959650546312332,0.8414158821105957,0.6378769874572754,-0.04696084186434746,0.84344881772995,0.5681610107421875,-0.06199238449335098,0.8438698649406433,0.5066779851913452,-0.07323571294546127,0.810520589351654,0.7536241412162781,-0.03327026590704918,0.8030411005020142,0.6567898988723755,-0.052528489381074905,0.8025597929954529,0.5924501419067383,-0.06664452701807022,0.8029298186302185,0.531792402267456,-0.07621905952692032,0.7833834290504456,0.7858580350875854,-0.039373137056827545,0.7616198658943176,0.7163107395172119,-0.059505220502614975,0.7491921186447144,0.6668478846549988,-0.07066743075847626,0.7405283451080322,0.6169130802154541,-0.07745769619941711,4
0.8026907444000244,0.9669098854064941,3.498918488276104e-07,0.8635047674179077,0.9520954489707947,-0.023061096668243408,0.9107279777526855,0.8859544992446899,-0.03331569582223892,0.9406442642211914,0.8300914168357849,-0.042065903544425964,0.9699463844299316,0.8001829385757446,-0.05147508159279823,0.8767626285552979,0.7568289637565613,-0.027188530191779137,0.9075262546539307,0.6769830584526062,-0.045538872480392456,0.9271278381347656,0.6222463846206665,-0.059642668813467026,0.9419340491294861,0.5746334195137024,-0.07054568082094193,0.8415108323097229,0.7403414845466614,-0.02908458188176155,0.8408239483833313,0.6351543664932251,-0.04690002277493477,0.8428122997283936,0.5658706426620483,-0.06162698194384575,0.8432819247245789,0.5049468278884888,-0.07264085114002228,0.8100823163986206,0.7510207891464233,-0.03333785757422447,0.8029069900512695,0.6541656851768494,-0.05254010856151581,0.8021609783172607,0.5904833674430847,-0.06612720340490341,0.802424967288971,0.5305469036102295,-0.07527785748243332,0.7832050919532776,0.7840251922607422,-0.039466045796871185,0.7615418434143066,0.7144796252250671,-0.059604134410619736,0.7489718198776245,0.6653096079826355,-0.07038447260856628,0.740043044090271,0.6156553030014038,-0.07679328322410583,4
0.801930844783783,0.9659056067466736,3.3800367305047985e-07,0.8622627258300781,0.9512342214584351,-0.02259712480008602,0.9098060131072998,0.8856563568115234,-0.03302929922938347,0.9405772089958191,0.8318429589271545,-0.042097900062799454,0.969643771648407,0.8025177121162415,-0.05203447490930557,0.8766688704490662,0.7578330636024475,-0.028414972126483917,0.9071837663650513,0.6774440407752991,-0.04737207293510437,0.9263287782669067,0.6224123239517212,-0.06171257048845291,0.9407503604888916,0.5741822123527527,-0.0728132501244545,0.8413015604019165,0.7424108386039734,-0.030770087614655495,0.8403142690658569,0.6378591656684875,-0.04977504536509514,0.8420979976654053,0.5679700970649719,-0.06542464345693588,0.8423356413841248,0.5054631233215332,-0.07706339657306671,0.8097460269927979,0.7535570859909058,-0.03530856966972351,0.8020607829093933,0.656462550163269,-0.05535650625824928,0.8012194037437439,0.5918943285942078,-0.06960997730493546,0.8014174699783325,0.5305448770523071,-0.07922012358903885,0.7829201221466064,0.7867530584335327,-0.041594576090574265,0.761076807975769,0.7173336148262024,-0.06228455528616905,0.7486158609390259,0.6675591468811035,-0.0734814926981926,0.7399595379829407,0.6171756982803345,-0.08020368218421936,4
0.801496684551239,0.9681920409202576,3.4930317838188785e-07,0.8621967434883118,0.952528715133667,-0.02295721508562565,0.9096387624740601,0.8851366639137268,-0.03311088681221008,0.9400999546051025,0.8297802805900574,-0.04176682233810425,0.969742476940155,0.8020585775375366,-0.051183488219976425,0.8754146695137024,0.7583315968513489,-0.027674036100506783,0.906144380569458,0.677558422088623,-0.04608475789427757,0.9254962801933289,0.6225581169128418,-0.060144275426864624,0.9402655959129333,0.5748758316040039,-0.07103472948074341,0.8397804498672485,0.7418786883354187,-0.02960341051220894,0.8393588066101074,0.6368010640144348,-0.04779281094670296,0.8413528800010681,0.5668275356292725,-0.06294365972280502,0.8417736291885376,0.5052872896194458,-0.07420773059129715,0.808169960975647,0.7523587346076965,-0.03380083665251732,0.8013227581977844,0.6559277176856995,-0.05321444571018219,0.8008341789245605,0.5917719602584839,-0.06725143641233444,0.8012269139289856,0.5313445329666138,-0.07670985162258148,0.7813592553138733,0.78514564037323,-0.03982415050268173,0.7599145174026489,0.7162523865699768,-0.05995522439479828,0.7474242448806763,0.6671240329742432,-0.0708935484290123,0.7386192679405212,0.6176023483276367,-0.07746095210313797,4
0.8003544807434082,0.9662650227546692,3.4204913390567526e-07,0.8610900044441223,0.9520006775856018,-0.022694382816553116,0.9088032841682434,0.8858460187911987,-0.03273150697350502,0.9389640092849731,0.8302839994430542,-0.04131019860506058,0.9682704210281372,0.8002550601959229,-0.05065065994858742,0.8751545548439026,0.7574242949485779,-0.027273081243038177,0.905470073223114,0.6772794723510742,-0.04572240263223648,0.9248208999633789,0.6220937371253967,-0.05975741893053055,0.9394550323486328,0.5743594765663147,-0.07060206681489944,0.8396801352500916,0.7408631443977356,-0.02926723286509514,0.8390473127365112,0.6360783576965332,-0.0475643128156662,0.8408063650131226,0.5663570761680603,-0.06273294985294342,0.8409525752067566,0.5047900676727295,-0.07397126406431198,0.8081493973731995,0.7511370182037354,-0.033519066870212555,0.8009394407272339,0.6546869874000549,-0.05304213613271713,0.800013542175293,0.5906392931938171,-0.06690522283315659,0.8001812696456909,0.5300664305686951,-0.0762091875076294,0.7812918424606323,0.7836979031562805,-0.03955579921603203,0.7597231864929199,0.7146245241165161,-0.05980559438467026,0.7472939491271973,0.6655675172805786,-0.07064340263605118,0.7387169003486633,0.6160597801208496,-0.07706324756145477,4
0.8009527921676636,0.9681531190872192,3.412166336147493e-07,0.8609620928764343,0.9539254903793335,-0.022836675867438316,0.9085479974746704,0.8883366584777832,-0.033272869884967804,0.9394105672836304,0.8321806192398071,-0.042265377938747406,0.9684053063392639,0.8023260235786438,-0.05208703875541687,0.8746882081031799,0.7605307102203369,-0.02861202508211136,0.9055391550064087,0.6792891621589661,-0.04749365150928497,0.9249782562255859,0.624171257019043,-0.061703138053417206,0.9399662017822266,0.5761024355888367,-0.07263730466365814,0.8395395874977112,0.744184672832489,-0.030719704926013947,0.8391880989074707,0.6387044191360474,-0.04944734275341034,0.8414062857627869,0.5685217976570129,-0.06474075466394424,0.8420938849449158,0.5063986778259277,-0.07607575505971909,0.8082747459411621,0.7545446753501892,-0.0350114069879055,0.8010442852973938,0.6576985120773315,-0.054743848741054535,0.8004722595214844,0.5933735370635986,-0.06866810470819473,0.8009287118911743,0.5326486229896545,-0.07804007083177567,0.7817714214324951,0.7871367931365967,-0.04110069200396538,0.7598455548286438,0.7175430059432983,-0.06148705631494522,0.7474512457847595,0.6680131554603577,-0.07245665043592453,0.7388507127761841,0.6182268857955933,-0.07901683449745178,4
0.3665813207626343,0.6762517690658569,5.239759275355027e-07,0.43595626950263977,0.7082592844963074,-0.02606762945652008,0.5112147927284241,0.6807548999786377,-0.03505397588014603,0.5697840452194214,0.6585314273834229,-0.04263465106487274,0.6148404479026794,0.6595395803451538,-0.04979115352034569,0.5229461193084717,0.5180962085723877,-0.01796906441450119,0.589500367641449,0.4772120714187622,-0.0369577594101429,0.6326426863670349,0.4459560811519623,-0.053333669900894165,0.6677956581115723,0.4188840389251709,-0.0654352605342865,0.4967326521873474,0.4564110040664673,-0.01998152583837509,0.5500043630599976,0.35841748118400574,-0.03661266714334488,0.5839945673942566,0.2969374656677246,-0.05125321075320244,0.6123966574668884,0.24230647087097168,-0.06185676157474518,0.46218523383140564,0.42392534017562866,-0.026017392054200172,0.5041954517364502,0.3249031901359558,-0.04524504020810127,0.535119354724884,0.26444005966186523,-0.0592709518969059,0.5632421374320984,0.21160674095153809,-0.06836875528097153,0.41972652077674866,0.4156875014305115,-0.034662432968616486,0.428995281457901,0.320675790309906,-0.05442796275019646,0.4380474090576172,0.2564607858657837,-0.06352528184652328,0.4496162533760071,0.19650694727897644,-0.06861071288585663,4
0.366665780544281,0.6735377311706543,5.209149094298482e-07,0.4365060329437256,0.70452880859375,-0.025324853137135506,0.5115167498588562,0.6759819984436035,-0.03385112062096596,0.5697516798973083,0.6549084782600403,-0.041116416454315186,0.6143096089363098,0.6584335565567017,-0.04813201725482941,0.5226268768310547,0.5149915218353271,-0.01744462177157402,0.5892662405967712,0.4742174744606018,-0.03584697097539902,0.6322431564331055,0.442213237285614,-0.051884062588214874,0.667412519454956,0.4137900471687317,-0.06394952535629272,0.49619007110595703,0.4534723162651062,-0.01965997740626335,0.549092710018158,0.356533944606781,-0.03589584678411484,0.5827645659446716,0.2954089045524597,-0.05037448927760124,0.6109969615936279,0.24067124724388123,-0.0610363632440567,0.4615173935890198,0.42087188363075256,-0.025817837566137314,0.5035069584846497,0.32248079776763916,-0.044707290828228,0.5342371463775635,0.26206469535827637,-0.05882154777646065,0.5619795322418213,0.2091083824634552,-0.0681309700012207,0.41890984773635864,0.412136971950531,-0.034519437700510025,0.4286973774433136,0.31738388538360596,-0.05408686399459839,0.4379086494445801,0.253200501203537,-0.06330109387636185,0.44939807057380676,0.19322481751441956,-0.06861646473407745,4
0.36632347106933594,0.673136830329895,5.191070044929802e-07,0.4365329444408417,0.7044073939323425,-0.02537326142191887,0.5117642283439636,0.6751278638839722,-0.03372889384627342,0.5698637962341309,0.6541908383369446,-0.040847692638635635,0.6142011880874634,0.6570192575454712,-0.04769091308116913,0.5232725739479065,0.5143322944641113,-0.01678388938307762,0.5891349911689758,0.4721541702747345,-0.035268887877464294,0.631763219833374,0.4400041699409485,-0.05158090591430664,0.6669818758964539,0.4120534062385559,-0.06384266167879105,0.4966496527194977,0.4527048170566559,-0.01902221329510212,0.5486814379692078,0.35575681924819946,-0.035269126296043396,0.5825480818748474,0.2945064604282379,-0.05015283077955246,0.6114563345909119,0.2396465539932251,-0.061169274151325226,0.4618073105812073,0.42037737369537354,-0.0252741239964962,0.5028671622276306,0.32271406054496765,-0.04418405890464783,0.5335284471511841,0.2621381878852844,-0.058623235672712326,0.5616081953048706,0.20891159772872925,-0.0682046115398407,0.4191037118434906,0.41207462549209595,-0.03411123529076576,0.4284786880016327,0.3178108334541321,-0.05375077575445175,0.4376511573791504,0.25330430269241333,-0.0632094070315361,0.4492998719215393,0.1927095651626587,-0.068744957447052,4
0.36749598383903503,0.670052170753479,5.205423576626345e-07,0.4371054470539093,0.7020339965820312,-0.02592652104794979,0.5119638442993164,0.6742833256721497,-0.034816447645425797,0.5699982643127441,0.6534982919692993,-0.04238767549395561,0.6144028306007385,0.656194269657135,-0.049707625061273575,0.523719072341919,0.5125250816345215,-0.017987694591283798,0.5894783735275269,0.4703681766986847,-0.03697739541530609,0.6323527097702026,0.43909281492233276,-0.05367037653923035,0.667839765548706,0.4114146828651428,-0.06615053862333298,0.4972649812698364,0.45139020681381226,-0.020113617181777954,0.549170732498169,0.35455626249313354,-0.03659386187791824,0.582626461982727,0.2929019331932068,-0.05163683742284775,0.6109734773635864,0.23757049441337585,-0.06279774010181427,0.4624832272529602,0.4190937578678131,-0.02624649368226528,0.5037176012992859,0.3216777443885803,-0.04528142884373665,0.5343389511108398,0.2607412338256836,-0.05967186018824577,0.5622460246086121,0.20724797248840332,-0.06924407184123993,0.419759601354599,0.41058647632598877,-0.03501233085989952,0.4292548894882202,0.3164285719394684,-0.054722897708415985,0.43852871656417847,0.25256478786468506,-0.06407759338617325,0.4502648115158081,0.19292861223220825,-0.06953101605176926,4
0.36673882603645325,0.666188657283783,5.260367856863013e-07,0.435475617647171,0.6981565356254578,-0.026471009477972984,0.5101672410964966,0.670697808265686,-0.036001965403556824,0.5684604048728943,0.6503286361694336,-0.043994445353746414,0.6127932071685791,0.654067873954773,-0.05172109976410866,0.52168869972229,0.5098466873168945,-0.020085753872990608,0.5879497528076172,0.4678281843662262,-0.03963553532958031,0.6313431859016418,0.4361574649810791,-0.056462451815605164,0.6672356128692627,0.4080642759799957,-0.06899301707744598,0.49556028842926025,0.4478592276573181,-0.02196294069290161,0.5479716658592224,0.351531058549881,-0.03880792483687401,0.5812199711799622,0.2900221347808838,-0.05362298712134361,0.6091435551643372,0.23483291268348694,-0.06459963321685791,0.4610770046710968,0.41508665680885315,-0.027769319713115692,0.502332329750061,0.3172075152397156,-0.04699397087097168,0.5330730676651001,0.2568666636943817,-0.06098214164376259,0.5609384775161743,0.2040749490261078,-0.0702759325504303,0.4186219573020935,0.4063749313354492,-0.03623282164335251,0.42856287956237793,0.31214988231658936,-0.055947206914424896,0.4380021095275879,0.24856004118919373,-0.06506208330392838,0.44978034496307373,0.18940475583076477,-0.07035035640001297,4
0.365272581577301,0.6646965742111206,5.26872440786974e-07,0.4340605139732361,0.6949665546417236,-0.02566608227789402,0.5087348222732544,0.6663258075714111,-0.03483280912041664,0.5667364001274109,0.6456838250160217,-0.04266329109668732,0.6110191345214844,0.6492078304290771,-0.05031994357705116,0.5188068151473999,0.5061125755310059,-0.01888805627822876,0.5843123197555542,0.4632127285003662,-0.038724202662706375,0.6278474926948547,0.43319326639175415,-0.05603393539786339,0.6644297242164612,0.40722906589508057,-0.06873925030231476,0.4930453598499298,0.44509291648864746,-0.021059544757008553,0.5458226203918457,0.34854361414909363,-0.037682563066482544,0.5798104405403137,0.28686976432800293,-0.05274562910199165,0.6088275909423828,0.23138442635536194,-0.06392643600702286,0.45904672145843506,0.41290128231048584,-0.02716173604130745,0.5005755424499512,0.31531861424446106,-0.04606770724058151,0.5312862396240234,0.2546336352825165,-0.06015784293413162,0.5592684745788574,0.20128175616264343,-0.06954270601272583,0.41695618629455566,0.4043007791042328,-0.03588523343205452,0.42667752504348755,0.31035423278808594,-0.05521443486213684,0.4357839822769165,0.24661201238632202,-0.06423216313123703,0.44719505310058594,0.18683135509490967,-0.06949088722467422,4
0.3626568615436554,0.6609635353088379,5.347971523406159e-07,0.43145811557769775,0.6890166997909546,-0.026142792776226997,0.5057820081710815,0.6595460176467896,-0.03549116104841232,0.5638630986213684,0.636019766330719,-0.04331372678279877,0.6086104512214661,0.6345807313919067,-0.05080614611506462,0.514502763748169,0.4988363981246948,-0.019101835787296295,0.5809910297393799,0.4550632834434509,-0.038962360471487045,0.6250343322753906,0.4249977171421051,-0.056074757128953934,0.6616503000259399,0.3993000090122223,-0.0684407651424408,0.4887025058269501,0.43869727849960327,-0.02080535516142845,0.541031002998352,0.34065431356430054,-0.03752642869949341,0.5744758248329163,0.2781045138835907,-0.05254597216844559,0.6025631427764893,0.2217468023300171,-0.06358125060796738,0.454965204000473,0.4074137210845947,-0.02645396627485752,0.4956801235675812,0.30886685848236084,-0.04529283568263054,0.5259314179420471,0.2477034479379654,-0.0589902363717556,0.5532150864601135,0.1940147578716278,-0.06797927618026733,0.41301965713500977,0.3996604382991791,-0.03474847599864006,0.422588050365448,0.3046879768371582,-0.053729962557554245,0.43187788128852844,0.2409782111644745,-0.062245309352874756,0.44325509667396545,0.18144497275352478,-0.06703297048807144,4
0.36144718527793884,0.655670166015625,5.39307279723289e-07,0.430040180683136,0.682540237903595,-0.027419207617640495,0.504196047782898,0.6526365280151367,-0.037435952574014664,0.5637024641036987,0.6263380646705627,-0.04589676856994629,0.6105396747589111,0.6203922629356384,-0.05393373593688011,0.511288046836853,0.48735588788986206,-0.018293986096978188,0.5769346356391907,0.4426884651184082,-0.038637675344944,0.6206539273262024,0.41414955258369446,-0.05637781694531441,0.6573764681816101,0.39091992378234863,-0.06904129683971405,0.48518332839012146,0.42888206243515015,-0.01948985457420349,0.5360052585601807,0.3301559388637543,-0.03627234324812889,0.5693456530570984,0.26756906509399414,-0.0517052486538887,0.5977303981781006,0.21224495768547058,-0.06309349834918976,0.45133426785469055,0.3989768922328949,-0.024983761832118034,0.49125444889068604,0.3007046580314636,-0.04421183839440346,0.5211564302444458,0.23886322975158691,-0.05821974575519562,0.5485430955886841,0.1850118637084961,-0.06738009303808212,0.4096263349056244,0.3923867642879486,-0.03327617794275284,0.4185572862625122,0.29844242334365845,-0.05280254781246185,0.4271714687347412,0.23448261618614197,-0.06165844947099686,0.43791455030441284,0.17451635003089905,-0.06659489125013351,4
0.3591826856136322,0.6498803496360779,5.458292662297026e-07,0.4280463755130768,0.6778417229652405,-0.028823671862483025,0.5026370882987976,0.6495242714881897,-0.03981928899884224,0.5622409582138062,0.6228909492492676,-0.048972222954034805,0.6092774868011475,0.6158698201179504,-0.057686496526002884,0.5102022290229797,0.4831530749797821,-0.020513897761702538,0.5758910179138184,0.43952256441116333,-0.04170399159193039,0.6195427775382996,0.4096125364303589,-0.06013399735093117,0.6563699245452881,0.384071409702301,-0.07340805977582932,0.48401421308517456,0.4238138496875763,-0.021404879167675972,0.5345979928970337,0.325320839881897,-0.03904422000050545,0.567970871925354,0.26280826330184937,-0.05490383133292198,0.596457839012146,0.20731213688850403,-0.06656470894813538,0.44981274008750916,0.39390748739242554,-0.02662743628025055,0.4893891215324402,0.29536914825439453,-0.0467076376080513,0.5192592144012451,0.233777716755867,-0.06091387942433357,0.5466455221176147,0.17997464537620544,-0.07012404501438141,0.4078638553619385,0.38814669847488403,-0.034736987203359604,0.41680529713630676,0.2948912978172302,-0.05515382066369057,0.42529505491256714,0.23133355379104614,-0.06433062255382538,0.4359099268913269,0.17153400182724,-0.06937252730131149,4
0.3598352372646332,0.6479361057281494,5.422224376161466e-07,0.4278562366962433,0.6762474775314331,-0.028944849967956543,0.5030387043952942,0.6471469402313232,-0.03953573852777481,0.5627524852752686,0.6205183267593384,-0.04820733144879341,0.6097741723060608,0.6145884990692139,-0.05642927438020706,0.5106369256973267,0.48220816254615784,-0.020360179245471954,0.5763139128684998,0.438795268535614,-0.04100286588072777,0.6197150945663452,0.4092716872692108,-0.058930978178977966,0.6562302112579346,0.3840908408164978,-0.07187343388795853,0.4842860698699951,0.42302799224853516,-0.02104269340634346,0.53468918800354,0.3249896764755249,-0.03825546056032181,0.5677670240402222,0.26284798979759216,-0.05380837991833687,0.5959625244140625,0.20757782459259033,-0.06528811156749725,0.4500199556350708,0.39299264550209045,-0.0260703656822443,0.48941677808761597,0.2949163317680359,-0.045859791338443756,0.5191951990127563,0.23374921083450317,-0.05987303704023361,0.5463653206825256,0.18045347929000854,-0.06896131485700607,0.4079853892326355,0.3865576386451721,-0.03400413319468498,0.4170354902744293,0.2927090525627136,-0.054118797183036804,0.4257712662220001,0.22898785769939423,-0.06312520802021027,0.4366719722747803,0.16929835081100464,-0.06810054928064346,4
0.36011064052581787,0.6472154855728149,5.374312195272068e-07,0.4280221164226532,0.6762670278549194,-0.029326099902391434,0.5039098858833313,0.6473921537399292,-0.03988787159323692,0.5640026926994324,0.6204736828804016,-0.04843800514936447,0.6111030578613281,0.614075243473053,-0.05648231878876686,0.5116673111915588,0.48143041133880615,-0.02040712535381317,0.5774055123329163,0.437903493642807,-0.04092149809002876,0.620826244354248,0.4078475832939148,-0.0587775744497776,0.6572583913803101,0.38219061493873596,-0.07171410322189331,0.48524296283721924,0.42231377959251404,-0.020958680659532547,0.5353038907051086,0.32345670461654663,-0.03806781768798828,0.5682626366615295,0.2613055109977722,-0.05351823568344116,0.5962738990783691,0.2063610553741455,-0.06494129449129105,0.4508201479911804,0.39248335361480713,-0.02591189555823803,0.49016374349594116,0.2942553758621216,-0.0456431582570076,0.5200735926628113,0.23333711922168732,-0.05957299843430519,0.5473962426185608,0.180238276720047,-0.0686454027891159,0.40860986709594727,0.3860987424850464,-0.0338263064622879,0.4177294969558716,0.29209303855895996,-0.05398902669548988,0.4265625476837158,0.22852382063865662,-0.06305768340826035,0.4376824200153351,0.16881871223449707,-0.06810544431209564,4
0.36162862181663513,0.6471728682518005,5.365263859857805e-07,0.4295712113380432,0.6753218173980713,-0.029644273221492767,0.5054228901863098,0.6460966467857361,-0.04053713381290436,0.5659558176994324,0.6196610927581787,-0.04936274141073227,0.613420844078064,0.6138795614242554,-0.05773314833641052,0.5131194591522217,0.48110589385032654,-0.020849594846367836,0.5783597230911255,0.43758919835090637,-0.04158614203333855,0.6212767958641052,0.40782642364501953,-0.05970275029540062,0.6575310230255127,0.3820021152496338,-0.07286565750837326,0.486532062292099,0.42208123207092285,-0.021379491314291954,0.5364465117454529,0.32344746589660645,-0.03861691430211067,0.5690604448318481,0.26128870248794556,-0.054277267307043076,0.5969744920730591,0.20584383606910706,-0.06589735299348831,0.45201948285102844,0.3926008939743042,-0.026338962838053703,0.49138304591178894,0.294667512178421,-0.04625876620411873,0.5210340619087219,0.23333849012851715,-0.06040067598223686,0.5481956601142883,0.17958658933639526,-0.06963364034891129,0.40984222292900085,0.3867110013961792,-0.034266553819179535,0.4186505377292633,0.29284313321113586,-0.05461500212550163,0.4270826280117035,0.22907491028308868,-0.06377626955509186,0.43777358531951904,0.1689906120300293,-0.06889432668685913,4
0.3629305362701416,0.648806095123291,5.322281140252016e-07,0.4321115016937256,0.6774143576622009,-0.028797322884202003,0.5077372789382935,0.6483182907104492,-0.03906361386179924,0.5676114559173584,0.6208193302154541,-0.047399457544088364,0.6146824359893799,0.6145844459533691,-0.05527854338288307,0.51408451795578,0.4837823808193207,-0.019267192110419273,0.5791548490524292,0.4400247037410736,-0.0394725576043129,0.6222557425498962,0.41028833389282227,-0.05714510753750801,0.6584559679031372,0.38505083322525024,-0.06994068622589111,0.4875718057155609,0.42450863122940063,-0.01982717588543892,0.537730872631073,0.3258841633796692,-0.03654750436544418,0.5703277587890625,0.26393944025039673,-0.05181475728750229,0.5980045795440674,0.20907649397850037,-0.06310774385929108,0.4533500671386719,0.3943940997123718,-0.02478748932480812,0.4930688142776489,0.2960330843925476,-0.04421285539865494,0.5226572751998901,0.23436486721038818,-0.05812530592083931,0.5496299266815186,0.1806412637233734,-0.06718370318412781,0.4114823639392853,0.3879936933517456,-0.032648924738168716,0.42023202776908875,0.29391658306121826,-0.05255477502942085,0.4286612272262573,0.23044006526470184,-0.061545733362436295,0.43931856751441956,0.1708170771598816,-0.06653483957052231,4
0.36369696259498596,0.650175154209137,5.29175338215282e-07,0.4321373999118805,0.6791081428527832,-0.028569715097546577,0.5078407526016235,0.6498227119445801,-0.03889459744095802,0.5677222013473511,0.6229003667831421,-0.04732517898082733,0.6144061088562012,0.6169677376747131,-0.05531201511621475,0.5150133371353149,0.48494553565979004,-0.019878320395946503,0.5797667503356934,0.44111621379852295,-0.040426112711429596,0.623003363609314,0.4121778905391693,-0.05833657085895538,0.6595171689987183,0.3879430294036865,-0.07122203707695007,0.48861226439476013,0.42524290084838867,-0.020596152171492577,0.5385854244232178,0.3265364468097687,-0.037526704370975494,0.5713594555854797,0.2648257613182068,-0.0528465136885643,0.5992735028266907,0.2102254331111908,-0.06416395306587219,0.45446187257766724,0.39486896991729736,-0.025640130043029785,0.4938978850841522,0.29637962579727173,-0.04509295895695686,0.5235123634338379,0.23566289246082306,-0.05888637900352478,0.5506719946861267,0.1827818751335144,-0.06787644326686859,0.4127247631549835,0.3883618116378784,-0.03357524052262306,0.42151904106140137,0.29448890686035156,-0.05339113622903824,0.4299345314502716,0.23113802075386047,-0.062257323414087296,0.4405727684497833,0.1718963384628296,-0.06716207414865494,4
0.3639489710330963,0.6494772434234619,5.353178949007997e-07,0.4329427480697632,0.6785398721694946,-0.027510032057762146,0.5081661343574524,0.649734616279602,-0.03717664256691933,0.5678900480270386,0.6240766644477844,-0.04524433612823486,0.614328920841217,0.6190711855888367,-0.05290709063410759,0.51569002866745,0.48397618532180786,-0.017775729298591614,0.581039547920227,0.4409211277961731,-0.03764227777719498,0.624442458152771,0.412294864654541,-0.05517279729247093,0.6607279777526855,0.3885747194290161,-0.06778860837221146,0.4894753694534302,0.4252028167247772,-0.018865851685404778,0.5404396057128906,0.32758086919784546,-0.0352688692510128,0.5738006234169006,0.2658936381340027,-0.05047699064016342,0.6018666625022888,0.21144691109657288,-0.0616721548140049,0.4554939270019531,0.3952869772911072,-0.024280132725834846,0.49571654200553894,0.297264039516449,-0.043339673429727554,0.5254966020584106,0.23559750616550446,-0.057269301265478134,0.552494466304779,0.18193316459655762,-0.06630894541740417,0.41371282935142517,0.38875335454940796,-0.03251763805747032,0.42286232113838196,0.2950785160064697,-0.052200764417648315,0.4315440058708191,0.23128868639469147,-0.061173878610134125,0.4423266053199768,0.17147505283355713,-0.06609688699245453,4
0.3652530908584595,0.6488556861877441,5.319956812854798e-07,0.4338397979736328,0.6779541373252869,-0.027927901595830917,0.5091421008110046,0.648966372013092,-0.03775683045387268,0.5684868693351746,0.6232813596725464,-0.045859746634960175,0.614523708820343,0.6184720396995544,-0.053566623479127884,0.5166902542114258,0.48363903164863586,-0.018790021538734436,0.581707775592804,0.4402390718460083,-0.038986362516880035,0.624954879283905,0.41139286756515503,-0.05673447996377945,0.6612187027931213,0.3873458802700043,-0.06950657069683075,0.4903351962566376,0.42444223165512085,-0.01975865289568901,0.5411041378974915,0.3263280689716339,-0.03645165264606476,0.5742607116699219,0.26468250155448914,-0.051779910922050476,0.6023010015487671,0.21044808626174927,-0.06304612010717392,0.4562544822692871,0.394381046295166,-0.025049621239304543,0.4962950646877289,0.296476274728775,-0.04430887848138809,0.5262683033943176,0.23504285514354706,-0.05839256942272186,0.5534986257553101,0.18168047070503235,-0.067552849650383,0.414447158575058,0.38780441880226135,-0.03318643942475319,0.4236129820346832,0.2943859100341797,-0.05296444892883301,0.4321672320365906,0.23081497848033905,-0.06201948970556259,0.44292035698890686,0.17118290066719055,-0.06704548001289368,4
0.3651081621646881,0.6461986303329468,5.332048544914869e-07,0.4333845376968384,0.6756019592285156,-0.027716128155589104,0.5083532333374023,0.6466072797775269,-0.03756692633032799,0.5679570436477661,0.6216261386871338,-0.0457424558699131,0.6145617961883545,0.6182506680488586,-0.05352335795760155,0.5172151923179626,0.4805624485015869,-0.018486101180315018,0.5825817584991455,0.4362366497516632,-0.03840639442205429,0.6259590983390808,0.4067363739013672,-0.05585820972919464,0.6621477007865906,0.382438063621521,-0.06844677776098251,0.4905865788459778,0.421803742647171,-0.019483396783471107,0.5412232279777527,0.32343876361846924,-0.03600579872727394,0.5738507509231567,0.26168182492256165,-0.05118730291724205,0.6012752652168274,0.2076735496520996,-0.06236214563250542,0.45628559589385986,0.39228183031082153,-0.024771234020590782,0.4967672526836395,0.2948299050331116,-0.04383159056305885,0.5265486240386963,0.23371562361717224,-0.057727355509996414,0.5534895658493042,0.1809428632259369,-0.06680236756801605,0.41438019275665283,0.38622424006462097,-0.03288376331329346,0.4238463044166565,0.29328182339668274,-0.05252395197749138,0.43259525299072266,0.22962337732315063,-0.06150580197572708,0.443425714969635,0.1701022982597351,-0.06648791581392288,4
0.3653463125228882,0.6459084749221802,5.316592819326615e-07,0.43372684717178345,0.6721605062484741,-0.0273908544331789,0.5091444849967957,0.6426371335983276,-0.03714985400438309,0.5692228674888611,0.6185991168022156,-0.04531694948673248,0.6157194375991821,0.6153951287269592,-0.05314028635621071,0.5158981084823608,0.47813430428504944,-0.01789126731455326,0.5810521841049194,0.4346102476119995,-0.037787653505802155,0.624139130115509,0.4052112102508545,-0.055432431399822235,0.6602275967597961,0.38039761781692505,-0.06819257140159607,0.489614874124527,0.4202190041542053,-0.019095545634627342,0.5399065613746643,0.3222880959510803,-0.035638246685266495,0.5725178122520447,0.2603400945663452,-0.05097728222608566,0.6001210808753967,0.20566889643669128,-0.06230376288294792,0.45556023716926575,0.3909742832183838,-0.024617210030555725,0.4956382215023041,0.29356148838996887,-0.04383547604084015,0.5257519483566284,0.2329414039850235,-0.05786580219864845,0.5530021786689758,0.18036878108978271,-0.06700972467660904,0.41383442282676697,0.3847714960575104,-0.03293011710047722,0.42306265234947205,0.2915429472923279,-0.05255810171365738,0.431887149810791,0.22807274758815765,-0.06145264580845833,0.4428427517414093,0.1687624752521515,-0.0664268359541893,4
0.3659208416938782,0.6433870196342468,5.31503928868915e-07,0.4333387017250061,0.6696264743804932,-0.027827966958284378,0.5091370344161987,0.6390013098716736,-0.037928249686956406,0.5697157979011536,0.6153374910354614,-0.04627104476094246,0.6166583299636841,0.6140759587287903,-0.05419151112437248,0.5161925554275513,0.475229948759079,-0.019256385043263435,0.5819525122642517,0.43156304955482483,-0.03904574736952782,0.6250409483909607,0.4012622833251953,-0.05640357732772827,0.6608774065971375,0.3756358027458191,-0.06904350221157074,0.48970627784729004,0.4168916344642639,-0.020208807662129402,0.5395936369895935,0.31810617446899414,-0.03670443594455719,0.5721548199653625,0.25672465562820435,-0.05167203024029732,0.5996177792549133,0.2027670443058014,-0.06275172531604767,0.4557105004787445,0.38756322860717773,-0.02540927566587925,0.495598167181015,0.28964921832084656,-0.044406186789274216,0.5254684090614319,0.2297571450471878,-0.05809839814901352,0.5524912476539612,0.17753437161445618,-0.06707479804754257,0.4144408106803894,0.3818562924861908,-0.03344470262527466,0.42373475432395935,0.2885993719100952,-0.05296294391155243,0.432098388671875,0.22563068568706512,-0.06178155168890953,0.4426006078720093,0.1666642427444458,-0.06669951975345612,4
0.3665408790111542,0.6418154239654541,5.331920078788244e-07,0.434451162815094,0.6681764125823975,-0.02762225829064846,0.5096122026443481,0.6376662254333496,-0.037604402750730515,0.5699340105056763,0.6133568286895752,-0.04589896276593208,0.6163373589515686,0.6113795638084412,-0.05381063371896744,0.5171793103218079,0.47417208552360535,-0.018699659034609795,0.5825167894363403,0.4313701093196869,-0.03843546286225319,0.6254024505615234,0.4017816483974457,-0.05596816539764404,0.6612635850906372,0.37648123502731323,-0.06874381005764008,0.4909060299396515,0.41539788246154785,-0.019748300313949585,0.5412724018096924,0.317842960357666,-0.03598024323582649,0.5740930438041687,0.25713834166526794,-0.050813306123018265,0.6017862558364868,0.2039337158203125,-0.061811964958906174,0.45675128698349,0.3855949640274048,-0.025082280859351158,0.49655985832214355,0.2880922555923462,-0.043892670422792435,0.5264521837234497,0.22808822989463806,-0.057570382952690125,0.553676426410675,0.175930917263031,-0.06658635288476944,0.41492587327957153,0.37936508655548096,-0.03326120227575302,0.4240722060203552,0.28674399852752686,-0.05266829952597618,0.4324861466884613,0.22401288151741028,-0.06146029382944107,0.4432297646999359,0.16516172885894775,-0.06641191244125366,4
0.36665579676628113,0.642357349395752,5.309083803695103e-07,0.43488532304763794,0.6686161160469055,-0.027816936373710632,0.5112196207046509,0.6376580595970154,-0.03761069104075432,0.5722000002861023,0.6143643856048584,-0.045655183494091034,0.6192127466201782,0.6127005219459534,-0.053335126489400864,0.5171644687652588,0.47519567608833313,-0.01867729425430298,0.5826892256736755,0.43231654167175293,-0.038444798439741135,0.6257263422012329,0.40313419699668884,-0.05607052147388458,0.6619763374328613,0.37829118967056274,-0.06889024376869202,0.49113941192626953,0.4161931276321411,-0.01943790540099144,0.5416193008422852,0.3188038468360901,-0.03549746423959732,0.5743425488471985,0.2578831911087036,-0.05033212900161743,0.6020146608352661,0.2042548954486847,-0.061376579105854034,0.45732930302619934,0.3862228989601135,-0.02450101263821125,0.4971446096897125,0.28851503133773804,-0.04301285743713379,0.5268667340278625,0.22865712642669678,-0.0564936101436615,0.553869366645813,0.17663928866386414,-0.06543100625276566,0.41574445366859436,0.3799912631511688,-0.03245578706264496,0.42506954073905945,0.28760480880737305,-0.05151382461190224,0.4336114227771759,0.22452162206172943,-0.060067031532526016,0.4444196820259094,0.16514098644256592,-0.0648941919207573,4
0.3666534125804901,0.6458652019500732,5.257724069451797e-07,0.43537044525146484,0.6732476949691772,-0.02694588154554367,0.5114479660987854,0.642866849899292,-0.03640323877334595,0.5715754628181458,0.6199971437454224,-0.04426932707428932,0.6174355149269104,0.6175938844680786,-0.05180870741605759,0.5174409747123718,0.47900357842445374,-0.018122009932994843,0.582718014717102,0.43723246455192566,-0.0379614531993866,0.6257792711257935,0.4092097282409668,-0.05565850809216499,0.6619240045547485,0.3857455551624298,-0.06842735409736633,0.4914012849330902,0.4202929735183716,-0.019308704882860184,0.5423930883407593,0.32325536012649536,-0.03541582077741623,0.5756168365478516,0.2623775601387024,-0.05032804608345032,0.6033945083618164,0.20895177125930786,-0.06138027459383011,0.45768728852272034,0.3903106153011322,-0.024713896214962006,0.49817004799842834,0.2919650971889496,-0.04318396374583244,0.5282724499702454,0.23144949972629547,-0.05687755346298218,0.555311381816864,0.17917215824127197,-0.06593096256256104,0.4162479043006897,0.3841466009616852,-0.03290996327996254,0.42544037103652954,0.2909265160560608,-0.05199155583977699,0.43406036496162415,0.22721190750598907,-0.060729097574949265,0.4448431730270386,0.1677151918411255,-0.06564728170633316,4
0.36606714129447937,0.6495625972747803,5.26719304616563e-07,0.4351406693458557,0.6779588460922241,-0.02701532654464245,0.5101982951164246,0.6491210460662842,-0.03659084439277649,0.569421648979187,0.6238736510276794,-0.04457587003707886,0.6151593923568726,0.6190831661224365,-0.05209546908736229,0.5177088379859924,0.4843791425228119,-0.01768544688820839,0.5831913352012634,0.4420631229877472,-0.037683166563510895,0.626696765422821,0.414480984210968,-0.05536021664738655,0.6630166172981262,0.39170417189598083,-0.06803598999977112,0.49215734004974365,0.4246520400047302,-0.018872631713747978,0.544086754322052,0.32752424478530884,-0.03507881611585617,0.5773917436599731,0.2664846181869507,-0.05003764480352402,0.6051663756370544,0.21304315328598022,-0.06106899678707123,0.4587365686893463,0.3938003480434418,-0.024302734062075615,0.49987924098968506,0.2954392433166504,-0.042943622916936874,0.5299431681632996,0.23512421548366547,-0.0564672015607357,0.5569766759872437,0.1830863356590271,-0.06534063816070557,0.41719502210617065,0.38657906651496887,-0.0325227826833725,0.42654961347579956,0.29298219084739685,-0.05166865885257721,0.43555307388305664,0.22971847653388977,-0.060227762907743454,0.44659021496772766,0.17095786333084106,-0.06494642794132233,4
0.6850154399871826,0.4623718857765198,4.0266371570396586e-07,0.7533969879150391,0.4968443512916565,-0.01949400268495083,0.8298895955085754,0.46895456314086914,-0.02098006382584572,0.8836815357208252,0.4482693672180176,-0.021833883598446846,0.9209170341491699,0.4501841962337494,-0.02217419631779194,0.8393488526344299,0.3168931305408478,-0.0027147524524480104,0.8978383541107178,0.2808557152748108,-0.011020359583199024,0.9339361190795898,0.25484275817871094,-0.02066950500011444,0.9620025157928467,0.23255655169487,-0.02877591736614704,0.8139535784721375,0.2609311640262604,-0.0035521183162927628,0.8595905303955078,0.17538808286190033,-0.009657219052314758,0.8866688013076782,0.12457291781902313,-0.018641240894794464,0.9066154360771179,0.082595095038414,-0.025880493223667145,0.78241366147995,0.23206187784671783,-0.008252711035311222,0.8189915418624878,0.14541849493980408,-0.017924213781952858,0.8423663973808289,0.09543687105178833,-0.028892656788229942,0.8626378774642944,0.051946550607681274,-0.0371737964451313,0.7439177632331848,0.2235068678855896,-0.015344777144491673,0.7515106201171875,0.1430388242006302,-0.028064921498298645,0.7571914196014404,0.08762352168560028,-0.03578001633286476,0.7650793790817261,0.036302417516708374,-0.0407782644033432,4
0.6845647692680359,0.4608275890350342,4.131338187107758e-07,0.7536081671714783,0.4956211447715759,-0.018753409385681152,0.8298352360725403,0.46709397435188293,-0.018855279311537743,0.8832377791404724,0.44574928283691406,-0.018454885110259056,0.9195647835731506,0.447431743144989,-0.01745470240712166,0.8392021656036377,0.31409838795661926,0.0007105090189725161,0.8979118466377258,0.2779819369316101,-0.005665841978043318,0.9339340329170227,0.2523207664489746,-0.013975225389003754,0.9615337252616882,0.23068004846572876,-0.021173931658267975,0.8132423758506775,0.2584022581577301,0.00012548737868200988,0.8587089776992798,0.17280040681362152,-0.004281102679669857,0.885905921459198,0.12258787453174591,-0.012319611385464668,0.9054901003837585,0.08187636733055115,-0.018811317160725594,0.7814655900001526,0.23006600141525269,-0.004478768911212683,0.8176195621490479,0.14286673069000244,-0.01317571196705103,0.8409361243247986,0.09334743022918701,-0.0241208765655756,0.8608761429786682,0.05058479309082031,-0.032288700342178345,0.7428118586540222,0.22096675634384155,-0.011442286893725395,0.7497056126594543,0.14076079428195953,-0.02386280708014965,0.755058228969574,0.08507484197616577,-0.03190763294696808,0.7627987861633301,0.033822715282440186,-0.03703872859477997,4
0.6837076544761658,0.46181297302246094,4.116127740871889e-07,0.7516456246376038,0.49426060914993286,-0.01966017857193947,0.8268686532974243,0.4660380482673645,-0.021224146708846092,0.8804851174354553,0.44479066133499146,-0.02222559228539467,0.9180168509483337,0.4452582597732544,-0.0226435624063015,0.836683452129364,0.3123798668384552,-0.0014599262503907084,0.8946920037269592,0.2762853801250458,-0.009259157814085484,0.9304996728897095,0.2503935396671295,-0.018706511706113815,0.9583095908164978,0.22806409001350403,-0.026666777208447456,0.8109137415885925,0.2570560574531555,-0.002232144819572568,0.8558689951896667,0.17213575541973114,-0.007771204225718975,0.8826828002929688,0.12197554111480713,-0.016399333253502846,0.9025278091430664,0.08066913485527039,-0.02342868037521839,0.779066264629364,0.22906482219696045,-0.007056992035359144,0.8144923448562622,0.14210155606269836,-0.01656287908554077,0.8375482559204102,0.0915842056274414,-0.027483787387609482,0.8574747443199158,0.04787057638168335,-0.03568624332547188,0.7402595281600952,0.2207275629043579,-0.014331975020468235,0.747643232345581,0.13915859162807465,-0.02712949551641941,0.7531795501708984,0.08292217552661896,-0.03492027893662453,0.7610072493553162,0.03098204731941223,-0.03993368148803711,4
0.6801814436912537,0.460801899433136,4.0189192418438324e-07,0.7496011257171631,0.4951132833957672,-0.018754230812191963,0.826078474521637,0.46524035930633545,-0.01925903744995594,0.8796625137329102,0.4427304267883301,-0.019317831844091415,0.916071891784668,0.44432884454727173,-0.018912499770522118,0.8347538709640503,0.31399938464164734,-0.000399561453377828,0.8928324580192566,0.2780057191848755,-0.007632950786501169,0.9290510416030884,0.25207531452178955,-0.016788754612207413,0.9571951627731323,0.22967314720153809,-0.024632882326841354,0.8091767430305481,0.2582589089870453,-0.0013321436708793044,0.854653000831604,0.17297232151031494,-0.006263047456741333,0.8816260695457458,0.12241749465465546,-0.014593558385968208,0.9015901684761047,0.08085472881793976,-0.021490557119250298,0.7774856090545654,0.22965440154075623,-0.006248163990676403,0.8135958909988403,0.14270810782909393,-0.015223394148051739,0.8366648554801941,0.09244866669178009,-0.026063967496156693,0.8564557433128357,0.04900550842285156,-0.034316468983888626,0.7385492324829102,0.22035320103168488,-0.01356667559593916,0.7463536858558655,0.13864733278751373,-0.026060841977596283,0.7521486878395081,0.08219961822032928,-0.033895932137966156,0.7602052688598633,0.030225545167922974,-0.03905307874083519,4
0.6801885962486267,0.46131494641304016,4.1110402548838465e-07,0.7493420839309692,0.4943608045578003,-0.01850290223956108,0.8255479335784912,0.46520283818244934,-0.01905185543000698,0.8794516324996948,0.4438306987285614,-0.019252529367804527,0.9162840843200684,0.44388240575790405,-0.01891884207725525,0.8345887660980225,0.3137056827545166,0.0004428996762726456,0.8928070068359375,0.27772256731987,-0.006664021406322718,0.9288244247436523,0.25187408924102783,-0.015668857842683792,0.9568028450012207,0.22966456413269043,-0.0232757069170475,0.8091889023780823,0.25799816846847534,-0.0006416624528355896,0.854537308216095,0.17212380468845367,-0.005423186346888542,0.8815863728523254,0.1209409087896347,-0.013623780570924282,0.9016761779785156,0.07894650101661682,-0.020272627472877502,0.7774178385734558,0.22910533845424652,-0.0057625193148851395,0.813622236251831,0.141871377825737,-0.014741774648427963,0.8367136716842651,0.0921994149684906,-0.025326350703835487,0.8564716577529907,0.049475133419036865,-0.03321206569671631,0.7384128570556641,0.2190641611814499,-0.013269010931253433,0.7460768222808838,0.13731718063354492,-0.025686703622341156,0.7517845630645752,0.0811433345079422,-0.03320472687482834,0.7598426342010498,0.02972245216369629,-0.03796840086579323,4
0.6797630190849304,0.46103018522262573,4.0784286170492123e-07,0.7486844658851624,0.4947457015514374,-0.018970005214214325,0.825554370880127,0.4660034477710724,-0.01967473141849041,0.8798205852508545,0.4447100758552551,-0.0199351254850626,0.9168598055839539,0.4449125826358795,-0.019675808027386665,0.834923505783081,0.31480520963668823,-0.00011499992979224771,0.893118679523468,0.27859532833099365,-0.007398989517241716,0.9292591214179993,0.2530142664909363,-0.016460128128528595,0.9574192762374878,0.23139701783657074,-0.02412007376551628,0.8097537755966187,0.2587805986404419,-0.0010713711380958557,0.8553516268730164,0.17263303697109222,-0.00611856859177351,0.8825791478157043,0.12162402272224426,-0.014387411065399647,0.9027348756790161,0.08030973374843597,-0.021031763404607773,0.7780264616012573,0.2297271192073822,-0.006116601172834635,0.814532995223999,0.14211805164813995,-0.015488575212657452,0.8379027843475342,0.09228987991809845,-0.02628694474697113,0.8579964637756348,0.049663662910461426,-0.03426565229892731,0.7391662001609802,0.2197803556919098,-0.013553221710026264,0.7470706105232239,0.13815057277679443,-0.02642212249338627,0.7527774572372437,0.08169135451316833,-0.03422190248966217,0.7609279155731201,0.029905319213867188,-0.03915388882160187,4
0.6818987727165222,0.4617387056350708,4.100926389583037e-07,0.7503315210342407,0.49584272503852844,-0.018831569701433182,0.8269249796867371,0.4682125449180603,-0.019235437735915184,0.8807536959648132,0.44721314311027527,-0.01918083243072033,0.9175944924354553,0.44769254326820374,-0.018513942137360573,0.8372370004653931,0.3162370026111603,0.0006963626947253942,0.8957785964012146,0.28034594655036926,-0.005920563358813524,0.9316051602363586,0.2545252740383148,-0.014499352313578129,0.9593980312347412,0.23245148360729218,-0.021865833550691605,0.811837911605835,0.25983497500419617,-6.951302202651277e-05,0.8574057817459106,0.17441032826900482,-0.004570335615426302,0.884419322013855,0.12374427914619446,-0.012712289579212666,0.9044994711875916,0.08222654461860657,-0.01931283064186573,0.7801983952522278,0.23044893145561218,-0.0048855566419661045,0.8165149092674255,0.14386619627475739,-0.013661784119904041,0.8397100567817688,0.09418737888336182,-0.0244943518191576,0.8597207069396973,0.05118241906166077,-0.03260710462927818,0.7414610385894775,0.2198435366153717,-0.012095101177692413,0.7490354776382446,0.13896852731704712,-0.024495434015989304,0.7546374201774597,0.08296872675418854,-0.032276853919029236,0.7627232670783997,0.03149896860122681,-0.03723064810037613,4
0.6824406385421753,0.4620707631111145,4.0574340687271615e-07,0.7508063912391663,0.496690034866333,-0.018866578117012978,0.827488899230957,0.4678853750228882,-0.019483890384435654,0.881359338760376,0.4471420645713806,-0.01966726966202259,0.9183135628700256,0.44858211278915405,-0.019375694915652275,0.8380163908004761,0.31540605425834656,-0.00047117937356233597,0.8964291214942932,0.2794473171234131,-0.007615742739289999,0.9325159192085266,0.2541149854660034,-0.0165390782058239,0.9604531526565552,0.2323225438594818,-0.02423485554754734,0.8122721314430237,0.259829044342041,-0.0016168811125680804,0.8575419187545776,0.1745230108499527,-0.0067568146623671055,0.8843709826469421,0.12404671311378479,-0.015303414314985275,0.9041436910629272,0.08215561509132385,-0.022259168326854706,0.780234694480896,0.23146134614944458,-0.006773755885660648,0.8165355324745178,0.1445845365524292,-0.016282783821225166,0.8401156067848206,0.09405285120010376,-0.027597656473517418,0.8604291081428528,0.04990944266319275,-0.03605709969997406,0.7409756779670715,0.2221059501171112,-0.014282377436757088,0.7488853335380554,0.14037783443927765,-0.02749406360089779,0.754606306552887,0.083565354347229,-0.035779062658548355,0.762601375579834,0.03083062171936035,-0.04111742973327637,4
0.6829023957252502,0.4612584114074707,4.095962253813923e-07,0.7517552375793457,0.49661362171173096,-0.018585359677672386,0.8279601335525513,0.468767374753952,-0.018768511712551117,0.8817242383956909,0.4473007321357727,-0.018535098060965538,0.918289303779602,0.44789910316467285,-0.017743976786732674,0.8377224802970886,0.31563693284988403,0.0011256326688453555,0.8964554667472839,0.28056907653808594,-0.0052710664458572865,0.9324932098388672,0.2552846074104309,-0.013807226903736591,0.9602662324905396,0.233352392911911,-0.02125333435833454,0.8122077584266663,0.2597168982028961,0.00031813778332434595,0.8579921722412109,0.1748037040233612,-0.004112565889954567,0.8851103186607361,0.12433919310569763,-0.012342642061412334,0.9049705862998962,0.08271373808383942,-0.01913861371576786,0.7804858684539795,0.23087641596794128,-0.004537967965006828,0.8167451620101929,0.14399239420890808,-0.013319071382284164,0.8403313755989075,0.0939716249704361,-0.02444174513220787,0.8605660796165466,0.050394415855407715,-0.032868046313524246,0.7416905164718628,0.22091911733150482,-0.011750818230211735,0.7494485378265381,0.13941407203674316,-0.024302804842591286,0.7552847862243652,0.08299411833286285,-0.03241577744483948,0.7635962963104248,0.03087913990020752,-0.037733208388090134,4
0.6822710633277893,0.46226635575294495,4.110231373033457e-07,0.7514441609382629,0.4971049129962921,-0.0186549611389637,0.8281942009925842,0.4685070514678955,-0.018747663125395775,0.8819136619567871,0.4477091133594513,-0.018410474061965942,0.9187731742858887,0.4492642283439636,-0.017507778480648994,0.8379756808280945,0.31592512130737305,0.0014003502437844872,0.8963210582733154,0.28066879510879517,-0.004914808552712202,0.9321402311325073,0.25540992617607117,-0.013483330607414246,0.9598448872566223,0.2335277795791626,-0.02099287509918213,0.8122332692146301,0.26016291975975037,0.0004654408257920295,0.8575841188430786,0.17477534711360931,-0.003965144511312246,0.8847342729568481,0.12461598217487335,-0.012363141402602196,0.9048140048980713,0.0833229273557663,-0.019231725484132767,0.7801442742347717,0.23170045018196106,-0.004557304549962282,0.8167879581451416,0.14522942900657654,-0.013635111972689629,0.840851902961731,0.09557440876960754,-0.02513125352561474,0.8615555167198181,0.05232676863670349,-0.0337030403316021,0.7410368919372559,0.2221708446741104,-0.011918364092707634,0.7490342259407043,0.14094330370426178,-0.024893006309866905,0.7549495100975037,0.08412431180477142,-0.03328249976038933,0.763172447681427,0.03173127770423889,-0.038697827607393265,4
0.68276447057724,0.463226318359375,4.1338876144436654e-07,0.7514148950576782,0.49748143553733826,-0.019248638302087784,0.8278853297233582,0.4698423147201538,-0.019780652597546577,0.8820947408676147,0.44892120361328125,-0.01983455754816532,0.9191867113113403,0.44952231645584106,-0.019258107990026474,0.8374244570732117,0.3152868151664734,0.0010692671639844775,0.8957298994064331,0.28080469369888306,-0.005467492621392012,0.9314393401145935,0.25566038489341736,-0.014249072410166264,0.9591250419616699,0.23387545347213745,-0.02187420427799225,0.8116695880889893,0.25957536697387695,0.0003180128987878561,0.8571500778198242,0.17410846054553986,-0.004234740976244211,0.884555459022522,0.12408402562141418,-0.012524156831204891,0.9049360752105713,0.08320073783397675,-0.01930297166109085,0.7797624468803406,0.23168572783470154,-0.004614484496414661,0.8157804608345032,0.1450207680463791,-0.013774935156106949,0.8395589590072632,0.09566505253314972,-0.024882623925805092,0.8601067066192627,0.052832216024398804,-0.03314565122127533,0.7410230040550232,0.22290827333927155,-0.011977341026067734,0.7488059401512146,0.14126792550086975,-0.02484966814517975,0.7544527649879456,0.08462588489055634,-0.03290332853794098,0.7625355124473572,0.0323314368724823,-0.038079455494880676,4
0.6825925707817078,0.46826064586639404,4.1631562908150954e-07,0.7507017850875854,0.5009307861328125,-0.019250478595495224,0.8266626000404358,0.47433775663375854,-0.020570822060108185,0.8804296255111694,0.4542780816555023,-0.02140755020081997,0.9175980091094971,0.45464128255844116,-0.021610477939248085,0.8362448215484619,0.321368932723999,-0.0007176953949965537,0.8950252532958984,0.28822121024131775,-0.008359488099813461,0.9315763711929321,0.2637411952018738,-0.01761932671070099,0.9596753120422363,0.24320900440216064,-0.025321688503026962,0.8110948204994202,0.26522311568260193,-0.0016001282492652535,0.8570270538330078,0.18029017746448517,-0.006922576110810041,0.8844623565673828,0.1300593912601471,-0.01510891504585743,0.9049547910690308,0.08909235894680023,-0.021661536768078804,0.7795867919921875,0.2364731878042221,-0.006560490000993013,0.8164007663726807,0.14934459328651428,-0.016063254326581955,0.8397802114486694,0.10039380192756653,-0.026506060734391212,0.8600195646286011,0.05832073092460632,-0.03418777137994766,0.7410895824432373,0.22728729248046875,-0.013928670436143875,0.7492140531539917,0.14488618075847626,-0.02679503709077835,0.7549645304679871,0.0885520726442337,-0.03426255285739899,0.7630401253700256,0.036832720041275024,-0.038879793137311935,4
0.6808385848999023,0.46946895122528076,4.1389159832760924e-07,0.7493405938148499,0.5038302540779114,-0.018941206857562065,0.8259611129760742,0.47467347979545593,-0.01930336095392704,0.8795875906944275,0.454755038022995,-0.019125444814562798,0.9163393974304199,0.4566807150840759,-0.01835930533707142,0.8361616134643555,0.3229227364063263,0.00014788724365644157,0.8947731852531433,0.2880673110485077,-0.006694743875414133,0.9311516284942627,0.2624330222606659,-0.015413764864206314,0.9589702486991882,0.24066480994224548,-0.022868990898132324,0.8106815814971924,0.26649209856987,-0.0006357321399264038,0.8567976355552673,0.18147340416908264,-0.005380136426538229,0.8843715786933899,0.13140460848808289,-0.013402407057583332,0.9042783379554749,0.09097667038440704,-0.01982252672314644,0.7788363695144653,0.2373674213886261,-0.005497616250067949,0.8156371116638184,0.15042196214199066,-0.014614683575928211,0.8397185802459717,0.10139547288417816,-0.025497928261756897,0.8602931499481201,0.05913043022155762,-0.033516205847263336,0.7399628758430481,0.2276262640953064,-0.012723444029688835,0.7479310035705566,0.14609983563423157,-0.025543155148625374,0.7538022398948669,0.08964087069034576,-0.033533766865730286,0.7619937062263489,0.03757232427597046,-0.03856619819998741,4
0.6800698041915894,0.465509295463562,4.1768791447793774e-07,0.7486573457717896,0.49933576583862305,-0.01946789026260376,0.8250545263290405,0.47181278467178345,-0.02063463069498539,0.8796244263648987,0.45172902941703796,-0.02134067192673683,0.9169203042984009,0.4527783989906311,-0.021471183747053146,0.8352782130241394,0.319713294506073,-0.0005191640229895711,0.893852710723877,0.28417545557022095,-0.008106219582259655,0.9300646781921387,0.25878503918647766,-0.01741388626396656,0.9581008553504944,0.23753446340560913,-0.02518247812986374,0.8098879456520081,0.263558954000473,-0.0013267110334709287,0.8559427261352539,0.1781848967075348,-0.006643591448664665,0.8834033608436584,0.12755440175533295,-0.015179728157818317,0.9038757085800171,0.08632706105709076,-0.022032156586647034,0.7779867649078369,0.23449909687042236,-0.006249400321394205,0.8148502111434937,0.14803238213062286,-0.015677887946367264,0.8384623527526855,0.09874925017356873,-0.026449957862496376,0.8588420748710632,0.05653536319732666,-0.034440021961927414,0.7388768196105957,0.224341481924057,-0.013623660430312157,0.7475193738937378,0.1432284563779831,-0.026331834495067596,0.7535998225212097,0.08681511878967285,-0.03391798213124275,0.7618711590766907,0.03501105308532715,-0.03873136639595032,4
0.6808152198791504,0.4648594856262207,4.135632707402692e-07,0.7485473155975342,0.4996398091316223,-0.019376950338482857,0.825290322303772,0.4729262888431549,-0.02021823264658451,0.8796765804290771,0.4531294107437134,-0.020524347200989723,0.9167292714118958,0.45540857315063477,-0.020254699513316154,0.8361945152282715,0.32138335704803467,-0.00021764729171991348,0.8945966958999634,0.2874286472797394,-0.007099565118551254,0.9305834174156189,0.2632037401199341,-0.015939198434352875,0.9584937691688538,0.24256625771522522,-0.023513194173574448,0.8110777139663696,0.2653231918811798,-0.0009798946557566524,0.8570756316184998,0.1807788461446762,-0.005653526168316603,0.8842766284942627,0.13072870671749115,-0.01391545869410038,0.9045501351356506,0.08926191926002502,-0.020698940381407738,0.7794128060340881,0.23602721095085144,-0.005840599071234465,0.8163079023361206,0.1507001668214798,-0.014965604059398174,0.8399010300636292,0.10202249884605408,-0.025840353220701218,0.860207200050354,0.059573739767074585,-0.033970847725868225,0.740398645401001,0.22494152188301086,-0.013128840364515781,0.7489824891090393,0.14344722032546997,-0.02584209106862545,0.7552683353424072,0.0873379111289978,-0.03367052972316742,0.7638174891471863,0.035642772912979126,-0.03869310021400452,4
0.6816181540489197,0.4638577699661255,4.158139574883535e-07,0.7493273615837097,0.4985053539276123,-0.019243143498897552,0.8253955841064453,0.47152143716812134,-0.020140234380960464,0.8795570731163025,0.4518504738807678,-0.02053682878613472,0.9164853096008301,0.45385313034057617,-0.02032298967242241,0.8368149995803833,0.3193771243095398,-2.089548434014432e-05,0.8955023884773254,0.28482145071029663,-0.006704575847834349,0.9313141107559204,0.2598775029182434,-0.01517399400472641,0.958876371383667,0.2387048304080963,-0.022457344457507133,0.8113355040550232,0.26336756348609924,-0.0007682307623326778,0.8574792146682739,0.1789475679397583,-0.00526406429708004,0.8847145438194275,0.12973624467849731,-0.01299066562205553,0.9048032760620117,0.08969171345233917,-0.01925196312367916,0.7795023918151855,0.23426392674446106,-0.005625694524496794,0.8165875673294067,0.14816546440124512,-0.014625944197177887,0.8406187295913696,0.09925872087478638,-0.02520057186484337,0.8613385558128357,0.05710959434509277,-0.033044178038835526,0.7405369877815247,0.22387193143367767,-0.012901080772280693,0.7489188313484192,0.14298029243946075,-0.02568933740258217,0.7552360892295837,0.08699186146259308,-0.03348766267299652,0.7638261914253235,0.03565987944602966,-0.03836585208773613,4
0.6808608770370483,0.4608827531337738,4.122299230857607e-07,0.7495379447937012,0.4964127540588379,-0.018769050016999245,0.826156497001648,0.470292329788208,-0.019170263782143593,0.8803440928459167,0.4509425759315491,-0.01924179121851921,0.9171595573425293,0.4527483880519867,-0.018724627792835236,0.8376255631446838,0.3177375793457031,0.001580687123350799,0.8958868384361267,0.28359854221343994,-0.004763461649417877,0.9315121173858643,0.25890493392944336,-0.01333640981465578,0.9589083790779114,0.23789054155349731,-0.020759107545018196,0.8121073842048645,0.2620800733566284,0.0006452704546973109,0.8578417897224426,0.17810142040252686,-0.003696948755532503,0.8852606415748596,0.12855899333953857,-0.011956864036619663,0.9055487513542175,0.08788026869297028,-0.018679462373256683,0.7800959348678589,0.23313406109809875,-0.004419872537255287,0.8170880675315857,0.14764881134033203,-0.01342853344976902,0.8409332633018494,0.09901367127895355,-0.024438118562102318,0.8613801598548889,0.05690443515777588,-0.0325896292924881,0.7410550713539124,0.22252130508422852,-0.011873673647642136,0.7497031688690186,0.14173278212547302,-0.024753041565418243,0.7560324668884277,0.0856318473815918,-0.03278077393770218,0.7646139860153198,0.03395211696624756,-0.03783708065748215,4
0.6816421747207642,0.4601399898529053,4.145266814248316e-07,0.7500176429748535,0.49535125494003296,-0.018909739330410957,0.8264874219894409,0.4687309265136719,-0.01943189650774002,0.880703330039978,0.4499968886375427,-0.01952560991048813,0.9178336262702942,0.4518415927886963,-0.01894579641520977,0.8374812602996826,0.31726399064064026,0.0013104856479912996,0.8955571055412292,0.28362271189689636,-0.005057057365775108,0.9312474131584167,0.2600535750389099,-0.013583129271864891,0.95880126953125,0.2402878701686859,-0.020856207236647606,0.8125526905059814,0.26120081543922424,0.0006541515467688441,0.8587709665298462,0.17775043845176697,-0.0032526978757232428,0.8859997987747192,0.12858174741268158,-0.01091422326862812,0.9060285091400146,0.08848360180854797,-0.01719720847904682,0.7810168266296387,0.23163366317749023,-0.004163345787674189,0.8183615207672119,0.14679159224033356,-0.012516908347606659,0.8415902256965637,0.09869354963302612,-0.022830462083220482,0.8615260720252991,0.05714276432991028,-0.030547576025128365,0.7423055171966553,0.22044193744659424,-0.011417094618082047,0.7508679628372192,0.14018487930297852,-0.02349751815199852,0.757007360458374,0.08495388925075531,-0.03091030940413475,0.7654298543930054,0.034231722354888916,-0.035572219640016556,4
0.6834787726402283,0.4587029814720154,4.092497931651451e-07,0.7514404654502869,0.49391597509384155,-0.01920740306377411,0.827639639377594,0.4677479863166809,-0.020026041194796562,0.8814477920532227,0.4483754336833954,-0.020330091938376427,0.9186347126960754,0.4506992697715759,-0.02004743181169033,0.8380786776542664,0.31671324372291565,0.000169076316524297,0.8959325551986694,0.2827066481113434,-0.006785180419683456,0.9316228628158569,0.2587175965309143,-0.015686191618442535,0.9592793583869934,0.2382742464542389,-0.023301757872104645,0.8130689859390259,0.26053255796432495,-0.0005521921557374299,0.8589267730712891,0.17674116790294647,-0.005342680960893631,0.886101484298706,0.12732531130313873,-0.013778292573988438,0.9062482714653015,0.08677439391613007,-0.02067641168832779,0.7815402150154114,0.23126867413520813,-0.0053588091395795345,0.8184532523155212,0.14615093171596527,-0.014423259533941746,0.841831386089325,0.09724082052707672,-0.025461532175540924,0.8621196150779724,0.05492591857910156,-0.03373878821730614,0.7427733540534973,0.22068870067596436,-0.012565741315484047,0.7511916756629944,0.1402665674686432,-0.02518470399081707,0.7573792934417725,0.08464817702770233,-0.03311033919453621,0.7659525275230408,0.03349378705024719,-0.03822628781199455,4
0.6843327879905701,0.4598206877708435,4.201167485007318e-07,0.7527037858963013,0.4941883683204651,-0.018491331487894058,0.8285103440284729,0.46837669610977173,-0.018767593428492546,0.8825664520263672,0.44947248697280884,-0.018711062148213387,0.9197096824645996,0.45080089569091797,-0.017967142164707184,0.8390113711357117,0.31709185242652893,0.0026080422103405,0.8972659111022949,0.2840547263622284,-0.00341637316159904,0.9332395792007446,0.2604755163192749,-0.01181385014206171,0.9610819816589355,0.2404135763645172,-0.01899176649749279,0.8144280314445496,0.260964035987854,0.001959315501153469,0.8604503870010376,0.17778317630290985,-0.0016214412171393633,0.8877319097518921,0.128351092338562,-0.009213012643158436,0.9079397916793823,0.08800871670246124,-0.015460134483873844,0.7832534313201904,0.2310645580291748,-0.002881728345528245,0.8202120661735535,0.1460907906293869,-0.011007430963218212,0.8435807228088379,0.09841535985469818,-0.02131522074341774,0.8636030554771423,0.057524412870407104,-0.029024465009570122,0.7448620200157166,0.21928752958774567,-0.010134810581803322,0.7531724572181702,0.138771653175354,-0.02190675400197506,0.7591969966888428,0.08362074196338654,-0.029223481193184853,0.7676292657852173,0.03319793939590454,-0.033845413476228714,4
0.6854351758956909,0.45789265632629395,4.056882119130023e-07,0.7527669668197632,0.4926244914531708,-0.01885530725121498,0.828885555267334,0.467618465423584,-0.019912317395210266,0.8831056356430054,0.44967302680015564,-0.02051037736237049,0.92015141248703,0.45166146755218506,-0.02054165117442608,0.8399102687835693,0.31760072708129883,-0.0004231692582834512,0.8978635668754578,0.28439217805862427,-0.007672267034649849,0.9335588216781616,0.26072946190834045,-0.01671011559665203,0.9614542722702026,0.24028906226158142,-0.024379240348935127,0.8151074051856995,0.2606438398361206,-0.0013371903914958239,0.861047625541687,0.1770297884941101,-0.006246126722544432,0.8882628679275513,0.12835928797721863,-0.014454358257353306,0.9086323380470276,0.0881766676902771,-0.0211523175239563,0.7837820649147034,0.2306308150291443,-0.006240641698241234,0.8205247521400452,0.14547784626483917,-0.015124564990401268,0.844032347202301,0.09766851365566254,-0.025543518364429474,0.8646127581596375,0.05615684390068054,-0.03341248631477356,0.7454758286476135,0.21982313692569733,-0.013549217954277992,0.7538185119628906,0.1393963098526001,-0.0258198119699955,0.7597917914390564,0.08410994708538055,-0.03325186297297478,0.768226683139801,0.03302091360092163,-0.03800295293331146,4
0.6855019330978394,0.457931786775589,4.11964748536775e-07,0.7533015012741089,0.4925081729888916,-0.018594816327095032,0.8293569087982178,0.4681457281112671,-0.019172238186001778,0.8836657404899597,0.4503757357597351,-0.01933716982603073,0.9204816818237305,0.45154231786727905,-0.01889658160507679,0.840733528137207,0.31837257742881775,0.001042185234837234,0.8991357088088989,0.28493815660476685,-0.005284683313220739,0.9347203969955444,0.2607583701610565,-0.013763930648565292,0.9623802304267883,0.23989719152450562,-0.021084226667881012,0.8158048391342163,0.26175764203071594,0.00030450097983703017,0.8619739413261414,0.17859013378620148,-0.003733759978786111,0.889232337474823,0.12963144481182098,-0.011667345650494099,0.9094893932342529,0.08945408463478088,-0.018226750195026398,0.7844529151916504,0.23168832063674927,-0.004471057094633579,0.8214380741119385,0.14684371650218964,-0.01277461089193821,0.8449776768684387,0.09905123710632324,-0.02332994155585766,0.8653833866119385,0.05761164426803589,-0.03134928271174431,0.746119499206543,0.22001147270202637,-0.011629064567387104,0.754521369934082,0.14004431664943695,-0.023642882704734802,0.7605158686637878,0.08496814966201782,-0.031179210171103477,0.7690227031707764,0.03428751230239868,-0.0360182523727417,4
0.6850129961967468,0.45939695835113525,4.0980538074109063e-07,0.752817690372467,0.4934268593788147,-0.01905810832977295,0.8291997909545898,0.4680335521697998,-0.01998263970017433,0.8832041025161743,0.44989538192749023,-0.02042771689593792,0.9203455448150635,0.4511982798576355,-0.020255807787179947,0.8399859070777893,0.31767499446868896,0.00016385804337915033,0.8980602025985718,0.2846093773841858,-0.007071466185152531,0.9338056445121765,0.2606085240840912,-0.016300411894917488,0.9615378975868225,0.23992237448692322,-0.02409261278808117,0.8151457905769348,0.261247843503952,-0.0006581187481060624,0.8609346151351929,0.17748430371284485,-0.0055077169090509415,0.8879931569099426,0.1282314509153366,-0.013912183232605457,0.9080411791801453,0.08764570951461792,-0.020719284191727638,0.7838279008865356,0.2315715253353119,-0.005543629638850689,0.8203349113464355,0.14638657867908478,-0.01433764211833477,0.8439239859580994,0.09815739095211029,-0.024817651137709618,0.8646022081375122,0.05630218982696533,-0.03270799294114113,0.745302677154541,0.22083401679992676,-0.012865642085671425,0.7532954216003418,0.1405828595161438,-0.024875255301594734,0.7594796419143677,0.08586305379867554,-0.03211463615298271,0.7682745456695557,0.03542512655258179,-0.036739740520715714,4
0.6841265559196472,0.4600765109062195,4.088864216100774e-07,0.7515586018562317,0.4942880868911743,-0.019547121599316597,0.8281957507133484,0.4679184854030609,-0.02065402641892433,0.8824436664581299,0.44966211915016174,-0.021171221509575844,0.9193326830863953,0.4508246183395386,-0.021064016968011856,0.8392545580863953,0.31750163435935974,-0.0007644743891432881,0.8969966769218445,0.28411492705345154,-0.007969035767018795,0.9325580596923828,0.26003754138946533,-0.01700648106634617,0.9600723385810852,0.2397177517414093,-0.02461167983710766,0.814121663570404,0.2603919804096222,-0.0013166730059310794,0.8599162697792053,0.17636512219905853,-0.005998881533741951,0.8869239091873169,0.12765078246593475,-0.013947379775345325,0.9067622423171997,0.08850325644016266,-0.020377719774842262,0.7824499607086182,0.23053933680057526,-0.005963840056210756,0.819015383720398,0.1448834389448166,-0.014842507429420948,0.842397153377533,0.09644743800163269,-0.025232121348381042,0.8626133799552917,0.05510216951370239,-0.0329856239259243,0.7438716888427734,0.22010129690170288,-0.013067695312201977,0.7521407604217529,0.13961097598075867,-0.0254829004406929,0.7579027414321899,0.08441649377346039,-0.03293959051370621,0.7660026550292969,0.03385871648788452,-0.03760148584842682,4
0.6832617521286011,0.45930349826812744,4.25805410486646e-07,0.7514771223068237,0.49257951974868774,-0.01943826861679554,0.8277396559715271,0.46646493673324585,-0.02011789195239544,0.8820446133613586,0.4480523467063904,-0.02027185633778572,0.9192279577255249,0.44873371720314026,-0.019656553864479065,0.8378592729568481,0.31552985310554504,0.001507214386947453,0.8959860801696777,0.2823235094547272,-0.004984957166016102,0.9319770336151123,0.25880736112594604,-0.013734590262174606,0.9598995447158813,0.23937779664993286,-0.021055186167359352,0.8130622506141663,0.2590729296207428,0.0012683866079896688,0.8589105606079102,0.175018772482872,-0.0025600919034332037,0.8864136338233948,0.12557049095630646,-0.010243197903037071,0.9067528247833252,0.08586597442626953,-0.016474151983857155,0.7817680239677429,0.22938045859336853,-0.0032214198727160692,0.8181390762329102,0.14441992342472076,-0.011477401480078697,0.84144526720047,0.09653086960315704,-0.021622497588396072,0.8614625930786133,0.055575013160705566,-0.029130445793271065,0.7435097694396973,0.21817679703235626,-0.010224181227385998,0.7516695857048035,0.13801772892475128,-0.022021496668457985,0.7575049996376038,0.0828893631696701,-0.029141822829842567,0.7657037377357483,0.03228074312210083,-0.03353475034236908,4
0.6830454468727112,0.4565959870815277,4.151332291257859e-07,0.7508620023727417,0.4897731840610504,-0.019393760710954666,0.8271918296813965,0.46428513526916504,-0.02074124850332737,0.881416916847229,0.4453532099723816,-0.021571092307567596,0.9188425540924072,0.4459189176559448,-0.021777311339974403,0.8372721076011658,0.3139176368713379,-0.000602687185164541,0.8957444429397583,0.280068039894104,-0.008113238029181957,0.931777834892273,0.25613877177238464,-0.01741020753979683,0.9597998857498169,0.23630072176456451,-0.0251767598092556,0.8123189210891724,0.2577442526817322,-0.0012888482306152582,0.8584326505661011,0.17368826270103455,-0.0063208299688994884,0.8857031464576721,0.12437926232814789,-0.014863654971122742,0.9061601161956787,0.08438532054424286,-0.02183481678366661,0.7809275388717651,0.22812941670417786,-0.0060344175435602665,0.8179798722267151,0.1429615318775177,-0.01496153324842453,0.8415437936782837,0.0940622091293335,-0.025627464056015015,0.8621218204498291,0.05214861035346985,-0.033714450895786285,0.742374062538147,0.2174302488565445,-0.01321689784526825,0.7509813904762268,0.1366899609565735,-0.02535277232527733,0.7571772933006287,0.0812632292509079,-0.032708048820495605,0.7655861377716064,0.030452340841293335,-0.03745615482330322,4
0.6695181727409363,0.9162116050720215,4.0169823023461504e-07,0.7406294941902161,0.9616268873214722,-0.024282939732074738,0.8183625340461731,0.9381858706474304,-0.030242685228586197,0.8711941242218018,0.9083633422851562,-0.03471415489912033,0.9111764430999756,0.9004464149475098,-0.03914431482553482,0.8292126655578613,0.772212028503418,-0.017167173326015472,0.890448808670044,0.732356607913971,-0.03198974207043648,0.9288232326507568,0.7005309462547302,-0.044899728149175644,0.9588587880134583,0.6704670786857605,-0.055335935205221176,0.8011608719825745,0.7106038928031921,-0.01898500882089138,0.8485947847366333,0.6143776178359985,-0.032447293400764465,0.8769495487213135,0.5551198720932007,-0.04511713981628418,0.8989428877830505,0.5028254985809326,-0.054850541055202484,0.7661539316177368,0.6799158453941345,-0.024433238431811333,0.8031798005104065,0.5845897197723389,-0.04091300070285797,0.8289494514465332,0.5242477655410767,-0.05501282587647438,0.8522260189056396,0.46958279609680176,-0.06507382541894913,0.7240902781486511,0.6739035844802856,-0.03226538002490997,0.7324426174163818,0.5829941630363464,-0.050982631742954254,0.7396551370620728,0.5206257104873657,-0.06151071563363075,0.7496140599250793,0.462187260389328,-0.06822903454303741,4
0.6707485914230347,0.9148316383361816,3.9149702502072614e-07,0.7430087327957153,0.9611095190048218,-0.023481089621782303,0.8212600946426392,0.9370079040527344,-0.028256308287382126,0.8740024566650391,0.9065749645233154,-0.031643811613321304,0.9136926531791687,0.8998555541038513,-0.03502209112048149,0.8329006433486938,0.7706155776977539,-0.01448732428252697,0.8935386538505554,0.7296745181083679,-0.027772488072514534,0.9315263032913208,0.6979358792304993,-0.03989901393651962,0.9610377550125122,0.6676471829414368,-0.04997279867529869,0.8047752976417542,0.7092292308807373,-0.016300927847623825,0.8518092036247253,0.6134240031242371,-0.02831285633146763,0.8796169757843018,0.5543943643569946,-0.040578391402959824,0.9010434746742249,0.5017284154891968,-0.05017857253551483,0.7699660658836365,0.6784257888793945,-0.021793320775032043,0.8066490888595581,0.5840906500816345,-0.0371728390455246,0.8327425122261047,0.5242242813110352,-0.05147157981991768,0.856124758720398,0.4696882367134094,-0.061878036707639694,0.7277928590774536,0.6713618636131287,-0.029655659571290016,0.7357879281044006,0.579990029335022,-0.04778238758444786,0.7429288625717163,0.5174171924591064,-0.05855264514684677,0.7528866529464722,0.45886528491973877,-0.06558776646852493,4
0.6743111610412598,0.9086897969245911,3.8697839954693336e-07,0.7450511455535889,0.9586254358291626,-0.024420632049441338,0.8228256702423096,0.931942343711853,-0.029567426070570946,0.8761636018753052,0.900597333908081,-0.033016402274370193,0.9162637591362,0.8953763246536255,-0.03650655224919319,0.8349231481552124,0.7678849101066589,-0.016936715692281723,0.8956452012062073,0.7280575633049011,-0.03073270618915558,0.9334924221038818,0.6953338980674744,-0.04287640377879143,0.962675154209137,0.6648186445236206,-0.05305647477507591,0.80698162317276,0.7058122754096985,-0.01821042411029339,0.8543060421943665,0.6104474067687988,-0.03096100687980652,0.8824498057365417,0.5517847537994385,-0.0431903712451458,0.9038898348808289,0.5003894567489624,-0.05278624966740608,0.7720677256584167,0.6744963526725769,-0.023124326020479202,0.809776782989502,0.5807311534881592,-0.03927995264530182,0.835747241973877,0.5213848352432251,-0.05368434265255928,0.859025776386261,0.4673269987106323,-0.06418702751398087,0.7301603555679321,0.6675952076911926,-0.030395453795790672,0.7386582493782043,0.5778990983963013,-0.04935874417424202,0.7457230091094971,0.5162677764892578,-0.06064644455909729,0.7557052969932556,0.45832130312919617,-0.06809832900762558,4
0.6746394634246826,0.9049171209335327,3.9082090097508626e-07,0.7450870871543884,0.9541842937469482,-0.02389313466846943,0.8231561779975891,0.928383469581604,-0.028543200343847275,0.8766852617263794,0.8985471129417419,-0.03162911534309387,0.9163457751274109,0.8952995538711548,-0.03466138243675232,0.8363699913024902,0.764456033706665,-0.014999795705080032,0.8970729112625122,0.7245321273803711,-0.027778878808021545,0.9345112442970276,0.6924081444740295,-0.039421290159225464,0.9633399844169617,0.6623015403747559,-0.049282342195510864,0.8085444569587708,0.7023503184318542,-0.0162612646818161,0.8558335304260254,0.6074439883232117,-0.028056319802999496,0.8839743733406067,0.5488946437835693,-0.04009563848376274,0.9054983854293823,0.4974711239337921,-0.04958638921380043,0.7740333080291748,0.6705636978149414,-0.021176224574446678,0.81158447265625,0.5776110291481018,-0.036439333111047745,0.8371184468269348,0.5194770097732544,-0.0507347546517849,0.8598990440368652,0.4664735794067383,-0.06119585409760475,0.7324177622795105,0.6623536348342896,-0.02847686968743801,0.740993857383728,0.5731471180915833,-0.0465904138982296,0.7482664585113525,0.5121798515319824,-0.05767085775732994,0.7585264444351196,0.4549790322780609,-0.06502317637205124,4
0.6753848791122437,0.9025524854660034,3.954629903546447e-07,0.7458100914955139,0.9516081809997559,-0.024214740842580795,0.8241725564002991,0.9265341758728027,-0.02899261936545372,0.8777360320091248,0.8975159525871277,-0.032246965914964676,0.9173870086669922,0.8948490023612976,-0.035408828407526016,0.8375805020332336,0.7628358006477356,-0.014402827247977257,0.8985724449157715,0.7235809564590454,-0.027116471901535988,0.9363692998886108,0.6919545531272888,-0.03876926377415657,0.9653740525245667,0.662413477897644,-0.04865757375955582,0.8100672960281372,0.7013679146766663,-0.015556751750409603,0.8576051592826843,0.6081604361534119,-0.02726569212973118,0.8858245015144348,0.5500485301017761,-0.03916032984852791,0.9071507453918457,0.4988499879837036,-0.04851602017879486,0.7756215929985046,0.6698611974716187,-0.0205074455589056,0.8138315081596375,0.5771338939666748,-0.03579368442296982,0.8393726348876953,0.5184673070907593,-0.05001557245850563,0.8619645833969116,0.4648539423942566,-0.06041248142719269,0.7338720560073853,0.6615617275238037,-0.027901045978069305,0.7429217100143433,0.5730978846549988,-0.04626620188355446,0.750415027141571,0.5122600793838501,-0.05744557082653046,0.7608222365379333,0.45495620369911194,-0.06481775641441345,4
0.6757214069366455,0.9016653299331665,3.8589692508139706e-07,0.7455906271934509,0.9513781666755676,-0.024926505982875824,0.8238955736160278,0.9268779158592224,-0.030459314584732056,0.8775203824043274,0.8963937163352966,-0.034237686544656754,0.917911171913147,0.8934251070022583,-0.03794097900390625,0.8383287191390991,0.7637040019035339,-0.01667475327849388,0.8989769816398621,0.7232867479324341,-0.03031930886209011,0.9364513754844666,0.6904932260513306,-0.04237948730587959,0.9651976227760315,0.6600832343101501,-0.052474573254585266,0.8105277419090271,0.7016645669937134,-0.017787611111998558,0.8582739233970642,0.6069392561912537,-0.030402924865484238,0.8865436315536499,0.5482233762741089,-0.042623162269592285,0.9078607559204102,0.4970346689224243,-0.05214419588446617,0.7757022380828857,0.6700230240821838,-0.022627390921115875,0.8140774369239807,0.5769129395484924,-0.03870904818177223,0.8399599194526672,0.5177244544029236,-0.053023070096969604,0.8629024624824524,0.4640849530696869,-0.06341660767793655,0.7337916493415833,0.6621507406234741,-0.02991352789103985,0.7428416609764099,0.5730354189872742,-0.048992693424224854,0.7505258917808533,0.5111396312713623,-0.06039682775735855,0.7611761093139648,0.45286938548088074,-0.06784027814865112,4
0.6753586530685425,0.902091383934021,3.949999438646046e-07,0.7463080286979675,0.9512938857078552,-0.0250638909637928,0.8247539401054382,0.92523193359375,-0.029986925423145294,0.8778043389320374,0.8948580026626587,-0.033215831965208054,0.9175726771354675,0.893252432346344,-0.0362936407327652,0.838146448135376,0.7623348236083984,-0.01459638960659504,0.8986811637878418,0.7222548127174377,-0.02718169428408146,0.9359800815582275,0.6896305680274963,-0.03879300877451897,0.9644900560379028,0.6589332818984985,-0.04874996840953827,0.8103368282318115,0.7003584504127502,-0.01535552367568016,0.8575255870819092,0.6064496040344238,-0.027174020186066628,0.8855865597724915,0.5480135679244995,-0.03927243873476982,0.9066744446754456,0.4967626631259918,-0.048748839646577835,0.775714635848999,0.6685880422592163,-0.01999761164188385,0.813651442527771,0.57624351978302,-0.03547215834259987,0.839356005191803,0.5172414779663086,-0.05013353005051613,0.8622540831565857,0.4631647765636444,-0.06084079295396805,0.7340624332427979,0.660126805305481,-0.027153780683875084,0.7426525950431824,0.5727229714393616,-0.045740507543087006,0.7499614357948303,0.5116989612579346,-0.05740002542734146,0.7604201436042786,0.45409369468688965,-0.06514845788478851,4
0.6763339042663574,0.9026212096214294,3.894624001077318e-07,0.7472353577613831,0.9503421783447266,-0.024002330377697945,0.8251667022705078,0.924631655216217,-0.028578490018844604,0.8782014846801758,0.8952555656433105,-0.03163587301969528,0.9174997210502625,0.8920108079910278,-0.034582942724227905,0.838707447052002,0.7611188888549805,-0.013634647242724895,0.8989647626876831,0.7212624549865723,-0.026149915531277657,0.9364281892776489,0.6897757649421692,-0.03772597387433052,0.965099036693573,0.6603792905807495,-0.04754384607076645,0.8109133243560791,0.6996074914932251,-0.014798440970480442,0.8580501675605774,0.6053707003593445,-0.026253849267959595,0.8858096599578857,0.5473630428314209,-0.03805242478847504,0.9066880345344543,0.49650707840919495,-0.04732637479901314,0.7763737440109253,0.6685357689857483,-0.019792040809988976,0.8141286373138428,0.5760475397109985,-0.03474288806319237,0.8397743105888367,0.5167268514633179,-0.048986341804265976,0.862693190574646,0.4625280499458313,-0.059451036155223846,0.7347473502159119,0.6608253121376038,-0.027242587879300117,0.7432168126106262,0.5727694630622864,-0.04530642181634903,0.750648021697998,0.5113621950149536,-0.05655049532651901,0.761218249797821,0.4535480737686157,-0.06401117146015167,4
0.6774617433547974,0.9007781744003296,3.8778523503424367e-07,0.7471633553504944,0.9479449391365051,-0.023981943726539612,0.8241180181503296,0.922359824180603,-0.029472362250089645,0.8774845600128174,0.89299476146698,-0.033440057188272476,0.917591392993927,0.8902179002761841,-0.03739863634109497,0.8387601971626282,0.7598698139190674,-0.015777572989463806,0.8989585041999817,0.7199149131774902,-0.02929874137043953,0.936434805393219,0.6881282925605774,-0.041390080004930496,0.965383768081665,0.6585055589675903,-0.05148100107908249,0.8110823035240173,0.6981901526451111,-0.017262833192944527,0.8582362532615662,0.6037805080413818,-0.029449207708239555,0.8857921957969666,0.5455114841461182,-0.041419997811317444,0.9067420959472656,0.4944421648979187,-0.05084226280450821,0.7764340043067932,0.6668214797973633,-0.02240951545536518,0.8142977952957153,0.5744131207466125,-0.03783812373876572,0.8397288918495178,0.515026330947876,-0.05175921693444252,0.8624314069747925,0.46121278405189514,-0.06200698763132095,0.734682023525238,0.6593679189682007,-0.02995925396680832,0.7435469627380371,0.5707216262817383,-0.04823477193713188,0.7509613037109375,0.5093319416046143,-0.05907183885574341,0.7612663507461548,0.4517783224582672,-0.06620713323354721,4
0.6777917742729187,0.8995121717453003,3.8305438465613406e-07,0.7476259469985962,0.9474115967750549,-0.02388102561235428,0.8249973654747009,0.9224016070365906,-0.029148783534765244,0.8782652616500854,0.8934708833694458,-0.0328993946313858,0.9180810451507568,0.8901887536048889,-0.03664838522672653,0.83906489610672,0.7600997686386108,-0.015671785920858383,0.8991450667381287,0.7198553681373596,-0.029057597741484642,0.9364210963249207,0.6876158714294434,-0.04101337864995003,0.9652105569839478,0.657564640045166,-0.051034171134233475,0.8115720748901367,0.698600172996521,-0.017262186855077744,0.8587648868560791,0.6040576696395874,-0.029449261724948883,0.886540412902832,0.545684814453125,-0.04146609082818031,0.907673180103302,0.49454858899116516,-0.050901710987091064,0.7771195769309998,0.667282223701477,-0.022519592195749283,0.8146445751190186,0.5747448801994324,-0.038030169904232025,0.8402424454689026,0.5156139731407166,-0.052233561873435974,0.863201379776001,0.4620704650878906,-0.06266944855451584,0.7355501651763916,0.6596558690071106,-0.030166421085596085,0.7438720464706421,0.5711233019828796,-0.04853106662631035,0.7510819435119629,0.5096045136451721,-0.05960178002715111,0.7613566517829895,0.45199570059776306,-0.0669378861784935,4
0.6782837510108948,0.9020982980728149,3.832854815755127e-07,0.7483808398246765,0.9487708806991577,-0.024065135046839714,0.8260732293128967,0.9225940108299255,-0.029110843315720558,0.878943681716919,0.892691433429718,-0.03259413689374924,0.9183330535888672,0.8887799978256226,-0.03597729653120041,0.839123547077179,0.760405421257019,-0.015312327072024345,0.8995930552482605,0.7196238040924072,-0.028307156637310982,0.9368493556976318,0.6865274310112,-0.03995441272854805,0.9654778838157654,0.655805230140686,-0.0497758686542511,0.8113933205604553,0.6989380717277527,-0.016600608825683594,0.8583329319953918,0.6035231351852417,-0.028479140251874924,0.8862051963806152,0.5444822311401367,-0.04023519903421402,0.9073343276977539,0.49307042360305786,-0.04945322871208191,0.7769936919212341,0.6677846908569336,-0.021603761240839958,0.814275860786438,0.5742722749710083,-0.036811187863349915,0.8399952054023743,0.5147752165794373,-0.05090412497520447,0.8629516363143921,0.46078890562057495,-0.06126201152801514,0.7357941269874573,0.6605485677719116,-0.029041986912488937,0.7439298629760742,0.5717368125915527,-0.04726487025618553,0.7510311603546143,0.5097359418869019,-0.05841619521379471,0.7611283659934998,0.45155590772628784,-0.06579098850488663,4
0.6779126524925232,0.9006581902503967,3.915356785455515e-07,0.7486119270324707,0.9488409161567688,-0.02555742859840393,0.8261507749557495,0.9224680662155151,-0.031413380056619644,0.8792988061904907,0.8913499116897583,-0.0354994460940361,0.9195452928543091,0.8869784474372864,-0.039539702236652374,0.8393031358718872,0.759904682636261,-0.016812840476632118,0.8991456031799316,0.7191934585571289,-0.030715705826878548,0.9366405010223389,0.6868325471878052,-0.04314534366130829,0.9658266305923462,0.656531035900116,-0.053539641201496124,0.8114752173423767,0.6984987258911133,-0.017636118456721306,0.8577690720558167,0.6040382981300354,-0.030276412144303322,0.8853434324264526,0.5455073118209839,-0.042632848024368286,0.9065967798233032,0.49385571479797363,-0.05238192528486252,0.7767277956008911,0.667388379573822,-0.022330136969685555,0.8138018250465393,0.5748781561851501,-0.0383823961019516,0.839170515537262,0.5153475403785706,-0.05281611531972885,0.8621238470077515,0.46078890562057495,-0.06339800357818604,0.7350243330001831,0.6595861911773682,-0.029581280425190926,0.7433733344078064,0.5708732008934021,-0.04852192476391792,0.7506083250045776,0.5093061923980713,-0.059994734823703766,0.7610354423522949,0.45115765929222107,-0.06763011962175369,4
0.6780083179473877,0.9015167355537415,3.880597319039225e-07,0.7488796710968018,0.9490411877632141,-0.024513525888323784,0.8265272974967957,0.9227259159088135,-0.02977289818227291,0.8793594241142273,0.8919256329536438,-0.0334208644926548,0.9192510843276978,0.8884801864624023,-0.03699879348278046,0.8394327759742737,0.7600817680358887,-0.015446770936250687,0.899815022945404,0.7186596989631653,-0.028584130108356476,0.9371499419212341,0.6857268810272217,-0.040387433022260666,0.9658811092376709,0.6549526453018188,-0.05034886300563812,0.8115862607955933,0.698887050151825,-0.016603436321020126,0.8583958745002747,0.604446530342102,-0.028687817975878716,0.8860506415367126,0.545479416847229,-0.04070458188652992,0.9070775508880615,0.49378451704978943,-0.050125863403081894,0.7770028114318848,0.667680025100708,-0.021532448008656502,0.8144878149032593,0.5745549201965332,-0.0369669571518898,0.8403019905090332,0.5149970650672913,-0.0512213371694088,0.8634846210479736,0.46095216274261475,-0.06169119104743004,0.7354728579521179,0.6598208546638489,-0.028933994472026825,0.7435768842697144,0.5708668828010559,-0.047379232943058014,0.7508854866027832,0.5091259479522705,-0.05868659168481827,0.7613559365272522,0.4513932764530182,-0.06616491079330444,4
0.6789273023605347,0.8982169032096863,3.8532181179107283e-07,0.7487086653709412,0.9451121687889099,-0.024169553071260452,0.8256952166557312,0.9193724393844604,-0.02984531596302986,0.8785401582717896,0.8897640705108643,-0.03400012478232384,0.9183787703514099,0.8857563734054565,-0.03817302733659744,0.8385505676269531,0.7576150298118591,-0.016893433406949043,0.8984773755073547,0.7166398167610168,-0.030992357060313225,0.9360264539718628,0.6840574145317078,-0.04333309829235077,0.9651330709457397,0.6539515256881714,-0.05353877320885658,0.8109539747238159,0.6965498328208923,-0.01850748620927334,0.8577630519866943,0.6013135313987732,-0.031264886260032654,0.8856008648872375,0.5419619083404541,-0.043444376438856125,0.9067071676254272,0.49017179012298584,-0.05298691615462303,0.7763832211494446,0.6657400131225586,-0.023773327469825745,0.8141857981681824,0.5720530152320862,-0.03973107784986496,0.8397772908210754,0.5118385553359985,-0.053856223821640015,0.8625787496566772,0.45738327503204346,-0.06420514732599258,0.734875500202179,0.658833920955658,-0.031435444951057434,0.7432035207748413,0.5696282982826233,-0.05021003261208534,0.7506048679351807,0.5078074932098389,-0.06134597584605217,0.7608768343925476,0.4500008225440979,-0.06867312639951706,4
0.6799998879432678,0.8984255194664001,3.832636537026701e-07,0.7501436471939087,0.9457787871360779,-0.024152854457497597,0.8269072771072388,0.920127272605896,-0.029615601524710655,0.8794143795967102,0.889757513999939,-0.03349354863166809,0.9189262390136719,0.8855804800987244,-0.037364330142736435,0.8405119180679321,0.7573080062866211,-0.016622714698314667,0.9005731344223022,0.7169039249420166,-0.030359571799635887,0.9378516674041748,0.6841728687286377,-0.04244714230298996,0.9664108753204346,0.6535220742225647,-0.05254773423075676,0.8127952218055725,0.6961168050765991,-0.018067840486764908,0.8592014908790588,0.6009557247161865,-0.03071899153292179,0.886357843875885,0.5419193506240845,-0.04287279024720192,0.906762957572937,0.4900932013988495,-0.05239821597933769,0.7780335545539856,0.6651896834373474,-0.02313760481774807,0.8152953386306763,0.5719394683837891,-0.03911430016160011,0.8404207825660706,0.5122949481010437,-0.05340825021266937,0.8627570867538452,0.4579748511314392,-0.06384329497814178,0.7361139059066772,0.658158004283905,-0.030567701905965805,0.7442914843559265,0.5695170760154724,-0.049435071647167206,0.7513852119445801,0.5078354477882385,-0.060718268156051636,0.7614007592201233,0.4498055875301361,-0.06812746822834015,4
0.679842472076416,0.8984266519546509,3.8228063203860074e-07,0.7502027750015259,0.9453001618385315,-0.02474411390721798,0.8267437815666199,0.919540524482727,-0.03072839416563511,0.8794867992401123,0.8895007371902466,-0.03504222258925438,0.9197382926940918,0.8857771158218384,-0.03930160403251648,0.84015291929245,0.7579635381698608,-0.017079954966902733,0.9001645445823669,0.7166196703910828,-0.030920719727873802,0.9373815059661865,0.6836790442466736,-0.04311983287334442,0.9662029147148132,0.6527090668678284,-0.05332304164767265,0.8126102089881897,0.6968653202056885,-0.01828424260020256,0.8588846325874329,0.6011373996734619,-0.03077579103410244,0.8859695792198181,0.5421755313873291,-0.04272565245628357,0.906613826751709,0.4905833601951599,-0.05213465169072151,0.7781978845596313,0.6658903360366821,-0.023188218474388123,0.8152465224266052,0.5727013945579529,-0.038833990693092346,0.840704083442688,0.5129396319389343,-0.052729927003383636,0.863600492477417,0.4586920440196991,-0.06296706199645996,0.736925482749939,0.658674418926239,-0.030569832772016525,0.7449928522109985,0.5697442293167114,-0.04901912808418274,0.7521196007728577,0.5079721212387085,-0.06001398712396622,0.7621760964393616,0.45010676980018616,-0.06727281957864761,4
0.6796198487281799,0.8989694118499756,3.845521803214069e-07,0.7508919835090637,0.9459667205810547,-0.02452583611011505,0.8278749585151672,0.9191593527793884,-0.02985992841422558,0.8800337910652161,0.8892210721969604,-0.03366069868206978,0.919765830039978,0.8845726251602173,-0.037398844957351685,0.8411709666252136,0.7571969032287598,-0.015143207274377346,0.9005394577980042,0.7154974937438965,-0.028163662180304527,0.9374423027038574,0.6828305125236511,-0.04005778580904007,0.9659805297851562,0.6521187424659729,-0.05016716197133064,0.8133766055107117,0.6964139938354492,-0.016514433547854424,0.8591634035110474,0.6007407903671265,-0.028461037203669548,0.8864794373512268,0.5418742895126343,-0.04054431617259979,0.9071266055107117,0.49052348732948303,-0.05008666589856148,0.7786222696304321,0.6658536195755005,-0.021729735657572746,0.8154022097587585,0.5728809237480164,-0.037378352135419846,0.8409731984138489,0.5136298537254333,-0.05198988690972328,0.8639613389968872,0.45958516001701355,-0.06270807236433029,0.7371031641960144,0.658604085445404,-0.029415396973490715,0.7450022101402283,0.5700641870498657,-0.048267122358083725,0.7520495057106018,0.5082191824913025,-0.05995812639594078,0.7621657848358154,0.44996073842048645,-0.06773894280195236,4
0.6808711290359497,0.8975552320480347,3.835524751139019e-07,0.7507299184799194,0.9440628290176392,-0.02422630600631237,0.8280128240585327,0.9171193242073059,-0.02958214282989502,0.8805752992630005,0.8842063546180725,-0.033447276800870895,0.920315146446228,0.880487322807312,-0.03724639117717743,0.8405053019523621,0.7546301484107971,-0.015455478802323341,0.9000523686408997,0.7118281126022339,-0.028887594118714333,0.9374960660934448,0.6795898675918579,-0.04085911065340042,0.9665805101394653,0.6502256393432617,-0.05082547664642334,0.8123931288719177,0.6940289735794067,-0.01687782257795334,0.8582683205604553,0.5981041193008423,-0.02908365987241268,0.8854567408561707,0.5390616655349731,-0.04101313278079033,0.9063197374343872,0.48772335052490234,-0.050313886255025864,0.777734100818634,0.6637412309646606,-0.022035954520106316,0.8147499561309814,0.5696805119514465,-0.037663646042346954,0.8399723768234253,0.5095149874687195,-0.05156845971941948,0.862747073173523,0.45532676577568054,-0.06170035898685455,0.7362231612205505,0.6573300361633301,-0.029639963060617447,0.7442590594291687,0.5676710605621338,-0.04815448448061943,0.7513399124145508,0.5055832862854004,-0.05912128835916519,0.7614869475364685,0.4473961889743805,-0.06628576666116714,4
0.6808186173439026,0.8954783082008362,3.8481283581859316e-07,0.750892698764801,0.9420714378356934,-0.024369942024350166,0.8276896476745605,0.9144970178604126,-0.030183088034391403,0.8808347582817078,0.8824418187141418,-0.03442952036857605,0.9210150241851807,0.8796482682228088,-0.03859854117035866,0.8405472040176392,0.7522484064102173,-0.01642981916666031,0.9000419974327087,0.7103404998779297,-0.029999857768416405,0.9369959235191345,0.6774256825447083,-0.0421082004904747,0.9655232429504395,0.6469269394874573,-0.052265964448451996,0.812699556350708,0.6915907859802246,-0.01779228262603283,0.858329176902771,0.5963781476020813,-0.03024536930024624,0.8853995203971863,0.537180483341217,-0.04232927784323692,0.9059436321258545,0.48530617356300354,-0.05178431048989296,0.7780705094337463,0.660652220249176,-0.022799042984843254,0.8149946928024292,0.5667160153388977,-0.03861037269234657,0.8402734398841858,0.5070632100105286,-0.05260733887553215,0.8627609014511108,0.45320719480514526,-0.06279321759939194,0.7367426156997681,0.6538317799568176,-0.030209101736545563,0.7445389032363892,0.5646488666534424,-0.04880742356181145,0.7515454888343811,0.503446638584137,-0.0597684383392334,0.7613360285758972,0.4463805556297302,-0.06690116226673126,4
0.6806997060775757,0.8929002285003662,3.788515527958225e-07,0.7518921494483948,0.9402153491973877,-0.023766864091157913,0.829070508480072,0.9129807949066162,-0.028780195862054825,0.8812856674194336,0.8818995356559753,-0.0323585607111454,0.9205987453460693,0.8770791292190552,-0.03596755862236023,0.8416630625724792,0.7508100867271423,-0.015233241952955723,0.9006741046905518,0.7088720798492432,-0.028498530387878418,0.9375976324081421,0.6765308976173401,-0.040560029447078705,0.9662024974822998,0.6461694240570068,-0.05072379857301712,0.8137633800506592,0.6904515027999878,-0.016847489401698112,0.8594632148742676,0.5951315760612488,-0.02889699675142765,0.8864109516143799,0.5362561941146851,-0.04103352874517441,0.9066601991653442,0.48461049795150757,-0.050673432648181915,0.7789908051490784,0.6601813435554504,-0.022164009511470795,0.8157356977462769,0.5670174360275269,-0.03769746050238609,0.840782642364502,0.5071703195571899,-0.052081409841775894,0.863027036190033,0.4527339041233063,-0.06268856674432755,0.7372881770133972,0.6533066034317017,-0.029869364574551582,0.7452274560928345,0.5646013021469116,-0.04840671271085739,0.7522947192192078,0.5029146671295166,-0.0597299188375473,0.7622763514518738,0.4450136423110962,-0.06729047000408173,4
0.6806949973106384,0.8921893239021301,3.8369734056686866e-07,0.7517341375350952,0.9376072883605957,-0.024354947730898857,0.8288119435310364,0.9117426872253418,-0.02998797409236431,0.8809106945991516,0.8807104229927063,-0.034115519374608994,0.9205036759376526,0.8757116794586182,-0.03817659988999367,0.840711772441864,0.7499322891235352,-0.0159232746809721,0.9001635313034058,0.7075051069259644,-0.029520194977521896,0.9373030066490173,0.6752491593360901,-0.041677288711071014,0.966241717338562,0.6453473567962646,-0.05179827660322189,0.8130042552947998,0.6892058849334717,-0.01737934909760952,0.8590478897094727,0.5935055613517761,-0.029733819887042046,0.8864368200302124,0.5345334410667419,-0.041889309883117676,0.9072360992431641,0.48288577795028687,-0.05141579359769821,0.7785171270370483,0.6586303114891052,-0.022559404373168945,0.8154726028442383,0.565262496471405,-0.03818934038281441,0.8411080241203308,0.505003809928894,-0.05235926806926727,0.8639761805534363,0.4505497217178345,-0.06274186074733734,0.7371680736541748,0.6519380807876587,-0.030191147699952126,0.7451742887496948,0.5627362728118896,-0.048637505620718,0.7524698376655579,0.5007742047309875,-0.05967509001493454,0.7625112533569336,0.44281548261642456,-0.0669504702091217,4
0.6804249286651611,0.890545129776001,3.738796010566148e-07,0.7518295049667358,0.936849057674408,-0.023132773116230965,0.8293847441673279,0.909577488899231,-0.02770163118839264,0.8819594979286194,0.8783898949623108,-0.030921055004000664,0.9213593602180481,0.8736212253570557,-0.03418996185064316,0.8411596417427063,0.7472254633903503,-0.014057580381631851,0.9000281095504761,0.704997718334198,-0.026711128652095795,0.9369129538536072,0.6726158261299133,-0.038307130336761475,0.9653404951095581,0.6429632902145386,-0.0481230765581131,0.8130311965942383,0.6870968341827393,-0.015827443450689316,0.8588067889213562,0.5908057689666748,-0.027419250458478928,0.8857557773590088,0.5319424271583557,-0.03928297013044357,0.9061365127563477,0.48054012656211853,-0.048647016286849976,0.7782871723175049,0.6570600867271423,-0.021255703642964363,0.8156296014785767,0.5636176466941833,-0.036572281271219254,0.8410492539405823,0.5038508772850037,-0.05088767036795616,0.8635753393173218,0.44956332445144653,-0.06137656420469284,0.7367836833000183,0.6504951119422913,-0.02898680791258812,0.7450053095817566,0.5614482760429382,-0.04753908887505531,0.7519875764846802,0.49957531690597534,-0.0587969571352005,0.7618696093559265,0.44139108061790466,-0.06621956080198288,4
0.6802626252174377,0.8879733085632324,3.715662728609459e-07,0.7518500685691833,0.9352453351020813,-0.022686423733830452,0.8288065195083618,0.9076279401779175,-0.02697812020778656,0.8813098073005676,0.8760248422622681,-0.029947422444820404,0.9207826852798462,0.8710167407989502,-0.03295779600739479,0.8404962420463562,0.7461615204811096,-0.013989496976137161,0.8998541235923767,0.703877329826355,-0.026672357693314552,0.9370437264442444,0.6716228127479553,-0.03817387670278549,0.9657250046730042,0.6420614123344421,-0.0478966124355793,0.8126220107078552,0.6856059432029724,-0.01576418988406658,0.8586947917938232,0.5893005132675171,-0.027399709448218346,0.8859313726425171,0.5301660299301147,-0.03924747556447983,0.9064821004867554,0.4787645637989044,-0.048601455986499786,0.7781234383583069,0.6549779176712036,-0.021121744066476822,0.8153690695762634,0.5613031983375549,-0.03617402911186218,0.8412020802497864,0.5014023780822754,-0.05033667013049126,0.8642184734344482,0.447335422039032,-0.060779910534620285,0.73681640625,0.6479130983352661,-0.0287556741386652,0.7448984384536743,0.5586084127426147,-0.0468750074505806,0.752386212348938,0.49691280722618103,-0.05800000950694084,0.7628652453422546,0.4393419623374939,-0.06539780646562576,4
0.6806911826133728,0.8886312246322632,3.6987637486163294e-07,0.7518448233604431,0.9354274272918701,-0.02376662753522396,0.8289811015129089,0.9073603749275208,-0.028733165934681892,0.881274938583374,0.874850332736969,-0.03219541162252426,0.9209229946136475,0.8693887591362,-0.03567460551857948,0.841181755065918,0.7455844879150391,-0.015303866006433964,0.9000643491744995,0.7038066387176514,-0.028406864032149315,0.9370020031929016,0.6707962155342102,-0.04023415222764015,0.9653526544570923,0.6406072378158569,-0.05018668249249458,0.8132264018058777,0.6852832436561584,-0.016849465668201447,0.8588852882385254,0.5886943936347961,-0.0286656953394413,0.8857290744781494,0.5296396017074585,-0.04035357013344765,0.9059195518493652,0.47814205288887024,-0.04960078373551369,0.7785444259643555,0.6550499796867371,-0.022092824801802635,0.8157221078872681,0.5610492825508118,-0.037562046200037,0.8410030603408813,0.5012673735618591,-0.05163644626736641,0.8634481430053711,0.44687944650650024,-0.0619543194770813,0.7371413111686707,0.6484104990959167,-0.029715603217482567,0.7451050281524658,0.5586940050125122,-0.04843779280781746,0.7520347237586975,0.49699604511260986,-0.05969345197081566,0.7618740797042847,0.4389303922653198,-0.06709859520196915,4
0.06345020979642868,0.44938790798187256,5.752989409302245e-07,0.12350355833768845,0.4676583409309387,-0.0246779415756464,0.18520551919937134,0.45467090606689453,-0.03388715907931328,0.2364354133605957,0.4489630460739136,-0.04184989258646965,0.27419835329055786,0.45250391960144043,-0.048849914222955704,0.18996068835258484,0.3015412986278534,-0.009319663979113102,0.24881495535373688,0.26480618119239807,-0.024225078523159027,0.2855236530303955,0.24531319737434387,-0.03898436203598976,0.316365122795105,0.23075824975967407,-0.04914667829871178,0.16737166047096252,0.2516981363296509,-0.008455876260995865,0.2129921168088913,0.1701914519071579,-0.019202910363674164,0.2440497726202011,0.12241199612617493,-0.03167964890599251,0.2705891728401184,0.08187630772590637,-0.04093874618411064,0.13860152661800385,0.22434592247009277,-0.011722943745553493,0.17480239272117615,0.14615526795387268,-0.023890791460871696,0.202614888548851,0.1002669632434845,-0.034456003457307816,0.22772879898548126,0.061559587717056274,-0.041240088641643524,0.10291487723588943,0.2142322063446045,-0.017850924283266068,0.11662615835666656,0.1404333859682083,-0.02973504364490509,0.12705543637275696,0.09170369803905487,-0.03438495472073555,0.13836827874183655,0.046866387128829956,-0.036435194313526154,4
0.06466520577669144,0.4510483145713806,5.791154080725391e-07,0.12473680078983307,0.46990108489990234,-0.02464454248547554,0.18528446555137634,0.45852088928222656,-0.03430899232625961,0.23638024926185608,0.4526529312133789,-0.04279375076293945,0.27459800243377686,0.4549661874771118,-0.05039871484041214,0.1901363581418991,0.304717093706131,-0.009721949696540833,0.24909189343452454,0.26898181438446045,-0.025179661810398102,0.2862253189086914,0.24964579939842224,-0.04029703512787819,0.3173062205314636,0.234928697347641,-0.05065815523266792,0.16793721914291382,0.2544010579586029,-0.009025215171277523,0.21405759453773499,0.17393015325069427,-0.020266234874725342,0.24561943113803864,0.12618465721607208,-0.0329497791826725,0.27244624495506287,0.08549728989601135,-0.04230201244354248,0.13933725655078888,0.22673726081848145,-0.012434732168912888,0.1760498285293579,0.14838695526123047,-0.025025922805070877,0.20379053056240082,0.10210272669792175,-0.03558278828859329,0.22879938781261444,0.06284183263778687,-0.04226890206336975,0.1036473885178566,0.21672606468200684,-0.018656445667147636,0.11748047173023224,0.14273886382579803,-0.030861953273415565,0.12826798856258392,0.09423843026161194,-0.03553113713860512,0.13993754982948303,0.049447327852249146,-0.03750571236014366,4
0.06510471552610397,0.4547257423400879,5.832592364640732e-07,0.12582692503929138,0.4743838310241699,-0.025097502395510674,0.1869189441204071,0.46226102113723755,-0.034724220633506775,0.2377234697341919,0.4555056691169739,-0.043043095618486404,0.2760174870491028,0.45779097080230713,-0.05041554942727089,0.1925026774406433,0.30755433440208435,-0.009423390962183475,0.2512519657611847,0.2715369760990143,-0.024546492844820023,0.2880633473396301,0.2514168620109558,-0.039597876369953156,0.3189007639884949,0.23616522550582886,-0.050032954663038254,0.17013059556484222,0.25669991970062256,-0.008395512588322163,0.21584777534008026,0.1762785166501999,-0.019374722614884377,0.24699309468269348,0.12853938341140747,-0.03213457763195038,0.2736690044403076,0.08788464963436127,-0.04158042371273041,0.1411968618631363,0.2286050021648407,-0.01151510700583458,0.1781654804944992,0.1508161723613739,-0.024005524814128876,0.20552268624305725,0.10523661971092224,-0.034668564796447754,0.23030105233192444,0.06658560037612915,-0.041467778384685516,0.10497346520423889,0.21824400126934052,-0.017474357038736343,0.11859271675348282,0.14475253224372864,-0.029690420255064964,0.1293426752090454,0.09650629758834839,-0.03448145091533661,0.14108718931674957,0.05208858847618103,-0.03654703497886658,4
0.0673069879412651,0.45333433151245117,5.856277311977465e-07,0.12742535769939423,0.47322696447372437,-0.02504662051796913,0.1891963928937912,0.4605877697467804,-0.034477170556783676,0.24091701209545135,0.4545248746871948,-0.04251842200756073,0.2793513536453247,0.45715200901031494,-0.04961016774177551,0.19408009946346283,0.3074308931827545,-0.009891057386994362,0.25324761867523193,0.27098995447158813,-0.02506328746676445,0.2908051013946533,0.2511700391769409,-0.04005201533436775,0.32228121161460876,0.23681706190109253,-0.050275277346372604,0.1718236356973648,0.2564646005630493,-0.008736333809792995,0.21774587035179138,0.1750614494085312,-0.019408222287893295,0.24933569133281708,0.12669160962104797,-0.03177601099014282,0.2762821912765503,0.08615146577358246,-0.040904026478528976,0.14326775074005127,0.22813543677330017,-0.011691170744597912,0.18059101700782776,0.1495853215456009,-0.023747101426124573,0.20814980566501617,0.10356996953487396,-0.033978357911109924,0.23312312364578247,0.06500653922557831,-0.04047555476427078,0.1074453815817833,0.21781787276268005,-0.0175071619451046,0.12067831307649612,0.14369341731071472,-0.029222439974546432,0.13134151697158813,0.09550347924232483,-0.03355333209037781,0.14307889342308044,0.051513612270355225,-0.03528650104999542,4
0.06939247250556946,0.45426541566848755,5.781795380244148e-07,0.12984004616737366,0.47470346093177795,-0.024811824783682823,0.19168046116828918,0.46208417415618896,-0.03406994417309761,0.2430163025856018,0.4554954469203949,-0.042063865810632706,0.281354695558548,0.4587070047855377,-0.04916023835539818,0.19678109884262085,0.3094479441642761,-0.009740944020450115,0.2559799551963806,0.2732306718826294,-0.024977296590805054,0.29349851608276367,0.2524038255214691,-0.039875805377960205,0.32481980323791504,0.23693719506263733,-0.050120141357183456,0.1743183732032776,0.2584983706474304,-0.008864890784025192,0.2205202728509903,0.17738865315914154,-0.020053846761584282,0.2517700493335724,0.1288321316242218,-0.032713454216718674,0.27858197689056396,0.087638720870018,-0.04199208319187164,0.14560526609420776,0.2299252152442932,-0.012062101624906063,0.18358807265758514,0.1514870822429657,-0.02465997263789177,0.21081103384494781,0.10529857873916626,-0.03511972352862358,0.23553404211997986,0.06628867983818054,-0.041720740497112274,0.10968376696109772,0.2189212292432785,-0.018087811768054962,0.12350939214229584,0.14536581933498383,-0.030413426458835602,0.1342088282108307,0.09668223559856415,-0.03516190126538277,0.145918607711792,0.051841527223587036,-0.037138309329748154,4
0.07125753909349442,0.4565950632095337,5.838932111146278e-07,0.13151681423187256,0.47595083713531494,-0.0246683768928051,0.19274625182151794,0.46320879459381104,-0.033946290612220764,0.24403181672096252,0.4569051265716553,-0.041925184428691864,0.2826477587223053,0.45956850051879883,-0.04890609532594681,0.1980486512184143,0.309551477432251,-0.008919104002416134,0.25713491439819336,0.2740803360939026,-0.023723432794213295,0.2943669557571411,0.25400352478027344,-0.03854864090681076,0.3255003094673157,0.2385859191417694,-0.04876940697431564,0.17595882713794708,0.2585796117782593,-0.00796074140816927,0.2222796082496643,0.17828993499279022,-0.018569327890872955,0.25373512506484985,0.13037461042404175,-0.03096705861389637,0.2806239128112793,0.08920970559120178,-0.04011624678969383,0.14750373363494873,0.2299606055021286,-0.011126522906124592,0.18501602113246918,0.15237760543823242,-0.02319614589214325,0.21243803203105927,0.10680514574050903,-0.03347688913345337,0.23728829622268677,0.0679234117269516,-0.03998946771025658,0.11169497668743134,0.21875813603401184,-0.01712440885603428,0.1251985728740692,0.1449359506368637,-0.028843726962804794,0.13571783900260925,0.0967937558889389,-0.033255685120821,0.14721843600273132,0.05251467227935791,-0.035054147243499756,4
0.07102435827255249,0.4548366963863373,5.904670388190425e-07,0.13166935741901398,0.47522300481796265,-0.02509031444787979,0.19317641854286194,0.4623211622238159,-0.03386560082435608,0.24462249875068665,0.4550756514072418,-0.04124896600842476,0.28280073404312134,0.45818158984184265,-0.047593336552381516,0.19789737462997437,0.30763307213783264,-0.007605061866343021,0.25732162594795227,0.27266550064086914,-0.021838031709194183,0.29471343755722046,0.2528076469898224,-0.03648802638053894,0.3260554373264313,0.2376013547182083,-0.046602461487054825,0.17600512504577637,0.25714239478111267,-0.006040223408490419,0.22210000455379486,0.17735448479652405,-0.016090497374534607,0.2537466287612915,0.12933151423931122,-0.02851019985973835,0.2809157371520996,0.08823463320732117,-0.037709712982177734,0.14775319397449493,0.22879616916179657,-0.008696046657860279,0.18495646119117737,0.15152011811733246,-0.020291626453399658,0.212483212351799,0.10629811882972717,-0.03060859628021717,0.2374611496925354,0.06764838099479675,-0.037142567336559296,0.11202015727758408,0.21761612594127655,-0.014264232479035854,0.12574723362922668,0.14430442452430725,-0.02551998943090439,0.13673782348632812,0.09662842750549316,-0.029792144894599915,0.1487826406955719,0.05280616879463196,-0.03152022138237953,4
0.07181350141763687,0.4522704482078552,5.910310392209794e-07,0.13197968900203705,0.47338855266571045,-0.02592490054666996,0.19341100752353668,0.4607577919960022,-0.03517649322748184,0.24504056572914124,0.45380204916000366,-0.0429166816174984,0.2836136519908905,0.45665332674980164,-0.04962584376335144,0.19891999661922455,0.30645984411239624,-0.008777020499110222,0.25820061564445496,0.2718956172466278,-0.02324509061872959,0.2953101396560669,0.2517688274383545,-0.03800012916326523,0.32659396529197693,0.2361961007118225,-0.048334795981645584,0.1768031269311905,0.255958616733551,-0.0071614584885537624,0.22241154313087463,0.1765393763780594,-0.017759695649147034,0.2541331946849823,0.1281595230102539,-0.030551055446267128,0.28155970573425293,0.0867217630147934,-0.04008377715945244,0.148103728890419,0.22818061709403992,-0.009848002344369888,0.18540215492248535,0.15109118819236755,-0.022314144298434258,0.21325430274009705,0.10584639012813568,-0.033335089683532715,0.23870325088500977,0.06686300039291382,-0.04033331200480461,0.11227115988731384,0.21779540181159973,-0.015470805577933788,0.125824972987175,0.14403176307678223,-0.027870604768395424,0.13662607967853546,0.09550072252750397,-0.03308357670903206,0.14869822561740875,0.050595104694366455,-0.035474538803100586,4
0.07238905131816864,0.4511740505695343,5.85152577059489e-07,0.13277152180671692,0.4717714190483093,-0.024975603446364403,0.19423778355121613,0.4595709443092346,-0.03415510430932045,0.24571779370307922,0.4530353844165802,-0.04201037436723709,0.2839224338531494,0.4559725522994995,-0.048916544765233994,0.19850139319896698,0.3059379458427429,-0.00892676506191492,0.2579590082168579,0.27103129029273987,-0.0237942673265934,0.2953343987464905,0.251064270734787,-0.03861250728368759,0.3267442584037781,0.23572973906993866,-0.04882974177598953,0.17655441164970398,0.2556453049182892,-0.007787805981934071,0.22269678115844727,0.17564602196216583,-0.018637042492628098,0.2543516159057617,0.12748217582702637,-0.03127148747444153,0.28155359625816345,0.0861390084028244,-0.040587909519672394,0.1482645720243454,0.2274429053068161,-0.010804378427565098,0.1856643557548523,0.150504469871521,-0.023220404982566833,0.21338605880737305,0.10516251623630524,-0.03373962640762329,0.23855943977832794,0.06620307266712189,-0.04033803194761276,0.11267463862895966,0.21641886234283447,-0.016673119738698006,0.12645350396633148,0.14276258647441864,-0.028610900044441223,0.13748660683631897,0.09493114054203033,-0.03316502273082733,0.1495722383260727,0.05095893144607544,-0.03507180139422417,4
0.07177523523569107,0.45303142070770264,5.816248176415684e-07,0.13165749609470367,0.47264260053634644,-0.025071555748581886,0.1937173753976822,0.45921793580055237,-0.034220777451992035,0.24550685286521912,0.4527845084667206,-0.04194821044802666,0.2839060425758362,0.4558938145637512,-0.048655930906534195,0.19909760355949402,0.30651038885116577,-0.009296124801039696,0.2585408389568329,0.2711450755596161,-0.024035388603806496,0.2956562638282776,0.25076597929000854,-0.03871734067797661,0.3268060088157654,0.2355208396911621,-0.04888983070850372,0.17702212929725647,0.2558101415634155,-0.008167040534317493,0.223139226436615,0.17550507187843323,-0.018965493887662888,0.25456997752189636,0.12734423577785492,-0.03156512230634689,0.2815503180027008,0.08656580746173859,-0.040845051407814026,0.1484750360250473,0.22766421735286713,-0.011185039766132832,0.1858382523059845,0.15025916695594788,-0.02359853871166706,0.21377697587013245,0.10539171099662781,-0.03425049036741257,0.23912565410137177,0.06718416512012482,-0.041004620492458344,0.11273936182260513,0.2168770134449005,-0.01704966090619564,0.1265041083097458,0.1432863175868988,-0.029159365221858025,0.13734839856624603,0.09485948085784912,-0.03392581641674042,0.1493772566318512,0.050237417221069336,-0.03600096330046654,4
0.07284940034151077,0.4521070420742035,5.897598498449952e-07,0.1331675797700882,0.47180283069610596,-0.02488860860466957,0.1945873349905014,0.4593822956085205,-0.03403964266180992,0.24613146483898163,0.4530608355998993,-0.04185790941119194,0.28447461128234863,0.4559240937232971,-0.0487021878361702,0.19867831468582153,0.30549538135528564,-0.008884496055543423,0.2584484815597534,0.27105867862701416,-0.02371777966618538,0.2958507537841797,0.2510639429092407,-0.03846427798271179,0.32713907957077026,0.23605555295944214,-0.04861053079366684,0.17678076028823853,0.25508370995521545,-0.007750754710286856,0.22315150499343872,0.17489907145500183,-0.018621595576405525,0.25471392273902893,0.12677909433841705,-0.031259018927812576,0.28176748752593994,0.08582954108715057,-0.040540069341659546,0.14843778312206268,0.22701527178287506,-0.010753655806183815,0.18575707077980042,0.14945955574512482,-0.023174352943897247,0.2136259227991104,0.10462431609630585,-0.033705707639455795,0.2389712780714035,0.0665539801120758,-0.04032593593001366,0.1127777174115181,0.2160877287387848,-0.016589365899562836,0.12633642554283142,0.14250200986862183,-0.028613455593585968,0.13724124431610107,0.09438376128673553,-0.033243488520383835,0.14931946992874146,0.05013614892959595,-0.03517923876643181,4
0.07291379570960999,0.4501994550228119,5.914569669585035e-07,0.1337314248085022,0.4711935818195343,-0.02531476877629757,0.1953270137310028,0.4589284062385559,-0.034600820392370224,0.24689438939094543,0.452371746301651,-0.04251336306333542,0.2852672040462494,0.4553877115249634,-0.0494651272892952,0.1989821046590805,0.30499157309532166,-0.009180277585983276,0.2585497796535492,0.27005496621131897,-0.024043986573815346,0.29607802629470825,0.24973732233047485,-0.038852401077747345,0.3274661898612976,0.234466552734375,-0.04905107989907265,0.17716345191001892,0.25457993149757385,-0.007771315053105354,0.22309762239456177,0.17464116215705872,-0.018625497817993164,0.25491875410079956,0.12601977586746216,-0.031292811036109924,0.2822219729423523,0.08469733595848083,-0.04063243046402931,0.14890021085739136,0.2261216938495636,-0.010531653650105,0.1864960938692093,0.14866653084754944,-0.022927364334464073,0.21399320662021637,0.10360652208328247,-0.03352133557200432,0.23896071314811707,0.06500354409217834,-0.0401713028550148,0.11327680200338364,0.21485693752765656,-0.016161402687430382,0.12705525755882263,0.14178653061389923,-0.028214961290359497,0.13791795074939728,0.09406433999538422,-0.0329621322453022,0.14976024627685547,0.05006211996078491,-0.03496333956718445,4
0.0741596594452858,0.45031309127807617,5.821757440571673e-07,0.1344328075647354,0.46964284777641296,-0.024689476937055588,0.1956668645143509,0.4567396640777588,-0.03405173122882843,0.24682499468326569,0.4502255320549011,-0.042193543165922165,0.2848503291606903,0.45273512601852417,-0.0494636707007885,0.19990962743759155,0.30366092920303345,-0.00979878194630146,0.25895577669143677,0.26873505115509033,-0.02519666962325573,0.2963908016681671,0.24833768606185913,-0.04036703333258629,0.3278546631336212,0.23270690441131592,-0.050782933831214905,0.17771980166435242,0.2536170184612274,-0.00909455306828022,0.22371461987495422,0.1732325404882431,-0.020345794036984444,0.2556140720844269,0.12459468841552734,-0.033130206167697906,0.2830396890640259,0.08283232152462006,-0.042566929012537,0.1492941826581955,0.2260698676109314,-0.012467501685023308,0.18699097633361816,0.14831842482089996,-0.025165630504488945,0.2146376669406891,0.10267871618270874,-0.03571131080389023,0.2396058291196823,0.06346699595451355,-0.04233568161725998,0.11372068524360657,0.21596284210681915,-0.018668552860617638,0.1277427077293396,0.14186789095401764,-0.03100910596549511,0.13874420523643494,0.09345102310180664,-0.0357593409717083,0.15064264833927155,0.04868951439857483,-0.0377655066549778,4
0.07500161230564117,0.4494673013687134,5.851637752130046e-07,0.13493767380714417,0.4699862003326416,-0.024823082610964775,0.1965927928686142,0.456449419260025,-0.033703628927469254,0.24827352166175842,0.4495072066783905,-0.041252218186855316,0.28601405024528503,0.4525361657142639,-0.04774908348917961,0.2020014375448227,0.3025077283382416,-0.00841500610113144,0.26111114025115967,0.267558753490448,-0.02280551940202713,0.298391193151474,0.2481207549571991,-0.037492379546165466,0.3295743465423584,0.23396658897399902,-0.04758663848042488,0.1799509972333908,0.25177648663520813,-0.0070754545740783215,0.22595952451229095,0.171937495470047,-0.017078133299946785,0.2576354742050171,0.12373366951942444,-0.02923213690519333,0.28462353348731995,0.08350041508674622,-0.03826214745640755,0.1516461968421936,0.2236996740102768,-0.009873025119304657,0.18947306275367737,0.1454000025987625,-0.02121521532535553,0.216825932264328,0.10000890493392944,-0.031266581267118454,0.2415117770433426,0.062251314520835876,-0.03771691024303436,0.11600873619318008,0.21353816986083984,-0.015588306821882725,0.1299102008342743,0.1403043121099472,-0.02670101448893547,0.14076818525791168,0.09282110631465912,-0.03092368319630623,0.15265372395515442,0.049740374088287354,-0.032646454870700836,4
0.07620921730995178,0.44842612743377686,5.814912356072455e-07,0.13595107197761536,0.4683302044868469,-0.024666527286171913,0.19695879518985748,0.45618242025375366,-0.03383607417345047,0.24844025075435638,0.4499112367630005,-0.04177651181817055,0.28641337156295776,0.4522901177406311,-0.048736557364463806,0.202339768409729,0.3018975257873535,-0.008474557660520077,0.261692613363266,0.26732856035232544,-0.02326136641204357,0.29892778396606445,0.2479684054851532,-0.038143616169691086,0.33013278245925903,0.23343509435653687,-0.04841283708810806,0.18059253692626953,0.2516876757144928,-0.007468224503099918,0.2265964299440384,0.17269845306873322,-0.018108738586306572,0.258256196975708,0.125032439827919,-0.030705565586686134,0.2853461503982544,0.08472758531570435,-0.040071938186883926,0.15242108702659607,0.22390496730804443,-0.010615386068820953,0.18981684744358063,0.146462082862854,-0.02270239219069481,0.21756920218467712,0.10145935416221619,-0.03314869478344917,0.2427382916212082,0.06342209875583649,-0.03982184827327728,0.11689157038927078,0.2136785238981247,-0.01661945879459381,0.1306295543909073,0.1403636634349823,-0.028402604162693024,0.1416999250650406,0.09275874495506287,-0.03299962729215622,0.15394534170627594,0.049101799726486206,-0.03497813642024994,4
0.07720174640417099,0.44922107458114624,5.829584210914618e-07,0.13729344308376312,0.4686964154243469,-0.02460724674165249,0.19827792048454285,0.45670032501220703,-0.03361978009343147,0.2494136393070221,0.45034533739089966,-0.041393183171749115,0.2871403098106384,0.4535581171512604,-0.04820560663938522,0.20287556946277618,0.3028596043586731,-0.008315864950418472,0.262231707572937,0.26865893602371216,-0.023237718269228935,0.29979217052459717,0.2490662932395935,-0.038269177079200745,0.3313288986682892,0.23441758751869202,-0.04862392321228981,0.18123312294483185,0.25253939628601074,-0.007312639616429806,0.22731901705265045,0.17233701050281525,-0.018031207844614983,0.2587094306945801,0.12419231235980988,-0.030769480392336845,0.28564518690109253,0.08332090079784393,-0.04020839184522629,0.15324635803699493,0.22444552183151245,-0.01044490933418274,0.19061709940433502,0.14719201624393463,-0.02251766435801983,0.21814070641994476,0.10247580707073212,-0.03299020975828171,0.24307546019554138,0.0644759088754654,-0.039681244641542435,0.11777595430612564,0.2136414349079132,-0.01644134521484375,0.13164746761322021,0.1409378945827484,-0.028106706216931343,0.14271590113639832,0.09326423704624176,-0.03263885900378227,0.15493720769882202,0.04936528205871582,-0.034585561603307724,4
0.07644211500883102,0.44875556230545044,5.943405199104745e-07,0.13658621907234192,0.4691075384616852,-0.025272855535149574,0.19817578792572021,0.45620861649513245,-0.03423519805073738,0.24990889430046082,0.45033854246139526,-0.041752468794584274,0.2876741588115692,0.45389416813850403,-0.048253122717142105,0.20302651822566986,0.3033762574195862,-0.0086308429017663,0.2629382312297821,0.2690993547439575,-0.02320217899978161,0.3004629611968994,0.2492985725402832,-0.037969496101140976,0.331920325756073,0.23452213406562805,-0.0481380820274353,0.18115243315696716,0.2525064945220947,-0.007018665317445993,0.22751589119434357,0.17302797734737396,-0.01748795248568058,0.2594575881958008,0.1250433325767517,-0.03005656786262989,0.2868792414665222,0.08440437912940979,-0.03930627554655075,0.15294957160949707,0.2238510102033615,-0.009580658748745918,0.19087660312652588,0.14694809913635254,-0.02145989052951336,0.21879789233207703,0.10230587422847748,-0.03188154101371765,0.24390709400177002,0.06428775191307068,-0.03845563158392906,0.11746834218502045,0.21245220303535461,-0.015042955987155437,0.13184870779514313,0.14022335410118103,-0.02654772438108921,0.14318081736564636,0.09292523562908173,-0.031023280695080757,0.15544073283672333,0.04945024847984314,-0.03285856544971466,4
0.07694794982671738,0.4497250020503998,5.917298722124542e-07,0.13796713948249817,0.4698943495750427,-0.024783924221992493,0.19974911212921143,0.4568512439727783,-0.033450931310653687,0.2510180175304413,0.4499549865722656,-0.04079517722129822,0.2887118458747864,0.4535638093948364,-0.04713461548089981,0.20365652441978455,0.30295559763908386,-0.007921712473034859,0.26329779624938965,0.26889923214912415,-0.022240035235881805,0.30073368549346924,0.24905823171138763,-0.03685762360692024,0.33208853006362915,0.23414179682731628,-0.04698178917169571,0.18161442875862122,0.2524726390838623,-0.006562869530171156,0.22776523232460022,0.17268289625644684,-0.016973013058304787,0.2597256898880005,0.12440551817417145,-0.02955685928463936,0.2871302366256714,0.08317801356315613,-0.03886960446834564,0.15341483056545258,0.22421079874038696,-0.009357389993965626,0.19111967086791992,0.1472378820180893,-0.02130017802119255,0.2188611626625061,0.10235747694969177,-0.031855057924985886,0.2437606006860733,0.06388629972934723,-0.03851671889424324,0.1179889366030693,0.21321269869804382,-0.015010320581495762,0.13223828375339508,0.1405700296163559,-0.026634855195879936,0.1434849053621292,0.092863067984581,-0.03128344938158989,0.15562112629413605,0.04899755120277405,-0.033254049718379974,4
0.07692942023277283,0.44915685057640076,5.952480250925873e-07,0.13769234716892242,0.4697510600090027,-0.02542627789080143,0.2000875174999237,0.4560081958770752,-0.03401447832584381,0.25174733996391296,0.4488694667816162,-0.041074302047491074,0.28944170475006104,0.45223379135131836,-0.047040097415447235,0.20401477813720703,0.30276766419410706,-0.008311755955219269,0.26397275924682617,0.26840633153915405,-0.022341780364513397,0.3012669086456299,0.2484178990125656,-0.03666512668132782,0.3324207365512848,0.23344065248966217,-0.04657236486673355,0.18178345263004303,0.252072274684906,-0.006580232642591,0.2282852828502655,0.1715986728668213,-0.016776952892541885,0.26023977994918823,0.12341363728046417,-0.029138794168829918,0.287556529045105,0.08260050415992737,-0.03821941837668419,0.153459832072258,0.22358262538909912,-0.009056895971298218,0.1913168877363205,0.14636069536209106,-0.02088446170091629,0.21944619715213776,0.10210093855857849,-0.03131067007780075,0.24461448192596436,0.06432551145553589,-0.03782949596643448,0.11802126467227936,0.21209025382995605,-0.014448455534875393,0.1326373815536499,0.13897982239723206,-0.025896843522787094,0.14388158917427063,0.09147140383720398,-0.030358631163835526,0.15597854554653168,0.04784613847732544,-0.03219148516654968,4
0.0758117213845253,0.4467470049858093,5.846239901075023e-07,0.1367601603269577,0.4687873125076294,-0.024630770087242126,0.19911448657512665,0.45557844638824463,-0.03286302834749222,0.2507375180721283,0.44886064529418945,-0.039800722151994705,0.28824886679649353,0.4530640244483948,-0.04573139548301697,0.20365148782730103,0.30240944027900696,-0.00722870696336031,0.263307124376297,0.26848000288009644,-0.021166488528251648,0.3007814884185791,0.2486063838005066,-0.03556983917951584,0.33208006620407104,0.23358187079429626,-0.04558670148253441,0.18199129402637482,0.25169774889945984,-0.005836934316903353,0.22813309729099274,0.17278528213500977,-0.01590186171233654,0.2599984407424927,0.12447790801525116,-0.028334714472293854,0.2872796654701233,0.0831986516714096,-0.037549711763858795,0.1540040671825409,0.22301054000854492,-0.00862650852650404,0.1919129639863968,0.14643093943595886,-0.02029448188841343,0.2198609709739685,0.10206210613250732,-0.030713532119989395,0.24504804611206055,0.0641227662563324,-0.037309348583221436,0.11854150146245956,0.21130579710006714,-0.014296282082796097,0.1327010989189148,0.1383744329214096,-0.02565861865878105,0.14405670762062073,0.0911310613155365,-0.03017565794289112,0.15652577579021454,0.047816842794418335,-0.0321047343313694,4
0.07659412175416946,0.4466008245944977,5.907324407417036e-07,0.13794554769992828,0.46770840883255005,-0.024613605812191963,0.19953684508800507,0.4550665318965912,-0.033000219613313675,0.25119876861572266,0.44882863759994507,-0.04012688621878624,0.28893423080444336,0.45262497663497925,-0.04626515135169029,0.2037355601787567,0.30134186148643494,-0.0068131135776638985,0.2634649872779846,0.26775360107421875,-0.020733384415507317,0.3008560240268707,0.24845390021800995,-0.0352170392870903,0.3321356475353241,0.23384259641170502,-0.04527892917394638,0.18202267587184906,0.25071799755096436,-0.005356537643820047,0.2282569408416748,0.1721091866493225,-0.01523720845580101,0.2601115107536316,0.12431059777736664,-0.027646757662296295,0.28738903999328613,0.0837024599313736,-0.036899421364068985,0.15401595830917358,0.22222383320331573,-0.00812114030122757,0.19199949502944946,0.14559020102024078,-0.019603637978434563,0.21975456178188324,0.10100297629833221,-0.03001885488629341,0.2447441816329956,0.06320084631443024,-0.03665037080645561,0.11863333731889725,0.21085363626480103,-0.013765497133135796,0.1327146589756012,0.13825054466724396,-0.025005409494042397,0.14407779276371002,0.09095141291618347,-0.029501207172870636,0.15655964612960815,0.047748863697052,-0.03141642361879349,4
0.07771589607000351,0.44519737362861633,5.874184694221185e-07,0.13825306296348572,0.46664631366729736,-0.025153405964374542,0.20035353302955627,0.4547114968299866,-0.03375575691461563,0.25182589888572693,0.4483306407928467,-0.04098176956176758,0.28943830728530884,0.4519808888435364,-0.04716850444674492,0.2046467363834381,0.3007051944732666,-0.007883197627961636,0.26422181725502014,0.26723697781562805,-0.022109782323241234,0.30156975984573364,0.2476949840784073,-0.03663716837763786,0.33287471532821655,0.2331199198961258,-0.04671454802155495,0.18269388377666473,0.2500357925891876,-0.006382786203175783,0.22886374592781067,0.17008619010448456,-0.016771018505096436,0.26060524582862854,0.12228471040725708,-0.029274307191371918,0.28790655732154846,0.08185085654258728,-0.038456566631793976,0.15454477071762085,0.22186040878295898,-0.00909954123198986,0.19243739545345306,0.14475569128990173,-0.021196477115154266,0.22033825516700745,0.10065461695194244,-0.03172455355525017,0.2456001490354538,0.06308741867542267,-0.03831165283918381,0.11932249367237091,0.2108612060546875,-0.014708846807479858,0.13342469930648804,0.13843464851379395,-0.026520004495978355,0.14449135959148407,0.0909619927406311,-0.03118400275707245,0.15652424097061157,0.04731932282447815,-0.03313484787940979,4
0.07764512300491333,0.4458821415901184,5.913676659474731e-07,0.13744431734085083,0.4668998122215271,-0.025205226615071297,0.19944429397583008,0.4549243450164795,-0.03401913866400719,0.2515142560005188,0.4493817389011383,-0.041451286524534225,0.2892935872077942,0.4527261257171631,-0.04786090552806854,0.20426811277866364,0.3014488220214844,-0.008011187426745892,0.2642572820186615,0.2676439583301544,-0.022288162261247635,0.3019164800643921,0.2482568919658661,-0.036898329854011536,0.33339858055114746,0.23359782993793488,-0.04699346795678139,0.1826523244380951,0.2511049807071686,-0.006487174425274134,0.22892771661281586,0.1718079298734665,-0.016706444323062897,0.26082485914230347,0.12350547313690186,-0.029175806790590286,0.2880006730556488,0.08266767859458923,-0.038386270403862,0.1547338217496872,0.22287419438362122,-0.009180113673210144,0.1929176151752472,0.14588439464569092,-0.02087642066180706,0.22072556614875793,0.10106876492500305,-0.031202854588627815,0.24568386375904083,0.06287993490695953,-0.03772542253136635,0.11950599402189255,0.21168740093708038,-0.014795052818953991,0.13376908004283905,0.1390298306941986,-0.026125924661755562,0.1451105922460556,0.09195925295352936,-0.03048153966665268,0.15743476152420044,0.04882317781448364,-0.03226063400506973,4
0.07687711715698242,0.4451104998588562,5.885170821784413e-07,0.13704393804073334,0.46621954441070557,-0.02454281970858574,0.1988135725259781,0.45357972383499146,-0.033049579709768295,0.25053852796554565,0.44807493686676025,-0.0402957908809185,0.28807371854782104,0.4519975483417511,-0.04660677909851074,0.20367935299873352,0.30140286684036255,-0.007769695017486811,0.26357561349868774,0.2673754096031189,-0.0220705047249794,0.301267147064209,0.2474314570426941,-0.03663910552859306,0.3326539397239685,0.23239970207214355,-0.04667351022362709,0.18220125138759613,0.25069865584373474,-0.006566440220922232,0.22880856692790985,0.1707238107919693,-0.01675700582563877,0.2606694996356964,0.12223462760448456,-0.029088003560900688,0.28761887550354004,0.08158829808235168,-0.03814748674631119,0.15438349545001984,0.22208823263645172,-0.009503653272986412,0.19262388348579407,0.14465713500976562,-0.021151922643184662,0.22051286697387695,0.10006974637508392,-0.031261052936315536,0.24551279842853546,0.06264263391494751,-0.03761795535683632,0.11906731873750687,0.21046340465545654,-0.015309367328882217,0.13330452144145966,0.13772375881671906,-0.02660852111876011,0.14478373527526855,0.09072110056877136,-0.030805060639977455,0.15732373297214508,0.04791617393493652,-0.032452430576086044,4
0.05471908301115036,0.8941502571105957,5.410495305113727e-07,0.11227121949195862,0.9229946136474609,-0.02791569195687771,0.1750987470149994,0.9086270332336426,-0.04047214984893799,0.2253475785255432,0.8958613276481628,-0.05073734000325203,0.2667570114135742,0.8936453461647034,-0.06071852892637253,0.18080542981624603,0.7616170048713684,-0.02529861591756344,0.23939330875873566,0.7256946563720703,-0.0460674911737442,0.2789287865161896,0.6995070576667786,-0.06292884796857834,0.31248635053634644,0.6763925552368164,-0.07474426925182343,0.15854042768478394,0.7089247703552246,-0.02516307309269905,0.20287704467773438,0.6290931701660156,-0.04383100941777229,0.23538924753665924,0.5757769346237183,-0.0593281053006649,0.2644193470478058,0.5254248380661011,-0.07043979316949844,0.12881478667259216,0.6799274682998657,-0.02853427454829216,0.1650398075580597,0.5990184545516968,-0.04845535010099411,0.19420115649700165,0.5488507151603699,-0.061465803533792496,0.2223951816558838,0.5015947818756104,-0.0695292130112648,0.0932803750038147,0.6706921458244324,-0.034481145441532135,0.1060686782002449,0.5901164412498474,-0.053639501333236694,0.11796596646308899,0.5364868640899658,-0.06205787882208824,0.13253311812877655,0.485748291015625,-0.06655742228031158,4
0.05432475358247757,0.8922093510627747,5.392609523369174e-07,0.11229576170444489,0.9216828346252441,-0.027732837945222855,0.17589044570922852,0.9067792892456055,-0.03987516835331917,0.22599247097969055,0.8939133882522583,-0.04973118007183075,0.26715928316116333,0.8926526308059692,-0.05928399786353111,0.18167583644390106,0.7593140006065369,-0.024542614817619324,0.24048249423503876,0.7237528562545776,-0.044928863644599915,0.28012168407440186,0.6975836753845215,-0.06153455004096031,0.3136177361011505,0.6746889352798462,-0.07320483028888702,0.1593509316444397,0.7069613337516785,-0.024330733343958855,0.20357646048069,0.6275957226753235,-0.04281706362962723,0.23621387779712677,0.5748211741447449,-0.0582694336771965,0.2653440237045288,0.5250751972198486,-0.06932642310857773,0.12957404553890228,0.6778774261474609,-0.02765483595430851,0.16595786809921265,0.5976936221122742,-0.047568440437316895,0.19542475044727325,0.5486619472503662,-0.06073208898305893,0.22373512387275696,0.5021746158599854,-0.06882891803979874,0.09409450739622116,0.668292760848999,-0.03352910652756691,0.10697059333324432,0.5878390669822693,-0.052793458104133606,0.11861070990562439,0.5342475175857544,-0.06140286847949028,0.132646843791008,0.48341235518455505,-0.06598083674907684,4
0.05428081750869751,0.8928550481796265,5.385516033129534e-07,0.11252662539482117,0.9224960803985596,-0.02739008329808712,0.17627236247062683,0.9072836637496948,-0.03916899114847183,0.22642046213150024,0.8940746784210205,-0.04867953434586525,0.2672483026981354,0.8934837579727173,-0.057891845703125,0.18202339112758636,0.7608650922775269,-0.024018604308366776,0.24047350883483887,0.7251426577568054,-0.04397091642022133,0.27992862462997437,0.6985144019126892,-0.060352765023708344,0.31329289078712463,0.6748716235160828,-0.07190825045108795,0.15951234102249146,0.7080703973770142,-0.02380649745464325,0.20359790325164795,0.6288627982139587,-0.041937440633773804,0.23615196347236633,0.5760466456413269,-0.05717680603265762,0.26523667573928833,0.5259995460510254,-0.06806974112987518,0.12964828312397003,0.6783953309059143,-0.027070969343185425,0.16590937972068787,0.5984055399894714,-0.046608395874500275,0.19531577825546265,0.5490924119949341,-0.059644512832164764,0.22346192598342896,0.5024120807647705,-0.06765881925821304,0.09402015060186386,0.668222188949585,-0.032858945429325104,0.10706178098917007,0.5880677700042725,-0.051701437681913376,0.11860740184783936,0.5348434448242188,-0.06005240976810455,0.13238820433616638,0.4844285547733307,-0.06446236371994019,4
0.05354297161102295,0.8955062031745911,5.350472065401846e-07,0.11164173483848572,0.9262527823448181,-0.027212150394916534,0.1751767098903656,0.9109395742416382,-0.038938574492931366,0.22520717978477478,0.8973917961120605,-0.04844056814908981,0.2663571238517761,0.8961430788040161,-0.05769891291856766,0.1802491545677185,0.7647149562835693,-0.024404436349868774,0.23895452916622162,0.7292649745941162,-0.04483633115887642,0.2789652943611145,0.7034870982170105,-0.061401546001434326,0.3127209544181824,0.6807961463928223,-0.07294227182865143,0.1581350862979889,0.712067186832428,-0.0243569016456604,0.2029055804014206,0.6326775550842285,-0.04283665493130684,0.23570090532302856,0.5796880722045898,-0.05821456387639046,0.2648692727088928,0.5291852355003357,-0.06917345523834229,0.1286541223526001,0.6824628114700317,-0.027755776420235634,0.16526232659816742,0.6030598878860474,-0.04749754071235657,0.19459176063537598,0.5532914996147156,-0.06046152859926224,0.22247028350830078,0.5059466361999512,-0.06837800145149231,0.09322276711463928,0.6720851063728333,-0.033659085631370544,0.10630044341087341,0.5915669798851013,-0.052535898983478546,0.11794570088386536,0.5381796956062317,-0.06078271567821503,0.13174466788768768,0.48773032426834106,-0.06510575115680695,4
0.05344368517398834,0.8963282704353333,5.426618372439407e-07,0.11219015717506409,0.9273014664649963,-0.02825964242219925,0.1761278361082077,0.9129128456115723,-0.04026259854435921,0.22621136903762817,0.8990380764007568,-0.049847763031721115,0.2674374282360077,0.8983646035194397,-0.05917263403534889,0.18077367544174194,0.7653138041496277,-0.024990297853946686,0.2396841049194336,0.7291041016578674,-0.04525129869580269,0.2794443666934967,0.7028063535690308,-0.06172806769609451,0.31296008825302124,0.6794819235801697,-0.07330209016799927,0.1582944691181183,0.7130981683731079,-0.024392446503043175,0.20296066999435425,0.6336406469345093,-0.04275009036064148,0.23566849529743195,0.5802384614944458,-0.05825275927782059,0.26476603746414185,0.5297704339027405,-0.06942549347877502,0.1286291778087616,0.6835901737213135,-0.027356920763850212,0.16523687541484833,0.603637158870697,-0.04718265309929848,0.19500577449798584,0.5536866784095764,-0.060669656842947006,0.22342528402805328,0.5065091252326965,-0.06904319673776627,0.09313532710075378,0.6728169322013855,-0.032901082187891006,0.10643612593412399,0.5920411348342896,-0.05210842937231064,0.11828526854515076,0.5383449196815491,-0.06091238930821419,0.13249146938323975,0.4873918890953064,-0.0657152533531189,4
0.053590670228004456,0.89714515209198,5.383303687267471e-07,0.1122746393084526,0.927594780921936,-0.028013478964567184,0.17596103250980377,0.9121838808059692,-0.040006835013628006,0.22615168988704681,0.8980525732040405,-0.049673862755298615,0.26759544014930725,0.897361159324646,-0.05909106135368347,0.18154418468475342,0.7642090320587158,-0.024287452921271324,0.23969358205795288,0.727817714214325,-0.04453899711370468,0.27940255403518677,0.7017542123794556,-0.06125747039914131,0.31307917833328247,0.6786754131317139,-0.07303711026906967,0.1591605395078659,0.7118228673934937,-0.023817049339413643,0.203182190656662,0.6328809261322021,-0.04192006587982178,0.2353542000055313,0.579594612121582,-0.0573788620531559,0.2640673816204071,0.5292396545410156,-0.06858186423778534,0.12932126224040985,0.6824274659156799,-0.026943378150463104,0.1655842810869217,0.6026769876480103,-0.04650237783789635,0.19486118853092194,0.553290843963623,-0.05975110083818436,0.22282806038856506,0.506803035736084,-0.06802613288164139,0.09352957457304001,0.6718907952308655,-0.03266894444823265,0.10647125542163849,0.5915807485580444,-0.051644302904605865,0.11799676716327667,0.5382218956947327,-0.06026777625083923,0.13171236217021942,0.4875936508178711,-0.06495815515518188,4
0.05286408215761185,0.8984125256538391,5.411287702372647e-07,0.11230557411909103,0.9279974699020386,-0.027690818533301353,0.17673300206661224,0.9114366769790649,-0.038963790982961655,0.22678612172603607,0.8972713947296143,-0.04793018847703934,0.26773813366889954,0.8975119590759277,-0.05666461959481239,0.18113163113594055,0.7638512849807739,-0.02309316396713257,0.24009522795677185,0.7276138663291931,-0.042342331260442734,0.2797701954841614,0.7011508345603943,-0.05841629207134247,0.3131054639816284,0.6776770949363708,-0.06987609714269638,0.15865786373615265,0.7121291756629944,-0.02244172990322113,0.2028893530368805,0.6332096457481384,-0.03955157846212387,0.2352146953344345,0.5796749591827393,-0.05476881191134453,0.2637668550014496,0.5293276906013489,-0.06598205864429474,0.12910498678684235,0.6827269792556763,-0.0253889337182045,0.16538400948047638,0.6024172306060791,-0.04428368806838989,0.19416362047195435,0.5525132417678833,-0.05785699933767319,0.22146931290626526,0.5055343508720398,-0.06653093546628952,0.0936882421374321,0.6717694401741028,-0.03089561127126217,0.10625015199184418,0.5911573767662048,-0.04981294274330139,0.11764455586671829,0.5375009775161743,-0.058916326612234116,0.13142508268356323,0.4864150285720825,-0.06402130424976349,4
0.052865028381347656,0.8970615863800049,5.402817464528198e-07,0.11177441477775574,0.9273488521575928,-0.02826330065727234,0.17609518766403198,0.911575198173523,-0.04009873792529106,0.22673463821411133,0.8977169990539551,-0.04956360533833504,0.2681591510772705,0.8962785005569458,-0.05869761109352112,0.18177764117717743,0.7640644907951355,-0.023930726572871208,0.24043609201908112,0.7273024320602417,-0.04389873892068863,0.2801920473575592,0.7010107636451721,-0.06043721362948418,0.3137452304363251,0.6781705021858215,-0.07206873595714569,0.15913400053977966,0.7116724848747253,-0.023228932172060013,0.2030295729637146,0.6319294571876526,-0.04104000702500343,0.23539401590824127,0.5788351893424988,-0.056435130536556244,0.2642190754413605,0.529167890548706,-0.06757787615060806,0.12925639748573303,0.6821758151054382,-0.026172028854489326,0.1651841700077057,0.6025340557098389,-0.04545845091342926,0.19405308365821838,0.5531728267669678,-0.058690134435892105,0.22175011038780212,0.5065662860870361,-0.06697702407836914,0.09354627132415771,0.6715314984321594,-0.03175194561481476,0.10638831555843353,0.5918846726417542,-0.050498753786087036,0.11788923293352127,0.5387227535247803,-0.059055399149656296,0.13165760040283203,0.48819422721862793,-0.06370536237955093,4
0.053538352251052856,0.8979259729385376,5.427095857157838e-07,0.11208102107048035,0.9276633858680725,-0.028428470715880394,0.1760495901107788,0.9123291969299316,-0.040518734604120255,0.2261522263288498,0.8981499671936035,-0.05022035166621208,0.26755088567733765,0.8975057005882263,-0.05966273695230484,0.18158303201198578,0.7651630640029907,-0.024610817432403564,0.24032902717590332,0.7286080121994019,-0.044715188443660736,0.2800992429256439,0.7017127275466919,-0.06130803003907204,0.31367456912994385,0.677752673625946,-0.07306703180074692,0.15880528092384338,0.7128884196281433,-0.024008354172110558,0.2025877833366394,0.6334224343299866,-0.04209243133664131,0.23488298058509827,0.579573392868042,-0.05779137462377548,0.26359954476356506,0.5288827419281006,-0.06922300159931183,0.12878742814064026,0.68343186378479,-0.02700141817331314,0.16485388576984406,0.6031599640846252,-0.046724818646907806,0.19386222958564758,0.5531359910964966,-0.06038608402013779,0.22162562608718872,0.5059595108032227,-0.06899849325418472,0.0929916650056839,0.6727357506752014,-0.03259652107954025,0.10561157763004303,0.5919331312179565,-0.051979728043079376,0.1171054095029831,0.5383845567703247,-0.061003733426332474,0.13116474449634552,0.4876292049884796,-0.06598062813282013,4
0.05299357324838638,0.8997383117675781,5.464995638249093e-07,0.11202381551265717,0.928450882434845,-0.02778068371117115,0.1760939657688141,0.9125274419784546,-0.03948142006993294,0.22608762979507446,0.8983668088912964,-0.04885077103972435,0.26746639609336853,0.8978537321090698,-0.057939596474170685,0.18116070330142975,0.7648976445198059,-0.02362271398305893,0.24013647437095642,0.7290661334991455,-0.043223071843385696,0.2798498570919037,0.7022382020950317,-0.05944981426000595,0.3131287693977356,0.6781267523765564,-0.0709361732006073,0.15843801200389862,0.7128721475601196,-0.02309601940214634,0.20273558795452118,0.6338794231414795,-0.040773700922727585,0.23506984114646912,0.5800462365150452,-0.05609329044818878,0.26357823610305786,0.5290936231613159,-0.06716874986886978,0.12851031124591827,0.6833065152168274,-0.026140540838241577,0.1648128777742386,0.6030054092407227,-0.045534174889326096,0.1940239816904068,0.553227961063385,-0.059025369584560394,0.22175568342208862,0.5060648918151855,-0.06741470843553543,0.09282061457633972,0.6722912192344666,-0.03171908110380173,0.10570987313985825,0.5916703939437866,-0.050826769322156906,0.11699926108121872,0.5381790995597839,-0.059688057750463486,0.1305425465106964,0.4871894121170044,-0.06445825099945068,4
0.052959464490413666,0.8969137072563171,5.46098249287752e-07,0.11145767569541931,0.9279580116271973,-0.02859068661928177,0.17577791213989258,0.9131363034248352,-0.040557872503995895,0.226017028093338,0.8985141515731812,-0.050041213631629944,0.26725444197654724,0.8978005051612854,-0.059222377836704254,0.18129165470600128,0.7644027471542358,-0.024676119908690453,0.24042324721813202,0.7285994291305542,-0.04457654058933258,0.28023844957351685,0.7016944885253906,-0.060908243060112,0.31356021761894226,0.6779302954673767,-0.07245830446481705,0.15865330398082733,0.7119337320327759,-0.023811059072613716,0.20309482514858246,0.6330444812774658,-0.041822634637355804,0.23558157682418823,0.5793372392654419,-0.05727224424481392,0.2643295228481293,0.5287758708000183,-0.06845167279243469,0.12873372435569763,0.6823300719261169,-0.026541071012616158,0.16514407098293304,0.6022329330444336,-0.046129610389471054,0.1941312998533249,0.5524923801422119,-0.05959799513220787,0.22182199358940125,0.5055303573608398,-0.06802953034639359,0.09297634661197662,0.6718090772628784,-0.03188590705394745,0.1056956797838211,0.591719925403595,-0.05112754926085472,0.11724355816841125,0.5383680462837219,-0.060087502002716064,0.1312408596277237,0.48769840598106384,-0.06497975438833237,4
0.052361294627189636,0.8959097862243652,5.470032533594349e-07,0.1111791655421257,0.9264245629310608,-0.028626803308725357,0.17556585371494293,0.9119634032249451,-0.040708307176828384,0.22586622834205627,0.8978220224380493,-0.05029815435409546,0.26704591512680054,0.8961465358734131,-0.05955719202756882,0.18094778060913086,0.7632226347923279,-0.02469010092318058,0.24029821157455444,0.7269331216812134,-0.04456634446978569,0.2803128659725189,0.7001697421073914,-0.06094026565551758,0.313937783241272,0.6766173243522644,-0.07249057292938232,0.15829215943813324,0.7109047174453735,-0.023792484775185585,0.20260131359100342,0.6319774389266968,-0.04159459471702576,0.2352769672870636,0.57859206199646,-0.057015303522348404,0.2641921639442444,0.5286921262741089,-0.06817097961902618,0.128513365983963,0.6812506318092346,-0.026505500078201294,0.16492486000061035,0.6009870767593384,-0.045936428010463715,0.19434064626693726,0.5512861013412476,-0.05942356958985329,0.22237545251846313,0.5045570731163025,-0.06787367910146713,0.0930805504322052,0.6703701019287109,-0.03183906897902489,0.10598833858966827,0.5898317098617554,-0.05097420513629913,0.11763067543506622,0.5363621711730957,-0.05991329997777939,0.1316402554512024,0.4857376217842102,-0.06477833539247513,4
0.05318837612867355,0.8970520496368408,5.458585405904159e-07,0.11168794333934784,0.9260257482528687,-0.02807517535984516,0.17547744512557983,0.9098440408706665,-0.039939336478710175,0.2259145975112915,0.8961775302886963,-0.04945524036884308,0.26726484298706055,0.8947278261184692,-0.05866502597928047,0.18113666772842407,0.7615519165992737,-0.02374826744198799,0.24005001783370972,0.7252375483512878,-0.043526049703359604,0.27980223298072815,0.6989141702651978,-0.059942785650491714,0.3131847679615021,0.6758618950843811,-0.07150931656360626,0.15852631628513336,0.7096574902534485,-0.023175112903118134,0.20316769182682037,0.6305323243141174,-0.04072049260139465,0.23573361337184906,0.5770761966705322,-0.05603320151567459,0.264595091342926,0.526972234249115,-0.06716401875019073,0.12853623926639557,0.6806074380874634,-0.02623552456498146,0.1655433475971222,0.6008151769638062,-0.04543853551149368,0.1948128491640091,0.5503802299499512,-0.05888728052377701,0.2227889597415924,0.5029890537261963,-0.06735796481370926,0.09255078434944153,0.6702418923377991,-0.03187676519155502,0.10515205562114716,0.5898920893669128,-0.05084908381104469,0.11674173176288605,0.5363607406616211,-0.059653058648109436,0.13075894117355347,0.48577460646629333,-0.06445538997650146,4
0.053806617856025696,0.8958356380462646,5.408340371104714e-07,0.11185823380947113,0.924767792224884,-0.028048893436789513,0.17509178817272186,0.9098556041717529,-0.04032254219055176,0.2256980985403061,0.8963197469711304,-0.05025000125169754,0.26719340682029724,0.894427478313446,-0.059876468032598495,0.18073183298110962,0.7631608843803406,-0.024575216695666313,0.23951983451843262,0.7268787026405334,-0.044933952391147614,0.2792821526527405,0.7002198696136475,-0.06163747236132622,0.31284791231155396,0.6764475107192993,-0.07335344702005386,0.15822499990463257,0.710695207118988,-0.02421887218952179,0.20263242721557617,0.6304979920387268,-0.04245934262871742,0.23499739170074463,0.5765857696533203,-0.0578838549554348,0.26372289657592773,0.5257125496864319,-0.06896791607141495,0.12837989628314972,0.6815411448478699,-0.027422325685620308,0.16505028307437897,0.6012569665908813,-0.04703528434038162,0.19443869590759277,0.550687849521637,-0.06015079468488693,0.22259262204170227,0.5028674602508545,-0.06828737258911133,0.09273482859134674,0.6717708110809326,-0.03321066498756409,0.10563655197620392,0.5910859107971191,-0.05213416367769241,0.11738148331642151,0.537572979927063,-0.06048452854156494,0.13159890472888947,0.48684605956077576,-0.0649350956082344,4
0.053698524832725525,0.8956226706504822,5.456701615003112e-07,0.11213233321905136,0.9254351258277893,-0.028373394161462784,0.17588670551776886,0.9093171954154968,-0.04049036651849747,0.22571897506713867,0.8947961330413818,-0.050061412155628204,0.2668326795101166,0.8940617442131042,-0.059359729290008545,0.1812489926815033,0.761674702167511,-0.02541615255177021,0.2402113378047943,0.7255322933197021,-0.045489031821489334,0.28010261058807373,0.698823094367981,-0.061912231147289276,0.31360286474227905,0.6753655672073364,-0.07349985837936401,0.15851110219955444,0.7090173959732056,-0.024614091962575912,0.2028655707836151,0.6302195191383362,-0.04254819080233574,0.23546680808067322,0.5766053795814514,-0.05782117694616318,0.2641877233982086,0.5265084505081177,-0.06893999129533768,0.12850451469421387,0.6792935132980347,-0.027365367859601974,0.1649770736694336,0.5988700985908508,-0.046824861317873,0.1943436563014984,0.5488666892051697,-0.060372453182935715,0.22221139073371887,0.5019643306732178,-0.06892919540405273,0.09278807789087296,0.66863614320755,-0.03268779441714287,0.10583572089672089,0.5880447030067444,-0.05189864709973335,0.11742250621318817,0.5343384146690369,-0.06100315600633621,0.1314288079738617,0.4833883047103882,-0.06605315953493118,4
0.05351544916629791,0.8962516784667969,5.424813025456388e-07,0.11185437440872192,0.9242509007453918,-0.02782527543604374,0.17531411349773407,0.9084588885307312,-0.03980869799852371,0.225189208984375,0.8948582410812378,-0.04944314807653427,0.26618143916130066,0.8933314085006714,-0.058756403625011444,0.1809810996055603,0.7605803608894348,-0.024186257272958755,0.2396826595067978,0.7245292067527771,-0.04415547102689743,0.2792142629623413,0.6979793310165405,-0.06063464283943176,0.3125769793987274,0.6745548844337463,-0.07226966321468353,0.15841983258724213,0.7084147930145264,-0.02377338707447052,0.20258966088294983,0.6298943161964417,-0.04168939217925072,0.23490504920482635,0.5764161944389343,-0.05706533044576645,0.26368945837020874,0.5260848999023438,-0.06819810718297958,0.12847256660461426,0.6791903972625732,-0.026922956109046936,0.16516512632369995,0.5988500714302063,-0.04646451398730278,0.19452248513698578,0.5486308336257935,-0.05993035063147545,0.2225477695465088,0.5014161467552185,-0.06835587322711945,0.09270224720239639,0.6691113710403442,-0.032610684633255005,0.10540357232093811,0.5884497761726379,-0.05181045085191727,0.1168794333934784,0.5346989631652832,-0.06067141517996788,0.1308744102716446,0.4836558997631073,-0.06548282504081726,4
0.053875893354415894,0.8950858116149902,5.350047445062955e-07,0.11213131248950958,0.9232219457626343,-0.027360696345567703,0.17504902184009552,0.9082876443862915,-0.03939642384648323,0.22495168447494507,0.8950896859169006,-0.04928940162062645,0.2659990191459656,0.8925445675849915,-0.05889079347252846,0.180897057056427,0.7617219090461731,-0.023648571223020554,0.2389851212501526,0.7255938649177551,-0.043761033564805984,0.27815937995910645,0.6988094449043274,-0.060340434312820435,0.3113195300102234,0.674885630607605,-0.07201841473579407,0.15819209814071655,0.7095969915390015,-0.023655181750655174,0.20201456546783447,0.6300495862960815,-0.04184498265385628,0.23427163064479828,0.5764240622520447,-0.05733625590801239,0.2631470263004303,0.5255708694458008,-0.06847301125526428,0.12807008624076843,0.6806340217590332,-0.027192266657948494,0.16446690261363983,0.5999326109886169,-0.046892691403627396,0.19349104166030884,0.5491189956665039,-0.06015476956963539,0.2213447242975235,0.5011067390441895,-0.06834502518177032,0.09230905771255493,0.6709845662117004,-0.033245522528886795,0.10507935285568237,0.5899959802627563,-0.05233992636203766,0.1164771243929863,0.536089301109314,-0.06084711104631424,0.13027934730052948,0.48491576313972473,-0.06536787003278732,4
0.05376224219799042,0.8971724510192871,5.373654516915849e-07,0.11239959299564362,0.9249435067176819,-0.027438919991254807,0.17556698620319366,0.9083276391029358,-0.03910655155777931,0.2253623604774475,0.8948639631271362,-0.04856540262699127,0.26621177792549133,0.8932114243507385,-0.05772392451763153,0.1806841492652893,0.7614973783493042,-0.02342287264764309,0.23928362131118774,0.7254604697227478,-0.04320605844259262,0.2788560390472412,0.698956310749054,-0.05956193059682846,0.3121805191040039,0.675405740737915,-0.07110658288002014,0.15790720283985138,0.7099039554595947,-0.023167762905359268,0.20179733633995056,0.6304759979248047,-0.040971722453832626,0.2342485785484314,0.5766524076461792,-0.056251589208841324,0.2630835771560669,0.5259204506874084,-0.06730948388576508,0.12793216109275818,0.681380033493042,-0.026495875790715218,0.16446755826473236,0.6004899740219116,-0.045988284051418304,0.19380660355091095,0.5496588945388794,-0.05942368507385254,0.2217855155467987,0.5018279552459717,-0.06777305901050568,0.09241240471601486,0.6719670295715332,-0.032353006303310394,0.10505025088787079,0.5903716087341309,-0.05156838148832321,0.11641313880681992,0.5358651876449585,-0.06045963242650032,0.1302565187215805,0.4842127859592438,-0.06527949869632721,4
0.05330376327037811,0.8954730033874512,5.421807713901217e-07,0.11190252006053925,0.9235707521438599,-0.028121095150709152,0.17549702525138855,0.9081829786300659,-0.040077678859233856,0.22552692890167236,0.8950396776199341,-0.04976398125290871,0.2665979862213135,0.8933804631233215,-0.05918579176068306,0.18073980510234833,0.7605711221694946,-0.023745525628328323,0.23942148685455322,0.7242466807365417,-0.043799448758363724,0.2791406512260437,0.6977272629737854,-0.06050427258014679,0.3126990795135498,0.6741803288459778,-0.07227970659732819,0.1580384075641632,0.7091188430786133,-0.023255059495568275,0.20198415219783783,0.6299012303352356,-0.04105681553483009,0.23438312113285065,0.5759338140487671,-0.056612491607666016,0.26320531964302063,0.5254055261611938,-0.06793110817670822,0.12806744873523712,0.6804537773132324,-0.026424257084727287,0.16462790966033936,0.5997563600540161,-0.045837514102458954,0.1938289999961853,0.5488621592521667,-0.05934057757258415,0.221785768866539,0.5012567043304443,-0.06783557683229446,0.09232695400714874,0.6704137921333313,-0.03221041336655617,0.10511697828769684,0.5893984436988831,-0.051363490521907806,0.11670318245887756,0.535312294960022,-0.06023568660020828,0.13073377311229706,0.4840501844882965,-0.06507918983697891,4
0.0542311891913414,0.8963881731033325,5.412316568254028e-07,0.11224885284900665,0.9239221215248108,-0.02830563113093376,0.17531287670135498,0.9079888463020325,-0.0406365767121315,0.2256181240081787,0.8947751522064209,-0.050619132816791534,0.26681017875671387,0.8924483060836792,-0.06027236953377724,0.18035972118377686,0.7605419754981995,-0.02469310350716114,0.23897570371627808,0.7243983745574951,-0.04516499489545822,0.27839189767837524,0.6974846720695496,-0.0620051808655262,0.31179022789001465,0.6733789443969727,-0.07382967323064804,0.15783576667308807,0.7085494995117188,-0.024249529466032982,0.2017994523048401,0.6287949681282043,-0.04256034642457962,0.23419487476348877,0.5752777457237244,-0.05802350491285324,0.2632737457752228,0.5245388150215149,-0.06916669011116028,0.12795394659042358,0.6800081729888916,-0.027422703802585602,0.16396990418434143,0.5995458960533142,-0.047063760459423065,0.1930757761001587,0.5493037700653076,-0.06016898155212402,0.22112418711185455,0.5016987323760986,-0.06828524172306061,0.09234938025474548,0.6708815097808838,-0.03324577584862709,0.10498563945293427,0.5896246433258057,-0.05224864184856415,0.11664612591266632,0.5356651544570923,-0.06073283404111862,0.13076452910900116,0.48456159234046936,-0.06527017056941986,4
0.05372967571020126,0.8940051794052124,5.454706411001098e-07,0.11190658807754517,0.923153281211853,-0.028358807787299156,0.17511682212352753,0.9075448513031006,-0.04065189138054848,0.22548778355121613,0.893565833568573,-0.05062846094369888,0.26687121391296387,0.8912703990936279,-0.060285523533821106,0.18074268102645874,0.759831428527832,-0.024399271234869957,0.23952391743659973,0.7241726517677307,-0.04476463794708252,0.2789720594882965,0.6972817778587341,-0.06157403439283371,0.31234851479530334,0.6732801198959351,-0.07342913746833801,0.1580621302127838,0.7075426578521729,-0.023919539526104927,0.20183537900447845,0.6277980208396912,-0.04241401329636574,0.23447364568710327,0.5742015838623047,-0.05812002718448639,0.26389652490615845,0.5232418775558472,-0.06941946595907211,0.1280190348625183,0.6786745190620422,-0.027065619826316833,0.16418388485908508,0.5986542105674744,-0.04703639820218086,0.19328878819942474,0.5485287308692932,-0.06040964275598526,0.22138406336307526,0.5006912350654602,-0.06866243481636047,0.09232436865568161,0.6688867807388306,-0.032824885100126266,0.10518160462379456,0.5883976817131042,-0.05211777612566948,0.11689344048500061,0.5348297953605652,-0.06079971790313721,0.13116680085659027,0.4839193820953369,-0.06545857340097427,4
0.5576590299606323,0.6794406175613403,4.456088049664686e-07,0.5884894132614136,0.564990222454071,-0.03161392733454704,0.5864484310150146,0.4321712851524353,-0.045073267072439194,0.5775012969970703,0.33390167355537415,-0.0556335523724556,0.5774325132369995,0.25682419538497925,-0.06616286933422089,0.48686376214027405,0.3993525207042694,-0.033299271017313004,0.4640822410583496,0.28447240591049194,-0.053440939635038376,0.44538432359695435,0.21303018927574158,-0.06881231814622879,0.42709705233573914,0.15621915459632874,-0.08081626892089844,0.45071032643318176,0.4450225532054901,-0.033401645720005035,0.39414364099502563,0.3592246174812317,-0.05243188142776489,0.35820162296295166,0.3064842224121094,-0.06769422441720963,0.326482892036438,0.266968309879303,-0.07906272262334824,0.43186265230178833,0.5051648020744324,-0.03691326454281807,0.37383782863616943,0.4386119246482849,-0.05842389911413193,0.33725887537002563,0.39113450050354004,-0.07381225377321243,0.3043329417705536,0.34837785363197327,-0.08425206691026688,0.42744359374046326,0.5763336420059204,-0.043044570833444595,0.37094321846961975,0.5672542452812195,-0.06648866832256317,0.33298805356025696,0.5565682053565979,-0.0788799375295639,0.2979334592819214,0.5383995175361633,-0.08613680303096771,4
0.554701030254364,0.6780871152877808,4.4415907041184255e-07,0.585548460483551,0.5638933181762695,-0.03146062046289444,0.5819741487503052,0.43134069442749023,-0.044065773487091064,0.5715206265449524,0.3324032723903656,-0.05368976294994354,0.5703809857368469,0.25546303391456604,-0.06312628835439682,0.48212388157844543,0.39925381541252136,-0.03166396543383598,0.45844900608062744,0.28325366973876953,-0.05067095905542374,0.438780277967453,0.2122568041086197,-0.06516106426715851,0.41979295015335083,0.15660139918327332,-0.07660455256700516,0.4459671974182129,0.445243775844574,-0.03129309415817261,0.38852715492248535,0.3605981469154358,-0.04952288791537285,0.35208025574684143,0.3085130453109741,-0.064185731112957,0.3200336694717407,0.2697383761405945,-0.07501809298992157,0.42710331082344055,0.5052891969680786,-0.034373730421066284,0.3683449923992157,0.4390203356742859,-0.055489689111709595,0.33181414008140564,0.3924506604671478,-0.07058343291282654,0.29873332381248474,0.3505433201789856,-0.08062084019184113,0.4228159189224243,0.575912356376648,-0.04006090760231018,0.36620521545410156,0.5678712129592896,-0.06350494176149368,0.3283557593822479,0.5579102635383606,-0.0759437307715416,0.2931698262691498,0.5403139591217041,-0.083045095205307,4
0.553970217704773,0.6791393756866455,4.445598449365207e-07,0.5845351815223694,0.5640531778335571,-0.03222636505961418,0.5809275507926941,0.43004530668258667,-0.045185185968875885,0.5702667832374573,0.33114203810691833,-0.05509237200021744,0.5690829753875732,0.25385552644729614,-0.06483670324087143,0.48075228929519653,0.3985874652862549,-0.03214060887694359,0.4566694498062134,0.2834430932998657,-0.051597580313682556,0.43668076395988464,0.21265389025211334,-0.06653759628534317,0.41736146807670593,0.15669476985931396,-0.0783483013510704,0.4447615146636963,0.4456257224082947,-0.03159893676638603,0.38700103759765625,0.361924409866333,-0.050171930342912674,0.35047242045402527,0.3097899556159973,-0.06515011191368103,0.31840503215789795,0.27046191692352295,-0.07625075429677963,0.426400363445282,0.5065831542015076,-0.03465108200907707,0.36742839217185974,0.44160154461860657,-0.05609229952096939,0.33039355278015137,0.39463257789611816,-0.07154883444309235,0.29679903388023376,0.35196781158447266,-0.08186516165733337,0.4224691390991211,0.5775437951087952,-0.04040500894188881,0.3658413589000702,0.5691843032836914,-0.06413684785366058,0.3277236223220825,0.5591486692428589,-0.07691909372806549,0.29203546047210693,0.5416743755340576,-0.08431129157543182,4
0.5534374713897705,0.677928626537323,4.4120781694800826e-07,0.5840120911598206,0.563073992729187,-0.03258484974503517,0.5810044407844543,0.4288281202316284,-0.04564172774553299,0.5705995559692383,0.3300517201423645,-0.0555625818669796,0.5690116286277771,0.253558874130249,-0.06534034758806229,0.4808991253376007,0.39765629172325134,-0.03280293196439743,0.4566711485385895,0.2831991910934448,-0.05241246521472931,0.4368845522403717,0.21269822120666504,-0.06748491525650024,0.4176199734210968,0.1567361056804657,-0.07936660200357437,0.44469767808914185,0.4448748826980591,-0.032096024602651596,0.3873252868652344,0.3616160750389099,-0.050820399075746536,0.3507225513458252,0.3101065158843994,-0.06603476405143738,0.3183978199958801,0.27112001180648804,-0.07735590636730194,0.4260220527648926,0.5060364603996277,-0.0349661186337471,0.36766964197158813,0.44061756134033203,-0.05653391778469086,0.33093342185020447,0.39423078298568726,-0.07216198742389679,0.2974858283996582,0.35243886709213257,-0.08263102918863297,0.42165467143058777,0.5771892666816711,-0.04055098816752434,0.365573525428772,0.5688471794128418,-0.06437485665082932,0.32763320207595825,0.5592209100723267,-0.0772489532828331,0.29201745986938477,0.5421847105026245,-0.08472944796085358,4
0.5544177889823914,0.6790766716003418,4.457637032828643e-07,0.5849046111106873,0.564712643623352,-0.03257952257990837,0.5813918709754944,0.4300553798675537,-0.04541651904582977,0.5707463026046753,0.3308519124984741,-0.05504753440618515,0.5693976879119873,0.25403884053230286,-0.06448803842067719,0.48064717650413513,0.3997921645641327,-0.032544102519750595,0.4568895697593689,0.28445008397102356,-0.05180920660495758,0.43690046668052673,0.21363143622875214,-0.06664463132619858,0.4176071882247925,0.15767785906791687,-0.07833543419837952,0.4441768527030945,0.4468337595462799,-0.03155231103301048,0.3866423964500427,0.3626694083213806,-0.049740709364414215,0.34997081756591797,0.310680627822876,-0.06454730778932571,0.31789863109588623,0.2719077467918396,-0.07558565586805344,0.4252782464027405,0.5074999332427979,-0.0341155081987381,0.366873174905777,0.44167956709861755,-0.05499677732586861,0.3302406072616577,0.39583414793014526,-0.07023590058088303,0.29702073335647583,0.35497939586639404,-0.08052681386470795,0.4209687113761902,0.5780923366546631,-0.03942926228046417,0.36546269059181213,0.5699056386947632,-0.06259185075759888,0.3278194069862366,0.5604596734046936,-0.0751429870724678,0.29241830110549927,0.5436331033706665,-0.08244334906339645,4
0.5557552576065063,0.6786207556724548,4.488495051191421e-07,0.5860080718994141,0.5638048648834229,-0.03263000026345253,0.5826607942581177,0.43007713556289673,-0.04597923532128334,0.5720770955085754,0.33045628666877747,-0.05615449696779251,0.5706989169120789,0.2532493472099304,-0.06620166450738907,0.48195821046829224,0.4001573622226715,-0.03355075418949127,0.45804744958877563,0.2845275402069092,-0.05328642949461937,0.43800050020217896,0.2135286033153534,-0.0683307871222496,0.41860049962997437,0.1571621298789978,-0.0801834687590599,0.44571205973625183,0.447209894657135,-0.032833781093358994,0.388105571269989,0.3633419871330261,-0.05156136304140091,0.3513491749763489,0.31161272525787354,-0.0666157454252243,0.3188506066799164,0.2723575234413147,-0.07782848924398422,0.4270566403865814,0.5081586837768555,-0.0356033556163311,0.36835676431655884,0.4421379864215851,-0.05700846388936043,0.3314400613307953,0.3961370587348938,-0.07235914468765259,0.2977738380432129,0.3545966148376465,-0.08269403874874115,0.42318904399871826,0.5790864825248718,-0.04108835384249687,0.367275595664978,0.5712301731109619,-0.06475074589252472,0.3293914794921875,0.5616631507873535,-0.07741381227970123,0.29377660155296326,0.544731855392456,-0.08474703133106232,4
0.557706892490387,0.679053008556366,4.3748488565142907e-07,0.5876373052597046,0.5638579726219177,-0.031752441078424454,0.5844740867614746,0.43040651082992554,-0.04519565775990486,0.5740650296211243,0.3306357264518738,-0.05555921047925949,0.5725417137145996,0.2531939148902893,-0.0659363716840744,0.48479264974594116,0.39954647421836853,-0.03460481017827988,0.4607607424259186,0.28373903036117554,-0.05493409186601639,0.4404659569263458,0.21239614486694336,-0.07017281651496887,0.4208475351333618,0.15593552589416504,-0.08209950476884842,0.44880425930023193,0.44670379161834717,-0.034609295427799225,0.3905906081199646,0.36219269037246704,-0.053843528032302856,0.35368144512176514,0.31072545051574707,-0.06893587857484818,0.32103782892227173,0.2714635133743286,-0.08017689734697342,0.43046924471855164,0.5081523656845093,-0.037928808480501175,0.37133651971817017,0.44152918457984924,-0.05978351831436157,0.3341735005378723,0.39502090215682983,-0.07507389783859253,0.3004806637763977,0.3530937433242798,-0.08536719530820847,0.42673608660697937,0.5799658298492432,-0.04382641240954399,0.3697701692581177,0.5717839002609253,-0.06781183928251266,0.3314814269542694,0.5620391368865967,-0.08033714443445206,0.2956954836845398,0.545218825340271,-0.08756792545318604,4
0.560462474822998,0.6792813539505005,4.513118483373546e-07,0.5902634263038635,0.564242422580719,-0.03247387334704399,0.5867990255355835,0.4313910901546478,-0.046256136149168015,0.576116681098938,0.3321850001811981,-0.05686111003160477,0.5743641257286072,0.2547125816345215,-0.06744511425495148,0.486767441034317,0.40008512139320374,-0.035033922642469406,0.46289870142936707,0.2839236855506897,-0.05570360645651817,0.44257017970085144,0.21227909624576569,-0.07124747335910797,0.42295289039611816,0.15566778182983398,-0.08332806825637817,0.4504421055316925,0.447743684053421,-0.03475384786725044,0.3921443819999695,0.36295971274375916,-0.05424818396568298,0.35517174005508423,0.31096991896629333,-0.06954972445964813,0.32258233428001404,0.2714031934738159,-0.0808790773153305,0.43195340037345886,0.509716272354126,-0.03786247596144676,0.37287819385528564,0.4430444538593292,-0.059885088354349136,0.33569765090942383,0.39619189500808716,-0.07526048272848129,0.30204153060913086,0.35395145416259766,-0.08554649353027344,0.42843306064605713,0.5818133354187012,-0.04361066594719887,0.3717119097709656,0.5731157064437866,-0.06762229651212692,0.3335851728916168,0.5629104375839233,-0.08011464029550552,0.29798394441604614,0.5456588864326477,-0.08727099001407623,4
0.5624210238456726,0.6799723505973816,4.4853814529233205e-07,0.5920511484146118,0.5637853741645813,-0.03184354305267334,0.5875903367996216,0.4300386905670166,-0.04486015439033508,0.5762829184532166,0.33096426725387573,-0.05478767678141594,0.5743106603622437,0.2540104389190674,-0.06466526538133621,0.48738086223602295,0.40117311477661133,-0.033740315586328506,0.4632244110107422,0.284260094165802,-0.05364486202597618,0.4428362548351288,0.21243305504322052,-0.06859833002090454,0.42322835326194763,0.15610617399215698,-0.08029733598232269,0.4512585699558258,0.449040025472641,-0.03340763598680496,0.3929101526737213,0.3646951913833618,-0.05227027088403702,0.35581400990486145,0.3127913475036621,-0.06712254136800766,0.3232079744338989,0.2736595571041107,-0.07810765504837036,0.4329463243484497,0.5105675458908081,-0.03644431382417679,0.3734781742095947,0.444273978471756,-0.057870253920555115,0.3362712264060974,0.3976084887981415,-0.07298184931278229,0.3025447130203247,0.3556413948535919,-0.08311618864536285,0.4295991063117981,0.582301914691925,-0.04209315776824951,0.37297195196151733,0.5745665431022644,-0.065757155418396,0.3346155285835266,0.5647020936012268,-0.07818334549665451,0.29880717396736145,0.5476479530334473,-0.08527619391679764,4
0.5626739859580994,0.6828404068946838,4.5444195961863443e-07,0.5922967791557312,0.5665087103843689,-0.03273959830403328,0.5885220170021057,0.43183964490890503,-0.046345312148332596,0.5776323676109314,0.33218759298324585,-0.05680060386657715,0.575416624546051,0.25496119260787964,-0.06718359887599945,0.4882483184337616,0.40367692708969116,-0.0347159244120121,0.4639716148376465,0.28646761178970337,-0.05513281002640724,0.443264901638031,0.21428784728050232,-0.07049929350614548,0.42327359318733215,0.1574612855911255,-0.0824907198548317,0.4517340660095215,0.45174524188041687,-0.03423048555850983,0.39314183592796326,0.36682429909706116,-0.05348856374621391,0.3559139668941498,0.31446966528892517,-0.0685897096991539,0.3232085108757019,0.2749338746070862,-0.07976412028074265,0.43324142694473267,0.5134480595588684,-0.03718715161085129,0.37370777130126953,0.4467775821685791,-0.0588332936167717,0.3364616334438324,0.4002241790294647,-0.0739317387342453,0.302728533744812,0.35847243666648865,-0.08409785479307175,0.42985209822654724,0.5853471159934998,-0.042880699038505554,0.3734033703804016,0.5771939158439636,-0.06670185178518295,0.3350786566734314,0.5672392249107361,-0.07916618138551712,0.2991845905780792,0.5500677227973938,-0.08631691336631775,4
0.5627394914627075,0.6836071610450745,4.5102922285877867e-07,0.592867374420166,0.5683063864707947,-0.032659031450748444,0.5889135003089905,0.43376073241233826,-0.04619474709033966,0.5782455205917358,0.33406975865364075,-0.056543681770563126,0.5761736631393433,0.256672203540802,-0.06690286844968796,0.4890713393688202,0.4054103493690491,-0.03519180044531822,0.46472254395484924,0.28839558362960815,-0.055686451494693756,0.44438761472702026,0.21625414490699768,-0.07102852314710617,0.4246096611022949,0.15960752964019775,-0.08299421519041061,0.4526924788951874,0.45398059487342834,-0.03480260819196701,0.3942320942878723,0.36906126141548157,-0.05433317646384239,0.3570692539215088,0.31634315848350525,-0.06975040584802628,0.32411324977874756,0.27674561738967896,-0.08118979632854462,0.4342558979988098,0.5159464478492737,-0.03781678155064583,0.3748839199542999,0.44916921854019165,-0.05988471582531929,0.337524950504303,0.40189820528030396,-0.07544279843568802,0.30345189571380615,0.3593759834766388,-0.08589587360620499,0.4308682680130005,0.5880120992660522,-0.04348872974514961,0.373835951089859,0.5790125727653503,-0.06769224256277084,0.33528921008110046,0.5688161253929138,-0.08042872697114944,0.2991737723350525,0.5510646104812622,-0.08779463917016983,4
0.5639667510986328,0.6851333975791931,4.5128066972210945e-07,0.5938794016838074,0.5690125226974487,-0.031976718455553055,0.5893165469169617,0.4347545802593231,-0.0450671948492527,0.5782379508018494,0.3353234529495239,-0.055031757801771164,0.5763469934463501,0.2585739493370056,-0.06506887823343277,0.4899790287017822,0.407381534576416,-0.03487856686115265,0.46599698066711426,0.2909860610961914,-0.05516615882515907,0.44536855816841125,0.21888718008995056,-0.07032369077205658,0.42530977725982666,0.16245046257972717,-0.0822015106678009,0.4538848102092743,0.4555840492248535,-0.03483353182673454,0.39536434412002563,0.37028631567955017,-0.05419763922691345,0.3580753803253174,0.3176436424255371,-0.06931745260953903,0.3248419165611267,0.27786391973495483,-0.08051615953445435,0.43568581342697144,0.517715573310852,-0.038104113191366196,0.3763892650604248,0.45067405700683594,-0.060122258961200714,0.33896175026893616,0.40329205989837646,-0.07559125870466232,0.3046398162841797,0.3606206476688385,-0.08595266193151474,0.4323365092277527,0.5902026891708374,-0.043952446430921555,0.3754485547542572,0.5815794467926025,-0.06813692301511765,0.33690381050109863,0.5713990926742554,-0.08077646046876907,0.30066895484924316,0.5539629459381104,-0.08808377385139465,4
0.5648821592330933,0.6857312917709351,4.572461591578758e-07,0.5942513942718506,0.5696845650672913,-0.03276531770825386,0.5895993709564209,0.4353727698326111,-0.0462200753390789,0.5779695510864258,0.33653032779693604,-0.0563843734562397,0.5746557116508484,0.25969672203063965,-0.06648774445056915,0.49006566405296326,0.40908384323120117,-0.035314470529556274,0.4659142792224884,0.29172343015670776,-0.05572257563471794,0.44502532482147217,0.21966183185577393,-0.07089871913194656,0.42486491799354553,0.16338256001472473,-0.08276151865720749,0.45396101474761963,0.4575302302837372,-0.034880317747592926,0.3949517011642456,0.3727632462978363,-0.05453353375196457,0.3575703203678131,0.3203023672103882,-0.06980456411838531,0.32452109456062317,0.2804989218711853,-0.08101292699575424,0.435907781124115,0.5195222496986389,-0.037840232253074646,0.3761723041534424,0.4531264305114746,-0.060125865042209625,0.33865493535995483,0.4057193696498871,-0.07572122663259506,0.30432701110839844,0.36271238327026367,-0.08609157055616379,0.4328446686267853,0.5916154384613037,-0.043438613414764404,0.37608811259269714,0.5838451981544495,-0.06792167574167252,0.3374684453010559,0.5742900967597961,-0.08077588677406311,0.301067054271698,0.557090699672699,-0.08813940733671188,4
0.5641367435455322,0.6865547299385071,4.589599313931103e-07,0.5940547585487366,0.5706799030303955,-0.03269943594932556,0.589357852935791,0.43558886647224426,-0.045677244663238525,0.5770562887191772,0.3366425037384033,-0.055357176810503006,0.5737824440002441,0.2600973844528198,-0.06492625176906586,0.4895573556423187,0.40889906883239746,-0.034235961735248566,0.46609067916870117,0.2914831340312958,-0.054203055799007416,0.44541844725608826,0.2193261981010437,-0.06910112500190735,0.4255286455154419,0.16326022148132324,-0.08078353106975555,0.45346325635910034,0.4570900797843933,-0.03362969309091568,0.3947185277938843,0.37187665700912476,-0.053048886358737946,0.3574507236480713,0.31879979372024536,-0.0682000145316124,0.3246080279350281,0.278839111328125,-0.07927605509757996,0.4352547228336334,0.5187982320785522,-0.036496445536613464,0.3758404850959778,0.45230409502983093,-0.058765292167663574,0.33849239349365234,0.40433841943740845,-0.07453539222478867,0.3042612075805664,0.3610072433948517,-0.08495425432920456,0.4317556321620941,0.5907548666000366,-0.042001478374004364,0.3752121031284332,0.582260012626648,-0.06652523577213287,0.33672961592674255,0.5726140737533569,-0.07957138866186142,0.3003085255622864,0.5554746389389038,-0.08706584572792053,4
0.5636980533599854,0.6859315633773804,4.5369509393822227e-07,0.5936338901519775,0.5705397129058838,-0.03245618939399719,0.5885106921195984,0.43502795696258545,-0.04520081356167793,0.5765395760536194,0.33570563793182373,-0.05464229732751846,0.5738120675086975,0.2593502402305603,-0.06403698772192001,0.4897768497467041,0.4084773063659668,-0.034543175250291824,0.46585923433303833,0.2912203073501587,-0.05449246987700462,0.4450382888317108,0.21886953711509705,-0.06932766735553741,0.42491650581359863,0.16253912448883057,-0.08100908249616623,0.45339128375053406,0.4566725194454193,-0.034078534692525864,0.39447110891342163,0.37140077352523804,-0.05342995002865791,0.3570731580257416,0.31836697459220886,-0.06853534281253815,0.3240031599998474,0.2783397436141968,-0.07965245097875595,0.4350382387638092,0.5185151100158691,-0.0370183140039444,0.37564370036125183,0.4513589143753052,-0.059146903455257416,0.3384382128715515,0.4032750427722931,-0.07481785863637924,0.3042686879634857,0.35984477400779724,-0.0852455124258995,0.4315940737724304,0.5907036066055298,-0.0425763763487339,0.3749062418937683,0.5819234848022461,-0.06697171926498413,0.33641740679740906,0.5718162655830383,-0.07994914799928665,0.30005672574043274,0.5540275573730469,-0.0874672457575798,4
0.5651496648788452,0.6845060586929321,4.582013275467034e-07,0.594081461429596,0.5689268112182617,-0.03217808157205582,0.5892585515975952,0.4349117875099182,-0.045663654804229736,0.577508807182312,0.33582693338394165,-0.05600011721253395,0.5749616026878357,0.25919216871261597,-0.06631045043468475,0.49067413806915283,0.4080536663532257,-0.0355144739151001,0.46627503633499146,0.2905723750591278,-0.056353189051151276,0.4452607333660126,0.21822497248649597,-0.07174605131149292,0.4250854551792145,0.16150951385498047,-0.08368006348609924,0.45441654324531555,0.4563864469528198,-0.035510286688804626,0.39514121413230896,0.37063631415367126,-0.055543918162584305,0.3575354218482971,0.3178509473800659,-0.07092220336198807,0.32425782084465027,0.277599036693573,-0.0821310430765152,0.43615856766700745,0.518185555934906,-0.03880620002746582,0.3763865530490875,0.45156779885292053,-0.06123993545770645,0.3388640284538269,0.4038997292518616,-0.07660945504903793,0.3046889007091522,0.3606947064399719,-0.08676236122846603,0.4329158067703247,0.5904080271720886,-0.044696658849716187,0.3758782148361206,0.5818859934806824,-0.06897863000631332,0.3373574912548065,0.5717270374298096,-0.08145518600940704,0.30121880769729614,0.5538814067840576,-0.0885443314909935,4
0.5654793381690979,0.6838534474372864,4.5690453021052235e-07,0.5945863723754883,0.5687375068664551,-0.03222332149744034,0.5892501473426819,0.43500661849975586,-0.045337975025177,0.5766933560371399,0.33630502223968506,-0.055279411375522614,0.574411928653717,0.25977814197540283,-0.06515733152627945,0.4898050129413605,0.40776771306991577,-0.03444179892539978,0.465635746717453,0.2906930148601532,-0.054413169622421265,0.4445909559726715,0.21896892786026,-0.06922629475593567,0.4245045781135559,0.16304582357406616,-0.08081024140119553,0.4538249969482422,0.45625653862953186,-0.034170154482126236,0.39458155632019043,0.3710644543170929,-0.05333082750439644,0.3571905493736267,0.31827443838119507,-0.06808683276176453,0.3243052363395691,0.2780455946922302,-0.07886659353971481,0.4357222318649292,0.5180521011352539,-0.03729388490319252,0.3757973313331604,0.4520057439804077,-0.05927608162164688,0.33826833963394165,0.4044595956802368,-0.07463854551315308,0.3041410446166992,0.3612026274204254,-0.08480584621429443,0.43236982822418213,0.5901774764060974,-0.04302655905485153,0.3751619756221771,0.5829177498817444,-0.06718283146619797,0.3366295397281647,0.5737359523773193,-0.07981079071760178,0.3003828227519989,0.5567181706428528,-0.0870332270860672,4
0.5636907815933228,0.68287193775177,4.540091254057188e-07,0.5929989814758301,0.568177342414856,-0.03235028684139252,0.5874900221824646,0.43476608395576477,-0.04547116160392761,0.5745416879653931,0.3363916277885437,-0.055368006229400635,0.5713621973991394,0.25992652773857117,-0.06522071361541748,0.4881567358970642,0.4067005515098572,-0.03466888889670372,0.46431899070739746,0.2890869975090027,-0.05491326376795769,0.44308236241340637,0.21692046523094177,-0.06989803165197372,0.42307087779045105,0.16106534004211426,-0.0815720483660698,0.4522133469581604,0.45486101508140564,-0.03435762971639633,0.39246681332588196,0.3697274327278137,-0.05374961718916893,0.35495099425315857,0.31719332933425903,-0.0686059445142746,0.3222922682762146,0.2771240472793579,-0.07946895807981491,0.4342639446258545,0.5166099667549133,-0.037470560520887375,0.37387561798095703,0.4497047960758209,-0.059670187532901764,0.33597880601882935,0.40237537026405334,-0.07512404024600983,0.30172866582870483,0.35899481177330017,-0.0853680819272995,0.43103650212287903,0.5887199640274048,-0.043196942657232285,0.37382254004478455,0.5812990665435791,-0.06764982640743256,0.3353363275527954,0.5718538165092468,-0.08049449324607849,0.2992040514945984,0.5543657541275024,-0.08787594735622406,4
0.5637153387069702,0.6803514361381531,4.513169642450521e-07,0.5923597812652588,0.5650011897087097,-0.03167963773012161,0.5869753360748291,0.4316057562828064,-0.04453079402446747,0.5741664171218872,0.3333357870578766,-0.05426383391022682,0.5709815621376038,0.2572624981403351,-0.06392860412597656,0.4876919686794281,0.4040122628211975,-0.034070536494255066,0.46353548765182495,0.2868176996707916,-0.05429490655660629,0.4422534704208374,0.21525663137435913,-0.06926940381526947,0.42205876111984253,0.15967246890068054,-0.08086980879306793,0.45174044370651245,0.45252156257629395,-0.03405923768877983,0.392181396484375,0.36706405878067017,-0.0534365251660347,0.3546433746814728,0.3147410750389099,-0.06827811151742935,0.3216988146305084,0.2749224007129669,-0.07905115932226181,0.4337615668773651,0.5143870711326599,-0.037397850304841995,0.3738756477832794,0.44814279675483704,-0.05940597131848335,0.33615219593048096,0.40077394247055054,-0.07456798851490021,0.30193156003952026,0.35760992765426636,-0.08453348278999329,0.4306366443634033,0.586590051651001,-0.043313123285770416,0.3733140528202057,0.5786867141723633,-0.06725907325744629,0.3348822295665741,0.5689084529876709,-0.0795455202460289,0.29887694120407104,0.5514661073684692,-0.08647966384887695,4
0.5638765692710876,0.6797650456428528,4.4710557745020196e-07,0.5929535627365112,0.5644779801368713,-0.03132845461368561,0.5878936052322388,0.4318910837173462,-0.044407837092876434,0.5749353170394897,0.3340710401535034,-0.05454542487859726,0.5725352764129639,0.25844189524650574,-0.0647566094994545,0.4896888732910156,0.4033178389072418,-0.03486453369259834,0.46546170115470886,0.28616321086883545,-0.05558440089225769,0.44422969222068787,0.21451535820960999,-0.0707675889134407,0.4241066575050354,0.15873196721076965,-0.08251859992742538,0.45376715064048767,0.45205721259117126,-0.035259123891592026,0.3939453959465027,0.3669624626636505,-0.05517148599028587,0.35636451840400696,0.31440219283103943,-0.07029788196086884,0.3233577311038971,0.2739562690258026,-0.08127745240926743,0.43579861521720886,0.5141905546188354,-0.03890281170606613,0.37535127997398376,0.44842061400413513,-0.06137832999229431,0.3373989164829254,0.4014699459075928,-0.07678592205047607,0.30311012268066406,0.3584750294685364,-0.08690859377384186,0.43269777297973633,0.5864324569702148,-0.04506136476993561,0.3752807378768921,0.5791590809822083,-0.06953152269124985,0.33679258823394775,0.5701456665992737,-0.08215329051017761,0.3008769452571869,0.553639829158783,-0.08928389847278595,4
0.5648992657661438,0.6802632212638855,4.515017053563497e-07,0.5943806171417236,0.5643720030784607,-0.03105405531823635,0.5890171527862549,0.4316086769104004,-0.04385552182793617,0.5762079954147339,0.3336929678916931,-0.053763166069984436,0.5744562149047852,0.25804558396339417,-0.06374097615480423,0.4906032085418701,0.4030740261077881,-0.03417409583926201,0.4668196737766266,0.28541040420532227,-0.0544329509139061,0.44612768292427063,0.2134198546409607,-0.06938409060239792,0.4263019263744354,0.1573742926120758,-0.08100234717130661,0.45472103357315063,0.4517437815666199,-0.03459249064326286,0.39556366205215454,0.36622118949890137,-0.054021503776311874,0.3583180010318756,0.31334388256073,-0.06889813393354416,0.3253169357776642,0.2726917266845703,-0.07973629236221313,0.43672218918800354,0.5140126943588257,-0.03826221078634262,0.37689733505249023,0.44836702942848206,-0.06044255569577217,0.3394876718521118,0.4009716212749481,-0.07570265978574753,0.305549293756485,0.35784879326820374,-0.08572699874639511,0.43348538875579834,0.5864619016647339,-0.04443778470158577,0.37591564655303955,0.5792073011398315,-0.06873496621847153,0.3373168706893921,0.5699970722198486,-0.08123615384101868,0.30113285779953003,0.5533051490783691,-0.08830125629901886,4
0.5649511814117432,0.6798920631408691,4.521521361766645e-07,0.5941286087036133,0.5647274851799011,-0.030971882864832878,0.5886914134025574,0.43151915073394775,-0.04356209188699722,0.5758674144744873,0.3336075246334076,-0.053255245089530945,0.5731263160705566,0.25817784667015076,-0.06300324946641922,0.49027711153030396,0.4030941128730774,-0.03369898349046707,0.4667884409427643,0.2856314778327942,-0.05393677577376366,0.44621741771698,0.21344608068466187,-0.06890878826379776,0.42666536569595337,0.1575402319431305,-0.08043364435434341,0.45428839325904846,0.451682448387146,-0.03409929946064949,0.39497631788253784,0.36588624119758606,-0.053317174315452576,0.35774922370910645,0.31301653385162354,-0.06810001283884048,0.3249143362045288,0.2725926637649536,-0.0788380578160286,0.43614307045936584,0.5138111710548401,-0.03779098764061928,0.3762921690940857,0.44744423031806946,-0.05969715118408203,0.3384765386581421,0.4003390073776245,-0.07490308582782745,0.3042465150356293,0.3574528098106384,-0.08488473296165466,0.4328305125236511,0.5863186717033386,-0.04398558661341667,0.37529611587524414,0.5788079500198364,-0.06793840229511261,0.33678674697875977,0.5698407888412476,-0.08018557727336884,0.300727903842926,0.5534582138061523,-0.0870605930685997,4
0.565060019493103,0.6799576282501221,4.5977370177752164e-07,0.5939897894859314,0.5648554563522339,-0.03153572604060173,0.5887362957000732,0.4316166043281555,-0.04444601759314537,0.5760236978530884,0.33405762910842896,-0.05438060685992241,0.5736860632896423,0.2585805058479309,-0.06436815857887268,0.49037614464759827,0.40359634160995483,-0.03455875813961029,0.4668870270252228,0.28591346740722656,-0.055098339915275574,0.4463832974433899,0.2132621705532074,-0.07021511346101761,0.42692458629608154,0.15677106380462646,-0.08184728026390076,0.4541705250740051,0.4523606598377228,-0.03477082774043083,0.394942045211792,0.3663060665130615,-0.05431944131851196,0.35752350091934204,0.31286492943763733,-0.06920870393514633,0.324678510427475,0.2720639109611511,-0.08000284433364868,0.4360124468803406,0.5145785212516785,-0.0383138582110405,0.3758346438407898,0.448281466960907,-0.06061364710330963,0.3379836678504944,0.40089526772499084,-0.07602215558290482,0.30378538370132446,0.35782313346862793,-0.0861050933599472,0.43279746174812317,0.5869060158729553,-0.04439475014805794,0.37498241662979126,0.5794201493263245,-0.06877852231264114,0.3362150490283966,0.5704658627510071,-0.08133816719055176,0.29981353878974915,0.5539218187332153,-0.0884169340133667,4
0.8979607224464417,0.5224194526672363,2.131643555003393e-07,0.93217533826828,0.42035049200057983,-0.020018160343170166,0.9285675883293152,0.3003523647785187,-0.02633783034980297,0.9170066118240356,0.21712011098861694,-0.032033808529376984,0.9172080755233765,0.15733955800533295,-0.03842795640230179,0.8426199555397034,0.2571709156036377,-0.01950708217918873,0.8120847940444946,0.16431334614753723,-0.03377693518996239,0.7897382378578186,0.10737381875514984,-0.045125558972358704,0.7684643268585205,0.06379431486129761,-0.055110882967710495,0.8131388425827026,0.29912087321281433,-0.02313252165913582,0.7578489780426025,0.22794274985790253,-0.03846052661538124,0.7223964929580688,0.18525297939777374,-0.052141379565000534,0.6903294324874878,0.1534728854894638,-0.06281152367591858,0.7983990907669067,0.35159584879875183,-0.029319781810045242,0.7427958846092224,0.29249894618988037,-0.04725852236151695,0.7077139019966125,0.25422874093055725,-0.06158173829317093,0.6759065985679626,0.22083163261413574,-0.07170342653989792,0.7961164712905884,0.41424575448036194,-0.03729690983891487,0.7417654991149902,0.4027344584465027,-0.05813843011856079,0.7062401175498962,0.3913331627845764,-0.0708194375038147,0.6744052171707153,0.37392091751098633,-0.07883627712726593,4
0.8998809456825256,0.5175718069076538,2.1904523350713134e-07,0.9332384467124939,0.4157564043998718,-0.019701896235346794,0.9286654591560364,0.29773229360580444,-0.02602456696331501,0.9167808294296265,0.21601934731006622,-0.03183751180768013,0.9170277714729309,0.15535159409046173,-0.038348641246557236,0.8437085151672363,0.25576215982437134,-0.019184535369277,0.8135024309158325,0.1626223772764206,-0.033575449138879776,0.7910710573196411,0.10503341257572174,-0.044854260981082916,0.7698737382888794,0.061212390661239624,-0.05471469461917877,0.8145806789398193,0.29717037081718445,-0.022917835041880608,0.7597828507423401,0.22674229741096497,-0.0384119376540184,0.7243016958236694,0.18434396386146545,-0.05205657705664635,0.69222092628479,0.15250687301158905,-0.06265511363744736,0.7999742031097412,0.34918835759162903,-0.029213782399892807,0.7447636723518372,0.2902338206768036,-0.0473320297896862,0.7091507911682129,0.2521238923072815,-0.06161795184016228,0.6768375635147095,0.21872663497924805,-0.07167628407478333,0.7977839708328247,0.4112442433834076,-0.03724939376115799,0.7439649701118469,0.4000459909439087,-0.05820637196302414,0.7084409594535828,0.3885762393474579,-0.07085394859313965,0.6765175461769104,0.37111955881118774,-0.07882043719291687,4
0.901020348072052,0.5140976905822754,2.1221210033672833e-07,0.9336510896682739,0.41235071420669556,-0.018534943461418152,0.9285539388656616,0.29546043276786804,-0.02486814744770527,0.9168352484703064,0.21445801854133606,-0.03090590424835682,0.9171729683876038,0.15452070534229279,-0.03777209669351578,0.8462634682655334,0.25211846828460693,-0.019777415320277214,0.8156267404556274,0.15874940156936646,-0.034616485238075256,0.793103039264679,0.1015678346157074,-0.0460880883038044,0.7717984318733215,0.057723790407180786,-0.056036174297332764,0.8176954984664917,0.2935316860675812,-0.024252839386463165,0.762212336063385,0.22285687923431396,-0.04021747037768364,0.7267626523971558,0.18013055622577667,-0.054062794893980026,0.694649338722229,0.14795584976673126,-0.06475863605737686,0.8036497235298157,0.3455694913864136,-0.031085725873708725,0.7479720115661621,0.2876887023448944,-0.049347903579473495,0.7121864557266235,0.2488950937986374,-0.06368108838796616,0.6798194646835327,0.21484911441802979,-0.07376421242952347,0.8018772602081299,0.4073491096496582,-0.039522647857666016,0.7480498552322388,0.3952213525772095,-0.060373857617378235,0.7125765681266785,0.3832729756832123,-0.07287786900997162,0.6807363629341125,0.3657289445400238,-0.0807780772447586,4
0.8999977111816406,0.5155170559883118,1.907648368160153e-07,0.9335346221923828,0.41518136858940125,-0.019335806369781494,0.9286055564880371,0.29706501960754395,-0.02588839828968048,0.916233479976654,0.2163139283657074,-0.03195235878229141,0.9173133969306946,0.15730465948581696,-0.03895193338394165,0.847108781337738,0.2521941065788269,-0.021388880908489227,0.8166850805282593,0.1604759395122528,-0.036724407225847244,0.7944056391716003,0.10386618971824646,-0.048577312380075455,0.772958517074585,0.05965536832809448,-0.05899694561958313,0.8185235857963562,0.2931443452835083,-0.02579525299370289,0.7635685801506042,0.22168093919754028,-0.04245957359671593,0.7281306982040405,0.1791461557149887,-0.05681420862674713,0.6955054998397827,0.14653220772743225,-0.06797076016664505,0.8048125505447388,0.34538793563842773,-0.03252651169896126,0.7502042651176453,0.28486236929893494,-0.05153761804103851,0.7149810791015625,0.24545890092849731,-0.0663687139749527,0.6825648546218872,0.21057674288749695,-0.07690376788377762,0.80330890417099,0.40768298506736755,-0.04088857024908066,0.7499922513961792,0.39445066452026367,-0.06262313574552536,0.7146807909011841,0.3811950087547302,-0.07575259357690811,0.6825907230377197,0.36230698227882385,-0.08417340368032455,4
0.8990901708602905,0.5132923126220703,1.7412014585715951e-07,0.9323694705963135,0.41427525877952576,-0.018856367096304893,0.9294324517250061,0.2952880561351776,-0.025299232453107834,0.9182629585266113,0.2137090563774109,-0.031376950442790985,0.9200863242149353,0.15412437915802002,-0.03839493170380592,0.8475161194801331,0.2485329806804657,-0.020668702200055122,0.8171486854553223,0.15756264328956604,-0.03593755513429642,0.7952755689620972,0.10157068073749542,-0.04774115979671478,0.7743922472000122,0.05771014094352722,-0.05800604820251465,0.8194471597671509,0.2896984815597534,-0.02540132775902748,0.7638852596282959,0.21833345293998718,-0.0418669655919075,0.7284549474716187,0.17566843330860138,-0.05597986653447151,0.6961557865142822,0.14237342774868011,-0.06683303415775299,0.8060700297355652,0.3419344127178192,-0.032458432018756866,0.7504826784133911,0.28188925981521606,-0.05115848034620285,0.7154430747032166,0.24238407611846924,-0.06542523205280304,0.683720052242279,0.20613700151443481,-0.07550989836454391,0.8047518134117126,0.4044591188430786,-0.041175343096256256,0.7506694793701172,0.39109712839126587,-0.06261992454528809,0.7152501940727234,0.3777375817298889,-0.07527444511651993,0.6834429502487183,0.35776224732398987,-0.08323934674263,4
0.9010216593742371,0.507349967956543,2.0053673210895795e-07,0.9345529079437256,0.4093451499938965,-0.019751492887735367,0.9305124282836914,0.2924306094646454,-0.02602417767047882,0.9186840653419495,0.21149159967899323,-0.03170411288738251,0.920619010925293,0.15251773595809937,-0.03812689334154129,0.8477789163589478,0.24659809470176697,-0.01980646885931492,0.8177341818809509,0.15502019226551056,-0.03409240022301674,0.7958496809005737,0.09879136085510254,-0.0453331284224987,0.7748273015022278,0.055523455142974854,-0.055277664214372635,0.8186624646186829,0.28728386759757996,-0.023626552894711494,0.7643953561782837,0.21568214893341064,-0.03911351412534714,0.729223906993866,0.17294485867023468,-0.05273747816681862,0.6973781585693359,0.14072155952453613,-0.06328127533197403,0.8043646812438965,0.3388859033584595,-0.029925266280770302,0.750080406665802,0.27874910831451416,-0.04793385788798332,0.7156036496162415,0.2396177500486374,-0.06222528591752052,0.6843327283859253,0.20494045317173004,-0.07231666147708893,0.8022174835205078,0.4008249044418335,-0.03798087686300278,0.7493628263473511,0.38783010840415955,-0.058915216475725174,0.7142959237098694,0.37488502264022827,-0.07170341908931732,0.6827310919761658,0.3556123375892639,-0.07982218265533447,4
0.9016849994659424,0.5063313245773315,1.917271106322005e-07,0.93427973985672,0.40797990560531616,-0.01890491507947445,0.9301746487617493,0.2905043661594391,-0.025311985984444618,0.9187031984329224,0.20979207754135132,-0.031357429921627045,0.9199290871620178,0.15128599107265472,-0.03826827183365822,0.8484800457954407,0.24489431083202362,-0.02015719935297966,0.8182221055030823,0.15361171960830688,-0.034909687936306,0.7961689829826355,0.09721419215202332,-0.046403128653764725,0.7750489115715027,0.05349293351173401,-0.05652626231312752,0.819991409778595,0.285932719707489,-0.024665094912052155,0.7654467821121216,0.2156878113746643,-0.04081571102142334,0.730100691318512,0.1733151078224182,-0.05481100082397461,0.6978374719619751,0.14122216403484344,-0.06566020101308823,0.8059607744216919,0.3377114534378052,-0.03154532611370087,0.7512573003768921,0.27807387709617615,-0.050147030502557755,0.716215193271637,0.23849663138389587,-0.064658023416996,0.6843912601470947,0.20343422889709473,-0.07489047199487686,0.8038230538368225,0.3994636535644531,-0.040059078484773636,0.750022292137146,0.38631802797317505,-0.061426904052495956,0.7146714329719543,0.3737788498401642,-0.07426667213439941,0.6829906702041626,0.35554978251457214,-0.08241032809019089,4
0.8989861607551575,0.5005110502243042,1.9425573327680468e-07,0.9321338534355164,0.4023088812828064,-0.01878354512155056,0.9281655550003052,0.28543877601623535,-0.024745488539338112,0.9158133864402771,0.20509111881256104,-0.030283233150839806,0.9179365038871765,0.14618678390979767,-0.03669244050979614,0.8454140424728394,0.2385960966348648,-0.01901397481560707,0.8158572316169739,0.14797385036945343,-0.033133555203676224,0.7941250801086426,0.0923466682434082,-0.04423239827156067,0.7732478976249695,0.04987218976020813,-0.05404612049460411,0.8167129158973694,0.27926820516586304,-0.023495614528656006,0.7621324062347412,0.20714408159255981,-0.03889715299010277,0.7272552251815796,0.16495119035243988,-0.05221705883741379,0.6956604719161987,0.13310030102729797,-0.062447406351566315,0.8027880787849426,0.33097732067108154,-0.03040442243218422,0.7478549480438232,0.2699013352394104,-0.0486191026866436,0.713057816028595,0.23078763484954834,-0.06280088424682617,0.681792140007019,0.19591179490089417,-0.07269259542226791,0.8010064959526062,0.39318808913230896,-0.03894466534256935,0.7470249533653259,0.3797796368598938,-0.06003013253211975,0.711943507194519,0.3675144612789154,-0.07260247319936752,0.6806656718254089,0.3489806056022644,-0.08048748224973679,4
0.8971425294876099,0.4980841279029846,1.962619364803686e-07,0.9300777912139893,0.3975409269332886,-0.017716005444526672,0.9246510863304138,0.2807199954986572,-0.022906281054019928,0.9119046330451965,0.2007572054862976,-0.027966158464550972,0.9140651822090149,0.1429273933172226,-0.033849895000457764,0.8422124981880188,0.23512250185012817,-0.016619641333818436,0.812211275100708,0.14392997324466705,-0.030084731057286263,0.7904635667800903,0.08774898946285248,-0.04089627414941788,0.7697376012802124,0.04493626952171326,-0.050520822405815125,0.8140997886657715,0.275942325592041,-0.021272653713822365,0.7598186731338501,0.20520415902137756,-0.036131612956523895,0.7246838808059692,0.1630094051361084,-0.04948371648788452,0.6926612257957458,0.1313333660364151,-0.05976499989628792,0.8003429174423218,0.32752248644828796,-0.028363099321722984,0.7455141544342041,0.2680622935295105,-0.045946478843688965,0.710409939289093,0.22931858897209167,-0.060210272669792175,0.6785789132118225,0.19499215483665466,-0.07021397352218628,0.7984672784805298,0.3894539475440979,-0.03705250099301338,0.7448429465293884,0.3775552809238434,-0.05761217325925827,0.7096498012542725,0.36519408226013184,-0.07025454193353653,0.6781177520751953,0.34672582149505615,-0.07824067771434784,4
0.8985342383384705,0.4978245496749878,1.8675628155051527e-07,0.930324375629425,0.3976844549179077,-0.01779216341674328,0.925504207611084,0.2804197072982788,-0.0233023501932621,0.9137165546417236,0.2004401683807373,-0.028684621676802635,0.9153199791908264,0.14301934838294983,-0.03494357317686081,0.8442904949188232,0.2354097068309784,-0.017497394233942032,0.8142731189727783,0.14479999244213104,-0.03147848695516586,0.7928063273429871,0.08887653052806854,-0.04271949827671051,0.7723121047019958,0.045438945293426514,-0.05269191786646843,0.815925657749176,0.2761223018169403,-0.022369595244526863,0.7617542743682861,0.2054349035024643,-0.03774890676140785,0.7269326448440552,0.16312912106513977,-0.0516263023018837,0.6951757669448853,0.13097111880779266,-0.062383174896240234,0.8020834922790527,0.3279348611831665,-0.029645415022969246,0.7479118704795837,0.26786932349205017,-0.047695282846689224,0.7128236293792725,0.22864077985286713,-0.0624939389526844,0.6807569861412048,0.19368746876716614,-0.0729871541261673,0.8000882267951965,0.39011406898498535,-0.03848152980208397,0.7471053600311279,0.37707361578941345,-0.05945242941379547,0.7119091749191284,0.36438891291618347,-0.07237311452627182,0.6800692081451416,0.3457556962966919,-0.08065733313560486,4
0.8998605012893677,0.4984701871871948,1.9163509534791956e-07,0.932384729385376,0.398874431848526,-0.018010612577199936,0.9272292852401733,0.282213419675827,-0.02362845651805401,0.914663553237915,0.20208430290222168,-0.029085028916597366,0.9158340692520142,0.14413529634475708,-0.03536844626069069,0.8451714515686035,0.23685286939144135,-0.017558490857481956,0.8153188824653625,0.14622147381305695,-0.031611040234565735,0.7937489748001099,0.09034109115600586,-0.042861878871917725,0.7730209231376648,0.04731741547584534,-0.05282783880829811,0.8172226548194885,0.2773886024951935,-0.02230592630803585,0.7629926800727844,0.2065277397632599,-0.03777873516082764,0.7279415130615234,0.16412369906902313,-0.051547396928071976,0.6959512233734131,0.13222308456897736,-0.0621771514415741,0.8037194609642029,0.32883143424987793,-0.02949029952287674,0.7491709589958191,0.26953771710395813,-0.0475778765976429,0.7143463492393494,0.23051759600639343,-0.062017083168029785,0.6826654076576233,0.1960909366607666,-0.07215575873851776,0.8020675778388977,0.3905636668205261,-0.0382862463593483,0.7487529516220093,0.37763190269470215,-0.05921546369791031,0.713582456111908,0.3647378087043762,-0.07202073931694031,0.6818505525588989,0.3460462987422943,-0.08015810698270798,4
0.8974986672401428,0.5024136304855347,1.8542603186233464e-07,0.9307010769844055,0.4021590054035187,-0.017838722094893456,0.9261919260025024,0.28295156359672546,-0.02298787795007229,0.9141107797622681,0.20254787802696228,-0.02805042266845703,0.9162867069244385,0.14628496766090393,-0.03397924825549126,0.8437522649765015,0.2379671037197113,-0.016890639439225197,0.8144214749336243,0.14736677706241608,-0.030867213383316994,0.7928261160850525,0.09104658663272858,-0.04208804666996002,0.7722064852714539,0.04781660437583923,-0.05213731899857521,0.8156947493553162,0.2786104679107666,-0.021800098940730095,0.7610865235328674,0.20817597210407257,-0.03733948990702629,0.7262191772460938,0.16553974151611328,-0.051104191690683365,0.6945969462394714,0.13298696279525757,-0.06173449009656906,0.8024911880493164,0.33017057180404663,-0.029191238805651665,0.7475681900978088,0.2712588906288147,-0.04738835617899895,0.7129925489425659,0.23261207342147827,-0.061788592487573624,0.6814348697662354,0.19763770699501038,-0.07194865494966507,0.801444947719574,0.3920021951198578,-0.038241226226091385,0.7483474612236023,0.37999072670936584,-0.05939251556992531,0.7130565047264099,0.3674323856830597,-0.07241398096084595,0.6810221672058105,0.3483610153198242,-0.08074742555618286,4
0.9017583131790161,0.5043467283248901,1.8619338959524612e-07,0.9327229857444763,0.4040815830230713,-0.01788838393986225,0.9276138544082642,0.2864827513694763,-0.023762371391057968,0.9155557751655579,0.20571249723434448,-0.0294976606965065,0.9168598651885986,0.1469731479883194,-0.03607967123389244,0.8459763526916504,0.24094423651695251,-0.018206622451543808,0.8159939050674438,0.14983846247196198,-0.03284425288438797,0.7943283319473267,0.0933397114276886,-0.04451999440789223,0.7736361622810364,0.04948332905769348,-0.05475428327918053,0.8181519508361816,0.28160154819488525,-0.023314157500863075,0.7630969285964966,0.21048375964164734,-0.03920132666826248,0.7280360460281372,0.16750620305538177,-0.053177665919065475,0.6961862444877625,0.13428381085395813,-0.06391255557537079,0.8048766851425171,0.3335423767566681,-0.030814290046691895,0.7497525811195374,0.27362561225891113,-0.04913904890418053,0.715031623840332,0.23386335372924805,-0.06351029872894287,0.6834722757339478,0.1978299468755722,-0.07364693284034729,0.8036791086196899,0.39595991373062134,-0.039921682327985764,0.7500115633010864,0.38291096687316895,-0.0611126571893692,0.714653491973877,0.3695663511753082,-0.07377886772155762,0.6826749444007874,0.3501669764518738,-0.08176401257514954,4
0.9047262072563171,0.5024679899215698,1.8849006266918877e-07,0.9365012049674988,0.4029264450073242,-0.01835550181567669,0.9314413666725159,0.2886008620262146,-0.02491479367017746,0.9185742735862732,0.20966356992721558,-0.031130697578191757,0.9197302460670471,0.1504610925912857,-0.03833749517798424,0.8510816693305969,0.24241921305656433,-0.02099410444498062,0.8200207352638245,0.1510457694530487,-0.03628756105899811,0.797649085521698,0.09451641142368317,-0.04803761467337608,0.7763552665710449,0.05037689208984375,-0.058263231068849564,0.8233186602592468,0.28382477164268494,-0.025953585281968117,0.7683624029159546,0.21275469660758972,-0.04261503368616104,0.7329818606376648,0.16982579231262207,-0.056731171905994415,0.7008042335510254,0.13697496056556702,-0.06760461628437042,0.8098918199539185,0.33666369318962097,-0.03317353501915932,0.7549909949302673,0.27666884660720825,-0.052312105894088745,0.7196857929229736,0.23568150401115417,-0.06715226918458939,0.6876482367515564,0.19904237985610962,-0.07758014649152756,0.8082151412963867,0.3994983732700348,-0.041900698095560074,0.7541247606277466,0.3851277232170105,-0.06393039226531982,0.7185936570167542,0.37170907855033875,-0.07701092958450317,0.686539888381958,0.35270455479621887,-0.08527737110853195,4
0.9039795994758606,0.5055684447288513,1.8566920800822118e-07,0.9362777471542358,0.40648525953292847,-0.01925015263259411,0.9318048357963562,0.288615882396698,-0.02585231512784958,0.9194971919059753,0.20823407173156738,-0.03195717930793762,0.9218856692314148,0.14979203045368195,-0.03900217264890671,0.8507913947105408,0.24349918961524963,-0.02092958241701126,0.8208920359611511,0.15286144614219666,-0.03613775596022606,0.7991032600402832,0.09692569077014923,-0.04803525283932686,0.778193473815918,0.05296000838279724,-0.058462660759687424,0.8227509260177612,0.28475287556648254,-0.025529151782393456,0.7674452662467957,0.21312251687049866,-0.04201360419392586,0.7321867942810059,0.17003250122070312,-0.0560893639922142,0.7001821398735046,0.136187344789505,-0.06695230305194855,0.809505820274353,0.3374044895172119,-0.03251412883400917,0.7541741728782654,0.2771904468536377,-0.05139623209834099,0.7194185853004456,0.23675620555877686,-0.06590219587087631,0.6879240870475769,0.1997598260641098,-0.07612935453653336,0.8082659840583801,0.39998704195022583,-0.04117779806256294,0.7545106410980225,0.3855106830596924,-0.06278280168771744,0.7192547917366028,0.37210336327552795,-0.07563664764165878,0.6873010396957397,0.3523164987564087,-0.08381636440753937,4
0.9035489559173584,0.5098806023597717,1.7981200528538466e-07,0.9361776113510132,0.40908873081207275,-0.017791694030165672,0.9308871030807495,0.2898121774196625,-0.0230924803763628,0.9184321761131287,0.20920014381408691,-0.028222957625985146,0.9210613369941711,0.15198491513729095,-0.03426876291632652,0.8488579988479614,0.2454054057598114,-0.017908576875925064,0.8191099762916565,0.15395425260066986,-0.03211537376046181,0.7974275946617126,0.09725570678710938,-0.04344099387526512,0.7766919732093811,0.05322268605232239,-0.05354872718453407,0.8211122751235962,0.28582763671875,-0.022831153124570847,0.765684962272644,0.21465295553207397,-0.03844656050205231,0.7303820848464966,0.17156466841697693,-0.05214040353894234,0.6983648538589478,0.1384260505437851,-0.06273728609085083,0.8081334233283997,0.3373774588108063,-0.03013291023671627,0.7524418830871582,0.277651309967041,-0.048196256160736084,0.7177718281745911,0.23772531747817993,-0.06237226352095604,0.6862720847129822,0.20156319439411163,-0.07242447882890701,0.8073907494544983,0.39920201897621155,-0.039077676832675934,0.7535274624824524,0.3863481879234314,-0.06006472930312157,0.7181687951087952,0.3726408779621124,-0.07283291965723038,0.6861176490783691,0.35253748297691345,-0.08100318163633347,4
0.903576672077179,0.5114499926567078,1.8465446771642746e-07,0.9368087649345398,0.4101283550262451,-0.01812461018562317,0.9321555495262146,0.29002073407173157,-0.02348487637937069,0.9202628135681152,0.20824739336967468,-0.028620615601539612,0.9228395223617554,0.15065565705299377,-0.03472137823700905,0.8512082695960999,0.2465684860944748,-0.018423575907945633,0.8213038444519043,0.1547178030014038,-0.0326789952814579,0.7995924353599548,0.09777253866195679,-0.04394727200269699,0.7786918878555298,0.05348905920982361,-0.05403904244303703,0.8229460716247559,0.2868089973926544,-0.023251228034496307,0.768200159072876,0.2141825258731842,-0.03900907188653946,0.7326176762580872,0.17057818174362183,-0.05297162011265755,0.7002314925193787,0.13776883482933044,-0.06383071094751358,0.8094067573547363,0.3383193016052246,-0.03048531524837017,0.7546382546424866,0.27715280652046204,-0.04880467429757118,0.7197123169898987,0.23645545542240143,-0.06375870108604431,0.6877469420433044,0.20051388442516327,-0.07439924776554108,0.807941734790802,0.40006425976753235,-0.03933178260922432,0.7547218203544617,0.38607096672058105,-0.060564830899238586,0.7191840410232544,0.3723759055137634,-0.07392626255750656,0.6868411302566528,0.3526429235935211,-0.08263231813907623,4
0.9040260314941406,0.5131212472915649,1.8786430189265957e-07,0.937569797039032,0.4129336476325989,-0.018702324479818344,0.9338144659996033,0.2927350103855133,-0.024323202669620514,0.921720027923584,0.21101701259613037,-0.029582630842924118,0.9244402647018433,0.15414169430732727,-0.035721778869628906,0.8515820503234863,0.2478858083486557,-0.01875382289290428,0.8221165537834167,0.15500952303409576,-0.03329353407025337,0.8005228638648987,0.09799912571907043,-0.04470856860280037,0.7798068523406982,0.05403214693069458,-0.0548100546002388,0.8233299255371094,0.28827711939811707,-0.023349367082118988,0.7683210372924805,0.2145688831806183,-0.0394107960164547,0.7330304384231567,0.17028793692588806,-0.053377915173769,0.7010667324066162,0.13624687492847443,-0.06407444924116135,0.8098822832107544,0.34009385108947754,-0.030395790934562683,0.7548795938491821,0.2783105969429016,-0.048897627741098404,0.7203574776649475,0.23772160708904266,-0.06336462497711182,0.68891441822052,0.2007850706577301,-0.07354246079921722,0.8083907961845398,0.4024544060230255,-0.03912883624434471,0.7551639080047607,0.3876931667327881,-0.0603979229927063,0.7199759483337402,0.3730255663394928,-0.07335443049669266,0.6880112290382385,0.35168299078941345,-0.08163616806268692,4
0.9015669822692871,0.5167320966720581,1.7981572852932004e-07,0.9362722039222717,0.41597428917884827,-0.018863430246710777,0.9333794116973877,0.2949475646018982,-0.024670416489243507,0.9222902059555054,0.21295112371444702,-0.03013906069099903,0.9251473546028137,0.15505358576774597,-0.0365147739648819,0.851662814617157,0.2489130049943924,-0.01940329559147358,0.8220374584197998,0.15594060719013214,-0.034299690276384354,0.8006092309951782,0.09878264367580414,-0.04590565338730812,0.780116617679596,0.054268985986709595,-0.05617174506187439,0.8235538601875305,0.289260596036911,-0.024180805310606956,0.7682679891586304,0.2154369056224823,-0.04059414565563202,0.7330490946769714,0.17074525356292725,-0.05490782484412193,0.7011542320251465,0.13621263206005096,-0.06592079997062683,0.8102424740791321,0.3414626121520996,-0.03141658753156662,0.755147397518158,0.279777854681015,-0.05032689496874809,0.7208719253540039,0.238393634557724,-0.06521017849445343,0.6895659565925598,0.20036837458610535,-0.07574813812971115,0.808891236782074,0.4041326940059662,-0.04034316539764404,0.7556689381599426,0.3897136449813843,-0.062283631414175034,0.7202588319778442,0.3750929534435272,-0.07575909048318863,0.6879976987838745,0.35364845395088196,-0.08441757410764694,4
0.9011449217796326,0.5133068561553955,1.8219994046830834e-07,0.9347478747367859,0.4130631387233734,-0.018423348665237427,0.9312974810600281,0.2931255102157593,-0.024342242628335953,0.9196802377700806,0.21109004318714142,-0.03004567325115204,0.9226611852645874,0.15172933042049408,-0.03668266907334328,0.8495518565177917,0.2471410036087036,-0.01903703436255455,0.8199023008346558,0.1546109914779663,-0.03383490443229675,0.7983884215354919,0.09777860343456268,-0.0453052893280983,0.7778441905975342,0.05329263210296631,-0.055434465408325195,0.821634829044342,0.28775686025619507,-0.024008961394429207,0.7665541768074036,0.2143082618713379,-0.04026162996888161,0.731434166431427,0.17020784318447113,-0.05424650013446808,0.6994760036468506,0.1354321539402008,-0.0649707019329071,0.8084432482719421,0.3397584557533264,-0.0314020998775959,0.7530834674835205,0.2773279845714569,-0.05020304024219513,0.7183771729469299,0.2362523227930069,-0.06459752470254898,0.686964750289917,0.19826620817184448,-0.07471071183681488,0.8074324131011963,0.40183162689208984,-0.04043973237276077,0.7535860538482666,0.38741540908813477,-0.06206844374537468,0.718403160572052,0.37287023663520813,-0.07499783486127853,0.6867374181747437,0.35138368606567383,-0.08320355415344238,4
0.8978774547576904,0.5121886134147644,1.665782605186905e-07,0.931786060333252,0.41250085830688477,-0.01851562038064003,0.9291555285453796,0.2924770712852478,-0.024580247700214386,0.9173140525817871,0.2112666517496109,-0.030352571979165077,0.918734610080719,0.15342815220355988,-0.037119511514902115,0.8482165932655334,0.2450869381427765,-0.020259883254766464,0.8189103603363037,0.15312954783439636,-0.035635896027088165,0.7976378202438354,0.09675963222980499,-0.04758734256029129,0.7768983840942383,0.052062392234802246,-0.05810508877038956,0.8204871416091919,0.284818172454834,-0.025458160787820816,0.7654822468757629,0.2109520435333252,-0.042390041053295135,0.73015296459198,0.16719381511211395,-0.05689924582839012,0.6975782513618469,0.13248759508132935,-0.06804729998111725,0.8072012662887573,0.3368373215198517,-0.03300017490983009,0.7524536848068237,0.27464181184768677,-0.05227149277925491,0.7180390357971191,0.23339059948921204,-0.06705377250909805,0.6865680813789368,0.19523662328720093,-0.07749543339014053,0.8057544231414795,0.3995051383972168,-0.04216257482767105,0.751977801322937,0.3841114342212677,-0.06417927145957947,0.716584324836731,0.36975982785224915,-0.07734489440917969,0.6844797730445862,0.34863463044166565,-0.08576396107673645,4
0.8960655927658081,0.5130133628845215,1.6382976752993272e-07,0.9303982853889465,0.4134194254875183,-0.01859273761510849,0.9275972843170166,0.29271456599235535,-0.02414923533797264,0.9162449836730957,0.2111891806125641,-0.029349036514759064,0.9178423285484314,0.1537044793367386,-0.0354975126683712,0.8465829491615295,0.2451896220445633,-0.019379528239369392,0.8169572353363037,0.15346941351890564,-0.034266017377376556,0.7955565452575684,0.09725694358348846,-0.045917242765426636,0.7749307751655579,0.052924275398254395,-0.0562523752450943,0.8188953399658203,0.28473129868507385,-0.024191053584218025,0.7641556859016418,0.211383655667305,-0.040595877915620804,0.7290868759155273,0.16777852177619934,-0.05494517460465431,0.6971302032470703,0.13361772894859314,-0.06599942594766617,0.805700421333313,0.33652999997138977,-0.03140448406338692,0.7513300180435181,0.2743239104747772,-0.05027315765619278,0.7171212434768677,0.23346543312072754,-0.06516778469085693,0.6858633756637573,0.19579721987247467,-0.0757424607872963,0.8043453097343445,0.3990255892276764,-0.04025581106543541,0.7517526745796204,0.38451123237609863,-0.06208545342087746,0.7166554927825928,0.3701929450035095,-0.07546068727970123,0.6847314238548279,0.34911230206489563,-0.08406117558479309,4
0.895409882068634,0.5111401677131653,1.692679632014915e-07,0.9293919205665588,0.4127069115638733,-0.01903207041323185,0.9266217350959778,0.29291582107543945,-0.024979064241051674,0.9153358340263367,0.21208055317401886,-0.03052367828786373,0.9166187047958374,0.15589892864227295,-0.03697161749005318,0.8459540605545044,0.24501273036003113,-0.020224694162607193,0.8164268136024475,0.1534700244665146,-0.035479094833135605,0.7950551509857178,0.09729178249835968,-0.04731764644384384,0.7745181918144226,0.05310523509979248,-0.05778379738330841,0.8178505897521973,0.2849403917789459,-0.025080127641558647,0.7625747919082642,0.21139252185821533,-0.04186759516596794,0.7274466753005981,0.16765016317367554,-0.05631000176072121,0.6954982280731201,0.13296228647232056,-0.06739357113838196,0.8045445084571838,0.3371192216873169,-0.03235740587115288,0.7495478987693787,0.2744397222995758,-0.051732078194618225,0.7153137922286987,0.23392480611801147,-0.06657813489437103,0.6840788125991821,0.1963959038257599,-0.0770253837108612,0.8033198714256287,0.39982545375823975,-0.0413067452609539,0.7503352761268616,0.3848578631877899,-0.0637499988079071,0.7149418592453003,0.37117013335227966,-0.07723823189735413,0.6827399134635925,0.3506090044975281,-0.08580631762742996,4
0.9112549424171448,0.9074306488037109,4.6197263259273313e-07,0.9404391646385193,0.7960318326950073,-0.032094188034534454,0.9429194927215576,0.6761313676834106,-0.05070842429995537,0.9349318742752075,0.5868955850601196,-0.0667218342423439,0.9373506307601929,0.5099432468414307,-0.08428293466567993,0.851970374584198,0.6676821112632751,-0.05044512078166008,0.8217812776565552,0.5481268763542175,-0.07778871059417725,0.7957223653793335,0.4748755395412445,-0.09661860764026642,0.7702229022979736,0.4145590364933014,-0.11081691831350327,0.819884181022644,0.7223725914955139,-0.053403280675411224,0.7549068927764893,0.6387969851493835,-0.0795874372124672,0.7125735878944397,0.5825780630111694,-0.0990748330950737,0.673179030418396,0.5340810418128967,-0.1141812801361084,0.8034207224845886,0.7905733585357666,-0.05848280340433121,0.7405228614807129,0.729331910610199,-0.08598922938108444,0.6982452273368835,0.6794144511222839,-0.10400453954935074,0.6592646837234497,0.630605161190033,-0.11656301468610764,0.7993010878562927,0.868068516254425,-0.06574978679418564,0.7376545071601868,0.8626824617385864,-0.09351097047328949,0.6979374289512634,0.8538880348205566,-0.10710648447275162,0.6610815525054932,0.837639331817627,-0.1157042607665062,4
0.9077901840209961,0.9024103879928589,4.402001536618627e-07,0.9393877387046814,0.7905535101890564,-0.033209286630153656,0.940706729888916,0.6694480180740356,-0.05173923075199127,0.9313041567802429,0.5801701545715332,-0.06753037869930267,0.9343929886817932,0.5038473010063171,-0.08502034097909927,0.849279522895813,0.6623172760009766,-0.052419885993003845,0.8189119100570679,0.544933557510376,-0.08025753498077393,0.7934669256210327,0.47143757343292236,-0.09940449893474579,0.768478274345398,0.4101322889328003,-0.11404044926166534,0.8169387578964233,0.7184000015258789,-0.05506928637623787,0.7525109648704529,0.6361496448516846,-0.08164971321821213,0.7099779844284058,0.5798479914665222,-0.10144713521003723,0.6708243489265442,0.5315749645233154,-0.11706219613552094,0.8010702133178711,0.7875109910964966,-0.059933289885520935,0.7378574013710022,0.72635817527771,-0.0881291851401329,0.6950846910476685,0.6775394678115845,-0.10657816380262375,0.6562479138374329,0.6308444738388062,-0.11957041919231415,0.7984054088592529,0.8646926879882812,-0.06706905364990234,0.7360959053039551,0.8594779372215271,-0.09608674794435501,0.6954464912414551,0.8508641719818115,-0.11081763356924057,0.65789395570755,0.8350321650505066,-0.12028732895851135,4
0.9040926098823547,0.8979806303977966,4.2639672415134555e-07,0.9377782344818115,0.7852057218551636,-0.032833389937877655,0.9389330148696899,0.6620446443557739,-0.050986871123313904,0.9289532899856567,0.5700697302818298,-0.06639165431261063,0.9317308664321899,0.49230676889419556,-0.08344510942697525,0.8467854857444763,0.6506365537643433,-0.051920127123594284,0.8162599802017212,0.5346099734306335,-0.07967584580183029,0.7905852198600769,0.46222448348999023,-0.09864622354507446,0.7654367685317993,0.40195369720458984,-0.11317813396453857,0.814211368560791,0.7052056789398193,-0.05445362627506256,0.7495237588882446,0.6238475441932678,-0.08077376335859299,0.7071567177772522,0.5686424970626831,-0.10019265860319138,0.6677594184875488,0.5219869613647461,-0.1154516190290451,0.7982255816459656,0.7734460234642029,-0.05918245017528534,0.7343807220458984,0.7148323059082031,-0.08702029287815094,0.6918607354164124,0.666702151298523,-0.1050979346036911,0.6529477834701538,0.6204361915588379,-0.11782606691122055,0.7958491444587708,0.8501401543617249,-0.06615036725997925,0.7342373728752136,0.8475596904754639,-0.09476568549871445,0.6943893432617188,0.8398199081420898,-0.10918647795915604,0.657329261302948,0.824466347694397,-0.11839946359395981,4
0.9024093151092529,0.8912460803985596,3.9190572920233535e-07,0.93808513879776,0.7776907682418823,-0.03210705146193504,0.9394533634185791,0.6535171866416931,-0.048901140689849854,0.9286966919898987,0.5608522891998291,-0.0631449744105339,0.9315477609634399,0.4837319254875183,-0.07883689552545547,0.8462979197502136,0.6400250196456909,-0.04861517250537872,0.8159422278404236,0.5233368277549744,-0.07507196068763733,0.7911710143089294,0.4496784210205078,-0.09311619400978088,0.7673527598381042,0.38860565423965454,-0.10717324167490005,0.8135964870452881,0.6948005557060242,-0.050912126898765564,0.7500255703926086,0.6151267290115356,-0.07654482126235962,0.7084518074989319,0.5598697662353516,-0.09561482071876526,0.6704227924346924,0.512691855430603,-0.11065187305212021,0.7977298498153687,0.7610742449760437,-0.05554836988449097,0.7339533567428589,0.7020393013954163,-0.08265046030282974,0.6931136250495911,0.6539390087127686,-0.10015963762998581,0.6559673547744751,0.606757402420044,-0.11269457638263702,0.7964257001876831,0.8354306221008301,-0.06250655651092529,0.7348220348358154,0.8352877497673035,-0.09074943512678146,0.6943709850311279,0.8285250067710876,-0.1053919717669487,0.6571322679519653,0.8124302625656128,-0.11485845595598221,4
0.8985761404037476,0.8950568437576294,3.612046555190318e-07,0.9358031749725342,0.7774850726127625,-0.03078252449631691,0.9369344711303711,0.6483694314956665,-0.04639194905757904,0.9270528554916382,0.5539645552635193,-0.05967255309224129,0.9295591115951538,0.47830918431282043,-0.07450322061777115,0.843895435333252,0.6319764256477356,-0.046375200152397156,0.8130308985710144,0.5148616433143616,-0.07196946442127228,0.7883874177932739,0.4420619010925293,-0.0894787386059761,0.7648962140083313,0.3826052248477936,-0.10332965105772018,0.8116434812545776,0.6866645216941833,-0.04898639768362045,0.7478633522987366,0.6075997948646545,-0.07447844743728638,0.7059054374694824,0.5537539720535278,-0.09400267153978348,0.6673263311386108,0.5076032876968384,-0.10948542505502701,0.7959561347961426,0.7532079219818115,-0.053865380585193634,0.7326072454452515,0.6948418021202087,-0.08066118508577347,0.6920537948608398,0.6484808921813965,-0.09860818088054657,0.6549472808837891,0.6027120351791382,-0.11169299483299255,0.7948580384254456,0.828223466873169,-0.06092781201004982,0.7329613566398621,0.8281673192977905,-0.08912825584411621,0.6922620534896851,0.8199426531791687,-0.10420174896717072,0.6550732851028442,0.8016711473464966,-0.11411509662866592,4
0.9008243680000305,0.8872663974761963,3.6653923984886205e-07,0.9344711303710938,0.7712953090667725,-0.02989758551120758,0.9330728054046631,0.6443411111831665,-0.045088861137628555,0.923794150352478,0.5515403151512146,-0.058232784271240234,0.9275856018066406,0.4764167070388794,-0.07307878881692886,0.8401080369949341,0.6290660500526428,-0.04507360979914665,0.8082910180091858,0.5135564804077148,-0.0704813301563263,0.784148097038269,0.44055142998695374,-0.08813092857599258,0.7609380483627319,0.38071003556251526,-0.10210810601711273,0.8084394931793213,0.6848021745681763,-0.0482635535299778,0.74477618932724,0.6066501140594482,-0.07337050884962082,0.7024683952331543,0.5535750985145569,-0.0929088220000267,0.6636863946914673,0.5085445642471313,-0.1085062175989151,0.7934509515762329,0.7523026466369629,-0.053720563650131226,0.7299867868423462,0.6934509873390198,-0.08004183322191238,0.6896622776985168,0.6474318504333496,-0.09785039722919464,0.6527732014656067,0.6020861864089966,-0.11098892241716385,0.7928836345672607,0.8282376527786255,-0.06135512888431549,0.7312005162239075,0.8262711763381958,-0.08919879794120789,0.6903948187828064,0.8182916045188904,-0.10393010079860687,0.6530182361602783,0.8009016513824463,-0.11369872093200684,4
0.8969316482543945,0.8951795697212219,3.822259202479472e-07,0.9330662488937378,0.7778058052062988,-0.030680084601044655,0.9327373504638672,0.6497560143470764,-0.04621949419379234,0.9228453636169434,0.5545846223831177,-0.059393495321273804,0.9258943200111389,0.47782760858535767,-0.07390157878398895,0.8401661515235901,0.632500171661377,-0.04546377435326576,0.8099901080131531,0.5154746770858765,-0.07109782844781876,0.7853351831436157,0.4427604079246521,-0.08880439400672913,0.7614407539367676,0.38266345858573914,-0.10274005681276321,0.8074346780776978,0.686488687992096,-0.048171162605285645,0.7437450289726257,0.6071577072143555,-0.07345087826251984,0.701995849609375,0.5521160960197449,-0.09284765273332596,0.6632007360458374,0.5055863857269287,-0.10795972496271133,0.7917949557304382,0.7529102563858032,-0.053173888474702835,0.7287669777870178,0.6942684054374695,-0.08007396757602692,0.6887209415435791,0.6466889977455139,-0.09789807349443436,0.6513983011245728,0.6001401543617249,-0.11051546782255173,0.7912536859512329,0.8274886012077332,-0.060356952250003815,0.7303974032402039,0.8277621865272522,-0.08851519972085953,0.6899653077125549,0.8206204175949097,-0.10323547571897507,0.6523040533065796,0.8039735555648804,-0.11262723058462143,4
0.8995072841644287,0.8931854367256165,3.7329505175875966e-07,0.9353537559509277,0.7774689793586731,-0.030894529074430466,0.935409665107727,0.6498091816902161,-0.046692728996276855,0.925166666507721,0.5561296343803406,-0.060141876339912415,0.9276753664016724,0.4804225564002991,-0.0751374289393425,0.8435876369476318,0.6355488300323486,-0.047340456396341324,0.8118739724159241,0.5195009112358093,-0.07365503907203674,0.787101149559021,0.4467434287071228,-0.09171058982610703,0.7630797028541565,0.3862776458263397,-0.10581019520759583,0.8111317157745361,0.6907987594604492,-0.05026441067457199,0.7468482255935669,0.6103036999702454,-0.07575905323028564,0.7050016522407532,0.5549084544181824,-0.09512364864349365,0.6662874817848206,0.5079313516616821,-0.11042903363704681,0.7957443594932556,0.7582988142967224,-0.05543127283453941,0.7325172424316406,0.6987882852554321,-0.08230292797088623,0.6920767426490784,0.6504244208335876,-0.09990066289901733,0.654608964920044,0.6035485863685608,-0.11260068416595459,0.7948407530784607,0.8342122435569763,-0.06282036006450653,0.7338045239448547,0.8316707611083984,-0.09092588722705841,0.6934983730316162,0.8235810995101929,-0.10537833720445633,0.6559529304504395,0.8070050477981567,-0.11478560417890549,4
0.8988940715789795,0.895724892616272,3.6968467043152486e-07,0.9363005757331848,0.7786235809326172,-0.030992168933153152,0.9364832639694214,0.6499736905097961,-0.046720415353775024,0.9252796769142151,0.5565986633300781,-0.060143690556287766,0.9286201596260071,0.4811961054801941,-0.07506228238344193,0.8435460329055786,0.6354814171791077,-0.04662201181054115,0.8126706480979919,0.5190829038619995,-0.0726768970489502,0.7879941463470459,0.4462337791919708,-0.09065122157335281,0.764045238494873,0.3859131634235382,-0.10490719228982925,0.8109061121940613,0.6904403567314148,-0.049512699246406555,0.7470333576202393,0.6109869480133057,-0.07526498287916183,0.7052598595619202,0.5562659502029419,-0.09495215117931366,0.6664498448371887,0.5096389055252075,-0.11049714684486389,0.7954039573669434,0.7571706175804138,-0.054718706756830215,0.731594443321228,0.697983980178833,-0.08211025595664978,0.6910766959190369,0.649979829788208,-0.10028523206710815,0.6534445285797119,0.6028817892074585,-0.11335422843694687,0.7945519685745239,0.8323330879211426,-0.06213905289769173,0.7331421375274658,0.831650972366333,-0.09085783362388611,0.6926132440567017,0.8243526220321655,-0.10611898452043533,0.6549543142318726,0.8075175285339355,-0.11611852049827576,4
0.8986145257949829,0.8957576751708984,3.745088292816945e-07,0.9350546002388,0.7800551056861877,-0.03021928109228611,0.935702383518219,0.6512203812599182,-0.04555102810263634,0.9260208606719971,0.5567958354949951,-0.05869468301534653,0.9292429089546204,0.48082929849624634,-0.07335501909255981,0.8436340689659119,0.6324935555458069,-0.04525695741176605,0.813029944896698,0.5165826082229614,-0.07109606266021729,0.7887498140335083,0.443173885345459,-0.08899282664060593,0.7655282020568848,0.38316166400909424,-0.10306237637996674,0.8111637830734253,0.6873795986175537,-0.04839644581079483,0.7487538456916809,0.6083394885063171,-0.07427306473255157,0.7072879672050476,0.5527833104133606,-0.09436459839344025,0.6688587069511414,0.5055361986160278,-0.11003890633583069,0.7953596115112305,0.7548322081565857,-0.05381062626838684,0.7329626083374023,0.694202721118927,-0.08129189908504486,0.6927242279052734,0.6458052396774292,-0.09989362210035324,0.6555271148681641,0.5988441109657288,-0.11310563236474991,0.7940629720687866,0.8312391638755798,-0.06130845844745636,0.7336316704750061,0.8282167315483093,-0.09013669937849045,0.693465530872345,0.8195297718048096,-0.10548211634159088,0.656262993812561,0.8020390868186951,-0.11532116681337357,4
0.899982213973999,0.8949663639068604,3.792433460603206e-07,0.9365097880363464,0.779434859752655,-0.031277988106012344,0.9367489218711853,0.6507861614227295,-0.04701966419816017,0.9264602661132812,0.5563926100730896,-0.060319699347019196,0.9300281405448914,0.4804242253303528,-0.07512195408344269,0.844896674156189,0.6332920789718628,-0.04709213599562645,0.8142417073249817,0.516966700553894,-0.07318983227014542,0.789650559425354,0.4434438943862915,-0.09123057872056961,0.7659996747970581,0.38294360041618347,-0.10541347414255142,0.812036395072937,0.6888846755027771,-0.049809131771326065,0.7495264410972595,0.6095443367958069,-0.07566719502210617,0.7077853679656982,0.5538569688796997,-0.09563783556222916,0.6691017150878906,0.5062909126281738,-0.11131859570741653,0.7960302233695984,0.756538987159729,-0.05483032017946243,0.7335526943206787,0.6954773664474487,-0.0823654904961586,0.6934226751327515,0.6463555097579956,-0.1009662076830864,0.6562486886978149,0.5986026525497437,-0.11423640698194504,0.7945478558540344,0.8327781558036804,-0.06202990934252739,0.73370760679245,0.8299988508224487,-0.09100205451250076,0.6933813691139221,0.8221590518951416,-0.10640238225460052,0.6559045314788818,0.8051021099090576,-0.11635015904903412,4
0.9022331833839417,0.898611307144165,3.7817684983565414e-07,0.9371023178100586,0.7827736139297485,-0.030872046947479248,0.9367748498916626,0.6535307168960571,-0.04621580243110657,0.9268288612365723,0.5595290064811707,-0.059279665350914,0.9301058053970337,0.4842451810836792,-0.07375568151473999,0.8440743684768677,0.6363134980201721,-0.045469556003808975,0.8131546974182129,0.5190699100494385,-0.07099118828773499,0.7887595295906067,0.44580185413360596,-0.08864819258451462,0.7653437256813049,0.38585618138313293,-0.10250655561685562,0.8118062019348145,0.6915953755378723,-0.04830067232251167,0.7489173412322998,0.6109604239463806,-0.07362107932567596,0.7069965600967407,0.5550865530967712,-0.0933435782790184,0.6684988141059875,0.5079028606414795,-0.10883359611034393,0.7962702512741089,0.7587767839431763,-0.05350564047694206,0.7339926958084106,0.6982381939888,-0.08031566441059113,0.694315493106842,0.6495634913444519,-0.09853563457727432,0.6579289436340332,0.602621853351593,-0.1116340383887291,0.7950880527496338,0.8348113298416138,-0.060947999358177185,0.7337803244590759,0.8326603174209595,-0.08910989761352539,0.6931319236755371,0.8245465755462646,-0.10407420247793198,0.6556934118270874,0.807064950466156,-0.11380995810031891,4
0.9006174802780151,0.897319495677948,3.896192595220782e-07,0.9365754723548889,0.7830653786659241,-0.03174541890621185,0.9376206398010254,0.6553744077682495,-0.048004213720560074,0.9266532063484192,0.5616140365600586,-0.06160000339150429,0.9295986294746399,0.48553770780563354,-0.07654953747987747,0.8455967307090759,0.6402385830879211,-0.04826483875513077,0.8159922361373901,0.5211507081985474,-0.07436218857765198,0.791351854801178,0.4468768537044525,-0.09209022670984268,0.767625093460083,0.3864331543445587,-0.10596615821123123,0.8129070997238159,0.694627046585083,-0.05052647739648819,0.7499151229858398,0.6140310764312744,-0.07635392248630524,0.7082512974739075,0.5587935447692871,-0.09575028717517853,0.6701111197471619,0.5127540826797485,-0.11085429042577744,0.7970248460769653,0.7604246139526367,-0.05503259599208832,0.7336277961730957,0.6983412504196167,-0.08242084085941315,0.6928019523620605,0.6498520374298096,-0.10051517188549042,0.6553424000740051,0.6030826568603516,-0.11333638429641724,0.7956169247627258,0.8346667885780334,-0.06172071397304535,0.7346267700195312,0.8331217765808105,-0.090553417801857,0.6942305564880371,0.8258312940597534,-0.10579700022935867,0.6568893790245056,0.808978796005249,-0.11550293117761612,4
0.902439534664154,0.8997865915298462,3.802361732141435e-07,0.9373633861541748,0.7836976647377014,-0.030943388119339943,0.936677098274231,0.6558969616889954,-0.04643429070711136,0.9255582690238953,0.5626768469810486,-0.059616655111312866,0.9280408024787903,0.48685547709465027,-0.07419456541538239,0.8440253138542175,0.6384146213531494,-0.045290086418390274,0.8125555515289307,0.5218124985694885,-0.07095035910606384,0.7875512838363647,0.44893836975097656,-0.08860389143228531,0.7638117074966431,0.38960257172584534,-0.1024511307477951,0.8119884133338928,0.6933687925338745,-0.047998394817113876,0.7494381070137024,0.6137150526046753,-0.07366683334112167,0.7077330946922302,0.558188259601593,-0.09348121285438538,0.6694953441619873,0.5112254023551941,-0.10890720039606094,0.7965199947357178,0.7603087425231934,-0.053131986409425735,0.7340225577354431,0.7001072764396667,-0.08025377243757248,0.6941386461257935,0.6510204076766968,-0.09875284880399704,0.6577616930007935,0.6033127903938293,-0.11192721128463745,0.795156717300415,0.8361746072769165,-0.060452233999967575,0.7341150641441345,0.834547221660614,-0.08880238234996796,0.6937557458877563,0.8259531259536743,-0.10409440100193024,0.6566703915596008,0.8079715371131897,-0.11399509012699127,4
0.90449059009552,0.9027559161186218,4.037833605252672e-07,0.9375001192092896,0.787593424320221,-0.03194841369986534,0.9358413219451904,0.6633825302124023,-0.048973992466926575,0.924515426158905,0.5702401399612427,-0.06340434402227402,0.926655650138855,0.49238499999046326,-0.07928360998630524,0.8436033725738525,0.6492762565612793,-0.049006689339876175,0.8125699162483215,0.5328441262245178,-0.07589862495660782,0.7874442934989929,0.46066543459892273,-0.09416549652814865,0.7629314064979553,0.40081411600112915,-0.10824239253997803,0.8114514350891113,0.7041910886764526,-0.05147383362054825,0.74835205078125,0.6238188743591309,-0.07744646072387695,0.7070952653884888,0.5681105852127075,-0.0966200977563858,0.6692653894424438,0.5213758945465088,-0.111594058573246,0.7962514758110046,0.7716336846351624,-0.05629142001271248,0.733151912689209,0.7133240103721619,-0.08363088220357895,0.6918776035308838,0.6652987599372864,-0.10167856514453888,0.6544185876846313,0.6185612082481384,-0.11443270742893219,0.7954956293106079,0.8471083641052246,-0.06334169209003448,0.7339821457862854,0.8468974828720093,-0.09186223894357681,0.6932451725006104,0.8402405977249146,-0.1069355234503746,0.6556148529052734,0.8244196176528931,-0.1165974959731102,4
0.9044563174247742,0.9053210020065308,4.3671749949680816e-07,0.9359816312789917,0.7924626469612122,-0.033046502619981766,0.935448944568634,0.6698976159095764,-0.050837088376283646,0.9246556162834167,0.5788247585296631,-0.06597545742988586,0.9271657466888428,0.5015876889228821,-0.08254200220108032,0.8427490592002869,0.6593363881111145,-0.04982481896877289,0.8114200830459595,0.5430233478546143,-0.0769660621881485,0.7861531376838684,0.47026219964027405,-0.09566261619329453,0.7613821625709534,0.4098636507987976,-0.11000440269708633,0.8097835183143616,0.7147084474563599,-0.052032772451639175,0.7470394968986511,0.632659375667572,-0.07823751121759415,0.7052363157272339,0.5757158398628235,-0.09800093621015549,0.6665570735931396,0.5277782678604126,-0.1134287491440773,0.7934456467628479,0.7822129726409912,-0.056618474423885345,0.7305399775505066,0.7239958643913269,-0.08397366106510162,0.6888882517814636,0.6753206253051758,-0.10235530138015747,0.6511023044586182,0.6282234191894531,-0.11536955088376999,0.7907424569129944,0.8579971790313721,-0.06355100870132446,0.7297993898391724,0.8555638790130615,-0.09152472019195557,0.689625084400177,0.848156750202179,-0.10618719458580017,0.6525622606277466,0.8325380086898804,-0.11569380760192871,4
0.9040555357933044,0.9076219201087952,4.517524985203636e-07,0.9341046810150146,0.7939149737358093,-0.03266329690814018,0.933501660823822,0.6683341860771179,-0.050038669258356094,0.9217155575752258,0.5777223110198975,-0.06452898681163788,0.9244295954704285,0.5016857981681824,-0.08039461821317673,0.8398215174674988,0.6570558547973633,-0.049372922629117966,0.8089041709899902,0.5400737524032593,-0.07619990408420563,0.7822489142417908,0.46789050102233887,-0.09462353587150574,0.7564190030097961,0.40990689396858215,-0.1086200624704361,0.8062423467636108,0.712482750415802,-0.05140403285622597,0.7423250079154968,0.6283562779426575,-0.07709825038909912,0.700538694858551,0.5728317499160767,-0.09627211838960648,0.662143349647522,0.5274465680122375,-0.1109558567404747,0.7896823287010193,0.7801985740661621,-0.05566337704658508,0.7273034453392029,0.7197515368461609,-0.0823577493429184,0.6864283680915833,0.6707111597061157,-0.09995846450328827,0.648948609828949,0.6243007779121399,-0.11221456527709961,0.7865743041038513,0.8566203117370605,-0.062222182750701904,0.7273236513137817,0.8504446148872375,-0.08946546167135239,0.6885014176368713,0.8412520885467529,-0.10307441651821136,0.6522396802902222,0.8252753019332886,-0.11153724789619446,4
0.9029607176780701,0.9065238833427429,4.425487247772253e-07,0.933606743812561,0.7932815551757812,-0.03269839286804199,0.9322099685668945,0.6673027873039246,-0.04984145611524582,0.9204869270324707,0.5753239393234253,-0.06401479989290237,0.9231327772140503,0.4998520016670227,-0.07952999323606491,0.8389857411384583,0.6547566652297974,-0.049857787787914276,0.8076373934745789,0.5358799695968628,-0.07640887051820755,0.7808132171630859,0.46313440799713135,-0.0944204330444336,0.7550677061080933,0.4053674042224884,-0.10812456905841827,0.8057724237442017,0.7097102999687195,-0.05178770422935486,0.7414848804473877,0.6255581378936768,-0.07726632803678513,0.6993879675865173,0.5702234506607056,-0.0962592139840126,0.6607483625411987,0.5252719521522522,-0.11082853376865387,0.7894506454467773,0.7771390676498413,-0.05593280494213104,0.726895809173584,0.715697705745697,-0.0824708342552185,0.6862701177597046,0.6658505797386169,-0.10023128986358643,0.6490844488143921,0.6189720630645752,-0.11265204101800919,0.7866968512535095,0.85338294506073,-0.062361400574445724,0.7269502878189087,0.8494277000427246,-0.0896536111831665,0.6878117918968201,0.8411859273910522,-0.10360466688871384,0.6514345407485962,0.825683057308197,-0.11233945935964584,4
0.9031713008880615,0.907848596572876,4.232561252592859e-07,0.9348958730697632,0.7953600287437439,-0.03229275345802307,0.9334834218025208,0.6687276363372803,-0.04885391145944595,0.9214547276496887,0.5757371783256531,-0.06253740191459656,0.9248730540275574,0.4984215199947357,-0.0775398537516594,0.8413698077201843,0.6537345051765442,-0.04863213375210762,0.8115268349647522,0.5368356704711914,-0.0748765766620636,0.785765528678894,0.4645810127258301,-0.09280925244092941,0.7606398463249207,0.40614503622055054,-0.10670538991689682,0.8073210716247559,0.7075227499008179,-0.05073089152574539,0.7442018389701843,0.6240522265434265,-0.0761396512389183,0.7024134993553162,0.5692660212516785,-0.09507537633180618,0.6638327836990356,0.5244920253753662,-0.10966622084379196,0.7905246615409851,0.7743712067604065,-0.05509921908378601,0.7276148200035095,0.7133568525314331,-0.08205076307058334,0.6862273216247559,0.6650559902191162,-0.10005403310060501,0.6482871770858765,0.6193234920501709,-0.11261595785617828,0.7876131534576416,0.8509387373924255,-0.06167728453874588,0.72747403383255,0.8474687933921814,-0.08951172977685928,0.6881916522979736,0.840117335319519,-0.10385328531265259,0.6517269611358643,0.8249841928482056,-0.11285220086574554,4
0.9028692245483398,0.905221164226532,4.39258315054758e-07,0.9340640306472778,0.7928947806358337,-0.03288713097572327,0.9334245920181274,0.6675907373428345,-0.05013216659426689,0.921782374382019,0.5756044983863831,-0.06447911262512207,0.9243659377098083,0.4984501600265503,-0.08014330267906189,0.8401324152946472,0.6524195075035095,-0.0495341494679451,0.810450553894043,0.5340233445167542,-0.07626912742853165,0.785329282283783,0.46096551418304443,-0.09450233727693558,0.7608252763748169,0.40116941928863525,-0.10840695351362228,0.8064793944358826,0.7069433927536011,-0.0515410415828228,0.7429198622703552,0.6236079335212708,-0.07700961828231812,0.7013230919837952,0.568436324596405,-0.09588580578565598,0.66315758228302,0.5230938196182251,-0.11039327830076218,0.7901281118392944,0.7746037244796753,-0.055877894163131714,0.7274074554443359,0.7134958505630493,-0.08275056630373001,0.686105489730835,0.6650334000587463,-0.10052401572465897,0.648341178894043,0.618938148021698,-0.11290053278207779,0.7878943681716919,0.8514999151229858,-0.06251690536737442,0.7278277277946472,0.8479695916175842,-0.09030372649431229,0.6884961128234863,0.8412013649940491,-0.10435613989830017,0.6518459916114807,0.82681804895401,-0.11306965351104736,4
0.8998706936836243,0.9051053524017334,4.2663612020987784e-07,0.9326668381690979,0.7909608483314514,-0.03307448327541351,0.93294358253479,0.6645504236221313,-0.05031520128250122,0.9215711355209351,0.5718252658843994,-0.06459489464759827,0.9236636757850647,0.49394190311431885,-0.08009176701307297,0.8396434783935547,0.6476616859436035,-0.049206871539354324,0.8107844591140747,0.5299737453460693,-0.07572589069604874,0.7855507731437683,0.4567835032939911,-0.09385212510824203,0.761237382888794,0.39718446135520935,-0.10783444344997406,0.8059409260749817,0.7008760571479797,-0.05083722248673439,0.7435606718063354,0.6199532747268677,-0.07638266682624817,0.7027212381362915,0.5648518204689026,-0.09513232856988907,0.6655268669128418,0.5189915299415588,-0.10960833728313446,0.7892564535140991,0.76732337474823,-0.05489826947450638,0.7265872359275818,0.7088152766227722,-0.08178677409887314,0.6858274936676025,0.6611086130142212,-0.09952852874994278,0.6487252712249756,0.6150019764900208,-0.11194439232349396,0.7869085073471069,0.8427910208702087,-0.06129532307386398,0.726810097694397,0.8424496054649353,-0.08918912708759308,0.6873269081115723,0.8351366519927979,-0.10382138937711716,0.6508370637893677,0.8192878365516663,-0.11300430446863174,4
0.9003509879112244,0.9014433026313782,4.305328218379145e-07,0.9337790012359619,0.7887033820152283,-0.03386768326163292,0.9339168667793274,0.6632019877433777,-0.05181393027305603,0.9221805930137634,0.5710837841033936,-0.06659264862537384,0.92450350522995,0.49309241771698,-0.08272182941436768,0.8404890298843384,0.647112250328064,-0.051848914474248886,0.8111673593521118,0.5282785296440125,-0.07898356020450592,0.7858731746673584,0.4548887610435486,-0.09739034622907639,0.7615498304367065,0.3945184648036957,-0.1115928366780281,0.8070753216743469,0.7016226649284363,-0.05355490371584892,0.7435480356216431,0.619815468788147,-0.07979846000671387,0.7020421624183655,0.5640859603881836,-0.0990566834807396,0.6640204787254333,0.5168845653533936,-0.11405488848686218,0.7907893657684326,0.7692782282829285,-0.05761796981096268,0.7276811003684998,0.7080869674682617,-0.08556978404521942,0.6858828067779541,0.660059928894043,-0.10413424670696259,0.6475772857666016,0.6135884523391724,-0.11714983731508255,0.788677453994751,0.845815896987915,-0.0639585554599762,0.7277120351791382,0.8435661792755127,-0.09314460307359695,0.687799334526062,0.8362706899642944,-0.10843796283006668,0.6505020260810852,0.820402979850769,-0.11812461167573929,4
0.8996834754943848,0.8994635343551636,4.259009358520416e-07,0.9322678446769714,0.7859202027320862,-0.032587528228759766,0.9321221113204956,0.6605398654937744,-0.04991382732987404,0.9210603833198547,0.5681353211402893,-0.06438285112380981,0.9224972724914551,0.4904794692993164,-0.08030498027801514,0.8394493460655212,0.6449339985847473,-0.050404246896505356,0.8098959922790527,0.5272960662841797,-0.07752998173236847,0.7852095365524292,0.45373106002807617,-0.09621075540781021,0.7613080739974976,0.39220863580703735,-0.11050784587860107,0.8057404160499573,0.6997933387756348,-0.05259409174323082,0.7417987585067749,0.6189316511154175,-0.07852378487586975,0.7001833319664001,0.562992513179779,-0.0978846475481987,0.6619395017623901,0.5150449275970459,-0.11299534887075424,0.7893562912940979,0.7672836780548096,-0.05701138824224472,0.7265727519989014,0.706529974937439,-0.08437328785657883,0.6850293874740601,0.6595466136932373,-0.10235990583896637,0.6467962265014648,0.6137238144874573,-0.11500025540590286,0.787269115447998,0.8434102535247803,-0.06366000324487686,0.7262159585952759,0.8396628499031067,-0.09206949919462204,0.6866056323051453,0.8325626850128174,-0.10648120939731598,0.6497464179992676,0.8172652721405029,-0.1155184879899025,4
0.8984028100967407,0.9000720381736755,4.0393373978986347e-07,0.9343132972717285,0.7846087217330933,-0.03145686537027359,0.9336418509483337,0.6568687558174133,-0.04689658433198929,0.9223415851593018,0.5622375011444092,-0.0596713088452816,0.9261012077331543,0.4850073456764221,-0.07381022721529007,0.8408838510513306,0.6387220025062561,-0.04640562832355499,0.8117437362670898,0.5213654637336731,-0.07198591530323029,0.7877216339111328,0.4476439356803894,-0.0895172506570816,0.7646942734718323,0.3869470953941345,-0.10320279002189636,0.8066204786300659,0.693490743637085,-0.04871717095375061,0.7427545785903931,0.612461507320404,-0.07350006699562073,0.701634407043457,0.5565958023071289,-0.0924760103225708,0.6640030145645142,0.5089479684829712,-0.1072273924946785,0.7901691198348999,0.7610722780227661,-0.05335478112101555,0.7273237705230713,0.7002415060997009,-0.08020803332328796,0.6860586404800415,0.6527024507522583,-0.09845633804798126,0.648104727268219,0.6055993437767029,-0.11130751669406891,0.7891188859939575,0.8378034830093384,-0.060163844376802444,0.7282609939575195,0.8358032703399658,-0.08849329501390457,0.6885436177253723,0.8291392922401428,-0.10327447205781937,0.6518634557723999,0.8124774098396301,-0.11259562522172928,4
0.8982283473014832,0.8992498517036438,3.9919700611790176e-07,0.9346091151237488,0.7822626829147339,-0.031133325770497322,0.9336536526679993,0.6541334390640259,-0.04634598642587662,0.9220262169837952,0.5600677132606506,-0.05896275117993355,0.9245595932006836,0.4842318296432495,-0.07295633107423782,0.8403587341308594,0.6375418901443481,-0.04639499634504318,0.811116099357605,0.5193248391151428,-0.07209862023591995,0.7873430252075195,0.44519221782684326,-0.08962798118591309,0.7645355463027954,0.38400036096572876,-0.10329833626747131,0.8066306114196777,0.6919886469841003,-0.0486932098865509,0.7429936528205872,0.6110379695892334,-0.07377146184444427,0.7016765475273132,0.5557647943496704,-0.09310935437679291,0.6635758280754089,0.5083841681480408,-0.10813557356595993,0.7904695868492126,0.7587117552757263,-0.053248267620801926,0.7275517582893372,0.6985611915588379,-0.07999818027019501,0.68642258644104,0.6518989205360413,-0.09835167974233627,0.6483715176582336,0.6054782867431641,-0.11137383431196213,0.7895138263702393,0.8342905044555664,-0.05994953587651253,0.7288020849227905,0.8339306116104126,-0.088053859770298,0.6890767812728882,0.8267362117767334,-0.10300140827894211,0.6523787975311279,0.8092525601387024,-0.11255557835102081,4
0.8949297666549683,0.8996326923370361,3.9379963823193975e-07,0.9317481517791748,0.7843635678291321,-0.031670596450567245,0.9310716986656189,0.6556327939033508,-0.04718269780278206,0.9201691150665283,0.5607905387878418,-0.05998210608959198,0.9228222966194153,0.4849764108657837,-0.07417542487382889,0.8387999534606934,0.6392269134521484,-0.04795999079942703,0.8095484972000122,0.5197584629058838,-0.07385925203561783,0.7855342626571655,0.44534558057785034,-0.09141650050878525,0.7625009417533875,0.3844328224658966,-0.10508154332637787,0.8052523136138916,0.6937828660011292,-0.049952417612075806,0.7421101927757263,0.6133973002433777,-0.07547418028116226,0.7004743218421936,0.5576142072677612,-0.0949227437376976,0.6618920564651489,0.5099653601646423,-0.11001171916723251,0.7889997959136963,0.7600361108779907,-0.05414442718029022,0.7261368632316589,0.6994311213493347,-0.08112108707427979,0.6851102113723755,0.6532476544380188,-0.09932735562324524,0.6469005346298218,0.6073582172393799,-0.11222075670957565,0.7877082228660583,0.8348449468612671,-0.060513656586408615,0.7272867560386658,0.8344330787658691,-0.08884678781032562,0.6875815391540527,0.827639639377594,-0.1038435697555542,0.6508814096450806,0.8108000755310059,-0.11338179558515549,4
0.8964032530784607,0.9020739793777466,3.9100467574826325e-07,0.9322001338005066,0.7864991426467896,-0.0312761515378952,0.9314378499984741,0.6583230495452881,-0.04673532024025917,0.9201967716217041,0.5639647245407104,-0.059657368808984756,0.9224901795387268,0.48774367570877075,-0.07396470755338669,0.8392335176467896,0.6409043669700623,-0.0461936816573143,0.810194730758667,0.5230889916419983,-0.0719066858291626,0.786577045917511,0.4494255483150482,-0.08973652869462967,0.7637758851051331,0.3882916271686554,-0.10369180142879486,0.8060226440429688,0.6952694654464722,-0.048588432371616364,0.7430354952812195,0.6152259111404419,-0.07380411773920059,0.7014408707618713,0.5590085983276367,-0.09353026747703552,0.6629531979560852,0.510790228843689,-0.1089789867401123,0.7898718118667603,0.7620123624801636,-0.05329947546124458,0.7272225618362427,0.7017994523048401,-0.08015459030866623,0.6863464117050171,0.6540852189064026,-0.09867653250694275,0.6484909057617188,0.6071688532829285,-0.11190224438905716,0.7885599732398987,0.8378859758377075,-0.06019073352217674,0.7281765341758728,0.8368582725524902,-0.08839772641658783,0.688352108001709,0.8298808932304382,-0.10343849658966064,0.6514688730239868,0.8133400082588196,-0.11313293129205704,4
0.8990145325660706,0.9026803970336914,4.170105967205018e-07,0.9320307374000549,0.7883254885673523,-0.03171434625983238,0.9300978779792786,0.6616855263710022,-0.04745421186089516,0.9187905192375183,0.5692036151885986,-0.06059173122048378,0.9220566749572754,0.4935563802719116,-0.07508227974176407,0.8371196389198303,0.6478103399276733,-0.046700816601514816,0.8087842464447021,0.5294560194015503,-0.0725037008523941,0.7851452231407166,0.4552202820777893,-0.09018933027982712,0.7624870538711548,0.39497148990631104,-0.10389778763055801,0.8036150932312012,0.7033627033233643,-0.04881604015827179,0.7398839592933655,0.6235915422439575,-0.07427699118852615,0.6980693340301514,0.5680862665176392,-0.09378578513860703,0.6599646806716919,0.5214498043060303,-0.10886475443840027,0.7874016761779785,0.7705517411231995,-0.05329787731170654,0.724075198173523,0.7114132046699524,-0.08044633269309998,0.6830506324768066,0.6639358401298523,-0.09908220916986465,0.6452810764312744,0.6173426508903503,-0.11214278638362885,0.785979151725769,0.8461537957191467,-0.059958357363939285,0.725151538848877,0.8455677032470703,-0.08829028159379959,0.6849595308303833,0.8386030197143555,-0.10353175550699234,0.6475940942764282,0.8217485547065735,-0.11323414742946625,4
0.3264771103858948,0.4984099566936493,4.1290209651378973e-07,0.3442156910896301,0.3887469470500946,-0.02203231118619442,0.328159898519516,0.2696768045425415,-0.02830290049314499,0.3175061047077179,0.18222951889038086,-0.03383653983473778,0.319717675447464,0.11783754825592041,-0.03852925822138786,0.22652758657932281,0.2528620660305023,-0.007669197861105204,0.2024134397506714,0.15767695009708405,-0.018103912472724915,0.18490181863307953,0.09747107326984406,-0.029118862003087997,0.16965946555137634,0.0520780086517334,-0.037648770958185196,0.19568653404712677,0.29974645376205444,-0.008525366894900799,0.1421341896057129,0.23006899654865265,-0.014683134853839874,0.11134367436170578,0.1893051564693451,-0.02185068279504776,0.08602696657180786,0.15840905904769897,-0.027565058320760727,0.181120365858078,0.3567269742488861,-0.01334808487445116,0.12781327962875366,0.3054979741573334,-0.023103516548871994,0.09824776649475098,0.27211758494377136,-0.03130415081977844,0.07296165823936462,0.24217292666435242,-0.03703486919403076,0.1800883263349533,0.42461156845092773,-0.020973440259695053,0.13010278344154358,0.42500555515289307,-0.03329308703541756,0.09681659936904907,0.42172542214393616,-0.03886546194553375,0.0659884512424469,0.41222724318504333,-0.0417938157916069,4
0.32612425088882446,0.502302885055542,4.2243419784426806e-07,0.34347987174987793,0.39151066541671753,-0.02196105383336544,0.3277512788772583,0.27257540822029114,-0.027941709384322166,0.3178010582923889,0.18472549319267273,-0.03314933925867081,0.3194849491119385,0.1205528974533081,-0.03738544136285782,0.2257426381111145,0.2562901973724365,-0.006950735580176115,0.20216932892799377,0.15858548879623413,-0.016142670065164566,0.18438442051410675,0.09893029928207397,-0.0260603167116642,0.16886600852012634,0.05455419421195984,-0.03389604389667511,0.19468346238136292,0.3038448989391327,-0.007350799161940813,0.14199982583522797,0.2341071367263794,-0.012196649797260761,0.11195044964551926,0.19432824850082397,-0.018232207745313644,0.0873277485370636,0.1643798053264618,-0.023127589374780655,0.18004272878170013,0.3612126410007477,-0.011709830723702908,0.12727466225624084,0.3089692294597626,-0.02049092762172222,0.09836794435977936,0.27529484033584595,-0.027905497699975967,0.07352729141712189,0.24520078301429749,-0.03311659395694733,0.17888253927230835,0.4288826286792755,-0.018876658752560616,0.12999176979064941,0.4313076138496399,-0.03108145482838154,0.09704786539077759,0.4296348989009857,-0.03661875054240227,0.06642861664295197,0.4219376742839813,-0.039287012070417404,4
0.3256000876426697,0.5057346224784851,4.2614533413143363e-07,0.34275656938552856,0.3950827121734619,-0.021974729374051094,0.32659414410591125,0.2749217450618744,-0.028069349005818367,0.31575775146484375,0.18710802495479584,-0.0333360880613327,0.31786006689071655,0.12298938632011414,-0.03758114576339722,0.22466783225536346,0.26044076681137085,-0.007431323640048504,0.20040030777454376,0.16364461183547974,-0.01688484475016594,0.18274497985839844,0.1031549721956253,-0.026943236589431763,0.16755738854408264,0.058421701192855835,-0.034772519022226334,0.19376373291015625,0.30781635642051697,-0.007943984121084213,0.14002348482608795,0.23788878321647644,-0.012935339473187923,0.10957196354866028,0.19778072834014893,-0.018973395228385925,0.08448827266693115,0.16792342066764832,-0.023821448907256126,0.17893733084201813,0.36497193574905396,-0.012361782602965832,0.12561145424842834,0.312930166721344,-0.021158192306756973,0.096841961145401,0.27976149320602417,-0.02826789766550064,0.07211735844612122,0.2505642771720886,-0.03321567922830582,0.17739997804164886,0.4333256483078003,-0.019601769745349884,0.1277923434972763,0.43562012910842896,-0.03147509694099426,0.09468993544578552,0.43359941244125366,-0.03656783699989319,0.06369361281394958,0.4254128932952881,-0.03896777704358101,4
0.32423412799835205,0.5055558681488037,4.304655760734022e-07,0.34123924374580383,0.3947734832763672,-0.02255035750567913,0.3256699740886688,0.27507972717285156,-0.028860652819275856,0.31508713960647583,0.18660840392112732,-0.03427185118198395,0.3165437877178192,0.12243574857711792,-0.03865860030055046,0.22380436956882477,0.2603703439235687,-0.007587329018861055,0.1995498389005661,0.16281984746456146,-0.01727384887635708,0.1816416233778,0.10230414569377899,-0.027578450739383698,0.16617919504642487,0.05735322833061218,-0.03556478023529053,0.19300895929336548,0.3076223134994507,-0.007889358326792717,0.1389252245426178,0.23747867345809937,-0.013075497932732105,0.10808368027210236,0.19720004498958588,-0.019372116774320602,0.08284026384353638,0.16705945134162903,-0.024430371820926666,0.17828747630119324,0.36491259932518005,-0.012209579348564148,0.1253235936164856,0.3130144774913788,-0.021187325939536095,0.09625951945781708,0.2791626453399658,-0.02867467887699604,0.07130458950996399,0.24939307570457458,-0.03390371426939964,0.17653149366378784,0.43341299891471863,-0.01940758526325226,0.1272410750389099,0.4351213276386261,-0.03141229972243309,0.09414556622505188,0.4325837790966034,-0.03673373535275459,0.06321632862091064,0.4239654541015625,-0.039338331669569016,4
0.32244807481765747,0.5066207051277161,4.3407547423157666e-07,0.3389087915420532,0.39577344059944153,-0.022222578525543213,0.3222934603691101,0.2756217420101166,-0.028445761650800705,0.3119099736213684,0.1875028908252716,-0.0337996669113636,0.31349605321884155,0.12321411073207855,-0.03812136501073837,0.2205839455127716,0.26130494475364685,-0.007411983795464039,0.19655637443065643,0.16398748755455017,-0.016782620921730995,0.17869499325752258,0.10334374010562897,-0.02689465507864952,0.16324374079704285,0.05870470404624939,-0.0348079577088356,0.18960832059383392,0.30926916003227234,-0.007819126360118389,0.13607420027256012,0.23889806866645813,-0.01250963844358921,0.10589828342199326,0.1989857256412506,-0.018443120643496513,0.08091028034687042,0.16913622617721558,-0.02330428548157215,0.17490176856517792,0.3670913577079773,-0.012188726104795933,0.12153259664773941,0.3144066631793976,-0.02069983445107937,0.09225785732269287,0.28096047043800354,-0.027887830510735512,0.06683717668056488,0.2512429356575012,-0.033035796135663986,0.17356741428375244,0.43620336055755615,-0.019405314698815346,0.12417200207710266,0.43874984979629517,-0.031273771077394485,0.09125110507011414,0.43718409538269043,-0.03648730367422104,0.06033174693584442,0.4292526841163635,-0.03901519998908043,4
0.32040733098983765,0.5107850432395935,4.3391420945226855e-07,0.3367778956890106,0.398388534784317,-0.02185869589447975,0.32014942169189453,0.2789878845214844,-0.028068050742149353,0.3095499277114868,0.1905396431684494,-0.03350938484072685,0.3107585310935974,0.12539170682430267,-0.03799889236688614,0.21766695380210876,0.2662672996520996,-0.007360342424362898,0.193536177277565,0.16788364946842194,-0.016929632052779198,0.1755833625793457,0.1071111261844635,-0.027117539197206497,0.1601807028055191,0.061868876218795776,-0.035091277211904526,0.18687200546264648,0.31415292620658875,-0.00784281361848116,0.13370710611343384,0.2444240152835846,-0.013041101396083832,0.10286736488342285,0.2043425589799881,-0.01934843510389328,0.07751099765300751,0.17416518926620483,-0.024489909410476685,0.1722767949104309,0.37203627824783325,-0.012233756482601166,0.11851416528224945,0.3195708692073822,-0.021288583055138588,0.08939662575721741,0.28670018911361694,-0.02874881960451603,0.06437931954860687,0.25724104046821594,-0.03398716822266579,0.17119534313678741,0.4401189684867859,-0.01940421387553215,0.12156761437654495,0.443122535943985,-0.031863413751125336,0.08839492499828339,0.44140851497650146,-0.0374937504529953,0.0574723482131958,0.4332023561000824,-0.04020918533205986,4
0.31830307841300964,0.5142879486083984,4.327663987169217e-07,0.3349015414714813,0.4022754430770874,-0.021987464278936386,0.31863775849342346,0.2832845151424408,-0.02848963439464569,0.3078831732273102,0.19503270089626312,-0.034233685582876205,0.30898940563201904,0.12920181453227997,-0.03902854770421982,0.21625560522079468,0.26977890729904175,-0.007915418595075607,0.19181931018829346,0.17208361625671387,-0.017821229994297028,0.17339718341827393,0.11110328137874603,-0.02788154035806656,0.15788507461547852,0.0661838948726654,-0.03564077243208885,0.1853218972682953,0.3177650272846222,-0.008416924625635147,0.13192084431648254,0.248225599527359,-0.013715928420424461,0.10119875520467758,0.20873954892158508,-0.019428934901952744,0.07592456042766571,0.17918874323368073,-0.02390066161751747,0.17081935703754425,0.3753572106361389,-0.012881704606115818,0.11673908680677414,0.3239996135234833,-0.022020287811756134,0.08685341477394104,0.29124915599823,-0.029042920097708702,0.06115512549877167,0.26177626848220825,-0.033842772245407104,0.1699313223361969,0.4428636133670807,-0.020163506269454956,0.12063725292682648,0.4473956227302551,-0.03290112689137459,0.08751575648784637,0.44703835248947144,-0.0385054387152195,0.056636273860931396,0.44029563665390015,-0.04099908098578453,4
0.31789010763168335,0.5159861445426941,4.3706262431442156e-07,0.33435848355293274,0.4042031168937683,-0.022658884525299072,0.3182213008403778,0.28522834181785583,-0.02958049811422825,0.30763769149780273,0.19730351865291595,-0.03558395057916641,0.30886101722717285,0.13161155581474304,-0.040601104497909546,0.21647530794143677,0.2719874978065491,-0.008644484914839268,0.1920410841703415,0.1745123714208603,-0.018968719989061356,0.17378999292850494,0.11333324015140533,-0.029609166085720062,0.15833117067813873,0.0679360032081604,-0.037836380302906036,0.1853509098291397,0.3195485770702362,-0.008991214446723461,0.13151735067367554,0.24942584335803986,-0.014708328060805798,0.10029705613851547,0.20924067497253418,-0.02107447013258934,0.07477900385856628,0.17909854650497437,-0.02614752948284149,0.17058134078979492,0.37680792808532715,-0.013322673738002777,0.11635907739400864,0.32425567507743835,-0.022752469405531883,0.0862622857093811,0.2912541329860687,-0.030515875667333603,0.06055939197540283,0.26181212067604065,-0.03593164682388306,0.16959728300571442,0.44437065720558167,-0.020490378141403198,0.12038379907608032,0.4472067952156067,-0.03321356698870659,0.08728489279747009,0.4458690285682678,-0.03903520852327347,0.05650569498538971,0.4384138882160187,-0.04188288375735283,4
0.31655481457710266,0.516521692276001,4.402936326641793e-07,0.3333895802497864,0.4041096568107605,-0.02216249890625477,0.3173825740814209,0.28503480553627014,-0.028636304661631584,0.3067518174648285,0.19718654453754425,-0.03424873948097229,0.30800145864486694,0.1318042129278183,-0.0388791449368,0.21518771350383759,0.27231696248054504,-0.007879825308918953,0.19083590805530548,0.17421740293502808,-0.017623575404286385,0.17236602306365967,0.1130668967962265,-0.027748068794608116,0.15693628787994385,0.06809601187705994,-0.035618167370557785,0.18399891257286072,0.32048654556274414,-0.008289751596748829,0.12986859679222107,0.25022807717323303,-0.013499424792826176,0.09890774637460709,0.2098507434129715,-0.01946939341723919,0.07385051250457764,0.1794833391904831,-0.024223463609814644,0.16924485564231873,0.3781374394893646,-0.012643770314753056,0.11501237004995346,0.3255428671836853,-0.021633584052324295,0.08535048365592957,0.2921219766139984,-0.02904181368649006,0.060063526034355164,0.2620469927787781,-0.03423355892300606,0.16810965538024902,0.4456423819065094,-0.019806820899248123,0.11895439773797989,0.4480624198913574,-0.03220975026488304,0.08607502281665802,0.4464280307292938,-0.037807613611221313,0.055520087480545044,0.4385605752468109,-0.0404888279736042,4
0.31594914197921753,0.5197312831878662,4.397748227802367e-07,0.33259427547454834,0.4064362347126007,-0.02242681011557579,0.31566333770751953,0.28600552678108215,-0.02889278531074524,0.3052745461463928,0.1977740377187729,-0.03449571505188942,0.30637675523757935,0.13284817337989807,-0.039042599499225616,0.21357813477516174,0.2737947106361389,-0.007864833809435368,0.18924486637115479,0.17548346519470215,-0.01802913472056389,0.17126597464084625,0.11388115584850311,-0.028543349355459213,0.1562982201576233,0.06793248653411865,-0.036619335412979126,0.1821269541978836,0.3219621181488037,-0.008299099281430244,0.12792102992534637,0.25210610032081604,-0.01385413482785225,0.09731297940015793,0.21084250509738922,-0.02002185769379139,0.07234767079353333,0.1793965846300125,-0.02484385296702385,0.16736532747745514,0.3795540928840637,-0.012782022356987,0.11282992362976074,0.32773450016975403,-0.022148942574858665,0.0833510309457779,0.2939625680446625,-0.0294076856225729,0.058062344789505005,0.263542503118515,-0.0343376025557518,0.1664293110370636,0.44697102904319763,-0.020141765475273132,0.1161455512046814,0.4490259885787964,-0.03285406157374382,0.08257147669792175,0.44673341512680054,-0.03838890418410301,0.051351651549339294,0.43793508410453796,-0.040923088788986206,4
0.30024445056915283,0.8857532739639282,5.393173410084273e-07,0.3161795437335968,0.7776846289634705,-0.027964146807789803,0.30352917313575745,0.6625664234161377,-0.039009880274534225,0.295501708984375,0.5726515054702759,-0.04810754954814911,0.29805630445480347,0.5017322301864624,-0.05609819293022156,0.2038995325565338,0.6447467803955078,-0.016110539436340332,0.1806851029396057,0.540127158164978,-0.030658021569252014,0.16426688432693481,0.47182339429855347,-0.044631898403167725,0.14996472001075745,0.4173578917980194,-0.054866183549165726,0.1711253970861435,0.6891563534736633,-0.014589838683605194,0.12264138460159302,0.6083719730377197,-0.023755697533488274,0.09356299787759781,0.5584408640861511,-0.032903969287872314,0.0689641684293747,0.5175936222076416,-0.04005531221628189,0.15399017930030823,0.7459177374839783,-0.017350371927022934,0.10319235175848007,0.6844722628593445,-0.028887147083878517,0.07450990378856659,0.6416144371032715,-0.038303256034851074,0.04998296499252319,0.602124035358429,-0.04492880403995514,0.15045125782489777,0.814740002155304,-0.023334475234150887,0.10215766727924347,0.8063287734985352,-0.03664674982428551,0.07063493132591248,0.7984822988510132,-0.04265167564153671,0.04116928577423096,0.7858976125717163,-0.04587727040052414,4
0.2996654510498047,0.882510781288147,5.33936656665901e-07,0.3162648677825928,0.7745293378829956,-0.027967538684606552,0.30381086468696594,0.659217119216919,-0.03878679871559143,0.29527339339256287,0.5704642534255981,-0.04768114909529686,0.29721179604530334,0.49933919310569763,-0.055478889495134354,0.2042333036661148,0.6406305432319641,-0.015607919543981552,0.1807100623846054,0.5372254252433777,-0.030047662556171417,0.16401582956314087,0.4686489701271057,-0.04381658881902695,0.14978568255901337,0.4134790301322937,-0.05394870787858963,0.17158371210098267,0.6849081516265869,-0.014031218364834785,0.12302638590335846,0.6061429977416992,-0.023183763027191162,0.09380882233381271,0.5564165115356445,-0.03215596824884415,0.06903013586997986,0.5150459408760071,-0.03914383798837662,0.1544606238603592,0.741805911064148,-0.016824202612042427,0.10345210880041122,0.6810611486434937,-0.028672562912106514,0.07506360113620758,0.6380799412727356,-0.038208428770303726,0.050481557846069336,0.5977493524551392,-0.0448852963745594,0.150993213057518,0.8104895949363708,-0.022846926003694534,0.1033942922949791,0.803437352180481,-0.03681304305791855,0.07214370369911194,0.7970941066741943,-0.04329560324549675,0.0426485538482666,0.785773754119873,-0.04680681228637695,4
0.2996712625026703,0.8811690211296082,5.326491532287037e-07,0.3158717453479767,0.7718921899795532,-0.02716616913676262,0.30359283089637756,0.6572545766830444,-0.037451937794685364,0.2952578365802765,0.5685919523239136,-0.045966412872076035,0.29774075746536255,0.4987947940826416,-0.05341719463467598,0.20365741848945618,0.6403322219848633,-0.013984293676912785,0.18105128407478333,0.5357462763786316,-0.02769189141690731,0.1649167835712433,0.46771925687789917,-0.04112297669053078,0.15123243629932404,0.41313081979751587,-0.05116240307688713,0.17114050686359406,0.6846994757652283,-0.012566839344799519,0.1227107048034668,0.6054733395576477,-0.021348828449845314,0.09393404424190521,0.5560178756713867,-0.0305661428719759,0.06991375982761383,0.5148934721946716,-0.03782375156879425,0.15412797033786774,0.7414403557777405,-0.015443933196365833,0.10347674041986465,0.6794947385787964,-0.027047812938690186,0.07594254612922668,0.635954737663269,-0.036936137825250626,0.05227576196193695,0.5954446196556091,-0.0439552403986454,0.15067142248153687,0.8094377517700195,-0.021423770114779472,0.10347308963537216,0.8024404048919678,-0.03522834554314613,0.07261033356189728,0.7956699132919312,-0.041869666427373886,0.043439120054244995,0.7839245200157166,-0.045557260513305664,4
0.30025553703308105,0.8810589909553528,5.463595016408362e-07,0.31597253680229187,0.7730206847190857,-0.02838616818189621,0.30395954847335815,0.6588756442070007,-0.03958113491535187,0.29563871026039124,0.5694546103477478,-0.04883274435997009,0.2973639965057373,0.4982674717903137,-0.05694526806473732,0.2035156935453415,0.6411842703819275,-0.015522513538599014,0.1809861660003662,0.5373679995536804,-0.029968034476041794,0.16471701860427856,0.4691367745399475,-0.04395134747028351,0.15051832795143127,0.414377897977829,-0.05423451215028763,0.17087411880493164,0.6850447058677673,-0.013875473290681839,0.12275967746973038,0.6051392555236816,-0.02299557998776436,0.09372160583734512,0.5550334453582764,-0.03223050385713577,0.06874920427799225,0.5129753351211548,-0.0394582562148571,0.15375390648841858,0.7416418194770813,-0.016638511791825294,0.1032598689198494,0.6803121566772461,-0.028502287343144417,0.07505972683429718,0.6365203261375427,-0.038224078714847565,0.0505804568529129,0.5957132577896118,-0.045030999928712845,0.1501520276069641,0.810643196105957,-0.022650329396128654,0.10237352550029755,0.8033132553100586,-0.03647811338305473,0.07099992036819458,0.7959612011909485,-0.04285769909620285,0.04128044843673706,0.7837923169136047,-0.04632319137454033,4
0.3017454147338867,0.8840013742446899,5.415674309006135e-07,0.31773465871810913,0.7757556438446045,-0.02856714464724064,0.30595526099205017,0.6612786650657654,-0.03976225480437279,0.29742133617401123,0.5729787945747375,-0.04893893003463745,0.299044132232666,0.5020198822021484,-0.05690784007310867,0.20501300692558289,0.6441534161567688,-0.01576675847172737,0.1818637102842331,0.5402224063873291,-0.030436258763074875,0.16535788774490356,0.47169381380081177,-0.04449482634663582,0.15126022696495056,0.41684776544570923,-0.054713718593120575,0.17228984832763672,0.6880961656570435,-0.013917475007474422,0.12365495413541794,0.6071878671646118,-0.023005573078989983,0.09458097815513611,0.5572062134742737,-0.03200400620698929,0.07022769749164581,0.5159271955490112,-0.03900681063532829,0.15508849918842316,0.7446357011795044,-0.016507355496287346,0.10404447466135025,0.6822041869163513,-0.02828478068113327,0.07583069801330566,0.6393760442733765,-0.03775754198431969,0.0516754686832428,0.5999012589454651,-0.04438123479485512,0.15144965052604675,0.8132864832878113,-0.022367052733898163,0.10373278707265854,0.8054903745651245,-0.03621060401201248,0.0723310112953186,0.798784613609314,-0.04254216328263283,0.04281015694141388,0.7873347997665405,-0.0459146685898304,4
0.3018482029438019,0.8870480060577393,5.415997179625265e-07,0.3177836835384369,0.7778458595275879,-0.028555314987897873,0.3061976730823517,0.6625351905822754,-0.039960477501153946,0.29771074652671814,0.574017345905304,-0.04938676580786705,0.2991180121898651,0.5028769969940186,-0.05766744911670685,0.20477427542209625,0.6462364792823792,-0.01637103781104088,0.18172945082187653,0.5422106981277466,-0.031630951911211014,0.1654827892780304,0.47379305958747864,-0.04615551978349686,0.15159083902835846,0.41884154081344604,-0.05668295919895172,0.17209981381893158,0.6904211640357971,-0.014828094281256199,0.12315723299980164,0.6097221970558167,-0.024561874568462372,0.09400705248117447,0.5591599941253662,-0.03417608514428139,0.06935593485832214,0.5169472098350525,-0.04160960763692856,0.15506213903427124,0.7474849820137024,-0.01765679009258747,0.10415258258581161,0.6852135062217712,-0.02988489717245102,0.07567548751831055,0.6424875259399414,-0.039766330271959305,0.05091647803783417,0.602318286895752,-0.04667443782091141,0.1519305557012558,0.8169745206832886,-0.02371913008391857,0.10474749654531479,0.8102970123291016,-0.03774113580584526,0.07356174290180206,0.8039948344230652,-0.04414917156100273,0.043878063559532166,0.792732298374176,-0.04760009050369263,4
0.2994861602783203,0.8879576325416565,5.487897851708112e-07,0.3164239525794983,0.7791376113891602,-0.028718043118715286,0.304781973361969,0.663762629032135,-0.03990970924496651,0.2961534261703491,0.574338436126709,-0.04897718131542206,0.2983197867870331,0.5030719041824341,-0.05687563493847847,0.20358820259571075,0.6454688906669617,-0.01673651486635208,0.18036773800849915,0.5409614443778992,-0.03147311136126518,0.16376426815986633,0.47248712182044983,-0.045443471521139145,0.14995077252388,0.4175896942615509,-0.05562923103570938,0.1705569326877594,0.6903777122497559,-0.014855550602078438,0.12108952552080154,0.609645426273346,-0.02413666807115078,0.0919090211391449,0.5597062110900879,-0.03325622156262398,0.06791174411773682,0.5182768702507019,-0.040339842438697815,0.15338130295276642,0.7483603358268738,-0.017301559448242188,0.10217346996068954,0.6852312088012695,-0.029280684888362885,0.0745084136724472,0.6432690024375916,-0.03890426084399223,0.05099321901798248,0.6039338707923889,-0.045639000833034515,0.14989343285560608,0.8184740543365479,-0.02296142280101776,0.10270378738641739,0.8121484518051147,-0.03697514161467552,0.07206055521965027,0.8065978288650513,-0.04339301213622093,0.04303783178329468,0.7958378791809082,-0.04681169241666794,4
0.30039435625076294,0.8874394297599792,5.421492801360728e-07,0.3158973455429077,0.7792515754699707,-0.02847810462117195,0.303649365901947,0.663745105266571,-0.03975874185562134,0.2952945828437805,0.574005663394928,-0.04898526519536972,0.2974321246147156,0.5023205280303955,-0.057110171765089035,0.2029898464679718,0.6471530199050903,-0.01656525954604149,0.17961713671684265,0.5434176921844482,-0.03153062239289284,0.16320347785949707,0.4749845266342163,-0.04578123986721039,0.14893785119056702,0.42051076889038086,-0.05620037391781807,0.17019519209861755,0.6916898488998413,-0.015012501738965511,0.1209772527217865,0.610265851020813,-0.024574926123023033,0.09192796051502228,0.5601012706756592,-0.03382713720202446,0.06752198934555054,0.5193162560462952,-0.04097617790102959,0.1532154083251953,0.7492132186889648,-0.0178205743432045,0.10157427191734314,0.6865581274032593,-0.030011195689439774,0.07288968563079834,0.6437348127365112,-0.03981661796569824,0.04824046790599823,0.603979766368866,-0.04666426405310631,0.15010999143123627,0.8189330101013184,-0.02384491264820099,0.10256856679916382,0.8111182451248169,-0.03796258196234703,0.071529820561409,0.804736316204071,-0.04443353787064552,0.04213234782218933,0.793506920337677,-0.047929126769304276,4
0.30058038234710693,0.8872448205947876,5.405688057180669e-07,0.3166351914405823,0.7787871956825256,-0.02863473817706108,0.3039925992488861,0.6637883186340332,-0.03991292417049408,0.29572629928588867,0.5738536715507507,-0.0491609126329422,0.2976800203323364,0.5025169849395752,-0.05730103701353073,0.2034814953804016,0.6463721394538879,-0.01682884246110916,0.18012690544128418,0.5421059131622314,-0.03157658874988556,0.16380934417247772,0.4737449288368225,-0.04550224170088768,0.14989051222801208,0.41971099376678467,-0.05569892004132271,0.17071832716464996,0.6911559104919434,-0.015115119516849518,0.12143087387084961,0.6099806427955627,-0.024486977607011795,0.09214911609888077,0.560045063495636,-0.033505942672491074,0.0676974505186081,0.5195649862289429,-0.04048323631286621,0.15382415056228638,0.748773455619812,-0.01776605285704136,0.10204863548278809,0.686481773853302,-0.02977379411458969,0.07315048575401306,0.644259512424469,-0.03958335518836975,0.04823790490627289,0.6050070524215698,-0.046470288187265396,0.1509488821029663,0.8183472752571106,-0.023649068549275398,0.10374415665864944,0.8115221261978149,-0.03778599202632904,0.07265931367874146,0.8062275648117065,-0.04443890228867531,0.043166205286979675,0.7960658669471741,-0.04805042967200279,4
0.30314552783966064,0.8863199949264526,5.423594302556012e-07,0.3186761140823364,0.7770465016365051,-0.02781667746603489,0.3060671091079712,0.6625003218650818,-0.03913425654172897,0.2984757125377655,0.5738548040390015,-0.048604726791381836,0.3005426526069641,0.5030775666236877,-0.05710373818874359,0.20627029240131378,0.6452457308769226,-0.016628040000796318,0.1824026256799698,0.5419057607650757,-0.0317203626036644,0.16592749953269958,0.4730507731437683,-0.045741986483335495,0.15204894542694092,0.41890448331832886,-0.055880215018987656,0.1735805869102478,0.6903983354568481,-0.015472505241632462,0.12468913942575455,0.6088632941246033,-0.02502865344285965,0.09555322676897049,0.558860182762146,-0.03395822271704674,0.07108497619628906,0.5185707807540894,-0.04079359769821167,0.15650592744350433,0.7484202980995178,-0.01867992803454399,0.10444355756044388,0.6861329078674316,-0.030912291258573532,0.07472407817840576,0.6428540349006653,-0.04092971608042717,0.04943935573101044,0.6032496690750122,-0.047893427312374115,0.1534765064716339,0.8183202743530273,-0.025035396218299866,0.1053897961974144,0.8117048740386963,-0.039393700659275055,0.07367610931396484,0.8059327602386475,-0.046326082199811935,0.04394638538360596,0.7951722741127014,-0.05011983588337898,4
0.30399221181869507,0.8841050863265991,5.378676632972201e-07,0.31986576318740845,0.7762964963912964,-0.02773193083703518,0.3077802062034607,0.6633577346801758,-0.039218079298734665,0.3000987768173218,0.5747952461242676,-0.04894860461354256,0.30197203159332275,0.5034939050674438,-0.05766586586833,0.2076769769191742,0.6440520882606506,-0.016390753909945488,0.18401235342025757,0.5407683253288269,-0.03166588395833969,0.16775570809841156,0.4719850718975067,-0.04590851068496704,0.15394169092178345,0.4175547957420349,-0.056211140006780624,0.1747567504644394,0.6887192130088806,-0.015394259244203568,0.12575393915176392,0.6073428392410278,-0.025123657658696175,0.09662957489490509,0.5576962828636169,-0.034243155270814896,0.0719442218542099,0.5172503590583801,-0.041233696043491364,0.15747720003128052,0.7463259696960449,-0.01874186471104622,0.10555592179298401,0.6840788125991821,-0.031103532761335373,0.0760151743888855,0.6412394046783447,-0.04104088619351387,0.050756096839904785,0.60152268409729,-0.047946397215127945,0.15433652698993683,0.8161780834197998,-0.02523360587656498,0.10622495412826538,0.8106555938720703,-0.039586540311574936,0.07444357872009277,0.8052294254302979,-0.04634598642587662,0.04468715190887451,0.7946345210075378,-0.05001242831349373,4
0.30467110872268677,0.8837283849716187,5.320603122527245e-07,0.3211561441421509,0.7758252024650574,-0.027588408440351486,0.3086332678794861,0.6622239351272583,-0.03883088752627373,0.30022963881492615,0.5734726786613464,-0.04820604622364044,0.30267366766929626,0.5019955039024353,-0.056588754057884216,0.20875334739685059,0.6443730592727661,-0.016939902678132057,0.185217946767807,0.540918231010437,-0.03241456300020218,0.16867254674434662,0.4718284606933594,-0.04675832763314247,0.15454737842082977,0.41655585169792175,-0.057130374014377594,0.17568287253379822,0.6885222792625427,-0.01584421843290329,0.126514732837677,0.6077277064323425,-0.02579455077648163,0.09702740609645844,0.5576766729354858,-0.03499484434723854,0.0718168169260025,0.5163450241088867,-0.04205652326345444,0.15841251611709595,0.745250403881073,-0.0189974345266819,0.10690624266862869,0.6846268773078918,-0.03148389980196953,0.0775958001613617,0.6414659023284912,-0.04125358909368515,0.05249759554862976,0.6014456748962402,-0.04800336807966232,0.1552039086818695,0.8137432932853699,-0.02527446486055851,0.10655316710472107,0.8080964684486389,-0.039553266018629074,0.07452505826950073,0.8017234802246094,-0.04613225907087326,0.044551461935043335,0.790181040763855,-0.049681905657052994,4
0.30564701557159424,0.8838837146759033,5.334014190339076e-07,0.3224833309650421,0.7743856906890869,-0.02721599116921425,0.3101390302181244,0.6608696579933167,-0.03804021328687668,0.30131614208221436,0.5730661749839783,-0.04713106155395508,0.30297839641571045,0.5019625425338745,-0.05524522811174393,0.20872214436531067,0.6440067291259766,-0.01553217601031065,0.18563181161880493,0.5400216579437256,-0.030628059059381485,0.16966086626052856,0.4706015884876251,-0.04484168440103531,0.15620265901088715,0.4152224361896515,-0.05516647920012474,0.17599505186080933,0.6884668469429016,-0.014514406211674213,0.12711483240127563,0.6071435213088989,-0.024179276078939438,0.09786555171012878,0.5569270253181458,-0.03343676030635834,0.07313953340053558,0.5156352519989014,-0.040548499673604965,0.15925449132919312,0.7456748485565186,-0.01781136356294155,0.10740475356578827,0.6838685870170593,-0.030338868498802185,0.0779557079076767,0.6407241225242615,-0.04047650843858719,0.05287174880504608,0.6006120443344116,-0.04746495932340622,0.15668605268001556,0.8142660856246948,-0.024165799841284752,0.10826465487480164,0.8097478151321411,-0.038884226232767105,0.07616542279720306,0.8043991923332214,-0.04593643546104431,0.04610416293144226,0.7937807440757751,-0.0497400164604187,4
0.3063609004020691,0.8854080438613892,5.320591185409285e-07,0.32254543900489807,0.7766203284263611,-0.027702001854777336,0.3105350136756897,0.6634072065353394,-0.039257071912288666,0.3020457923412323,0.5758053064346313,-0.0490620881319046,0.3039833605289459,0.5039094090461731,-0.05787992477416992,0.20948223769664764,0.6438446044921875,-0.016626564785838127,0.18634511530399323,0.5406036376953125,-0.032440606504678726,0.1701187789440155,0.47162091732025146,-0.047177236527204514,0.15611760318279266,0.4164689779281616,-0.05784938856959343,0.17643029987812042,0.688445508480072,-0.015758628025650978,0.12755373120307922,0.6073336601257324,-0.02595456875860691,0.09827284514904022,0.5577686429023743,-0.0354476235806942,0.07317376136779785,0.516815185546875,-0.0427316315472126,0.15929582715034485,0.7460277080535889,-0.019209416583180428,0.10756614059209824,0.6848211884498596,-0.03195600584149361,0.07804727554321289,0.6422795057296753,-0.04192462936043739,0.0526757538318634,0.6025075316429138,-0.048835787922143936,0.15654140710830688,0.815828263759613,-0.02579823136329651,0.1081361174583435,0.8113779425621033,-0.04044676944613457,0.07619237899780273,0.8063031435012817,-0.04721647500991821,0.046155497431755066,0.7960380911827087,-0.050853025168180466,4
0.3054763078689575,0.8868401050567627,5.415449209067447e-07,0.3216027617454529,0.7769261598587036,-0.02765125408768654,0.3089544177055359,0.6618267893791199,-0.038559261709451675,0.30084437131881714,0.5730677843093872,-0.04762936010956764,0.30325111746788025,0.501523494720459,-0.05573604628443718,0.20857223868370056,0.6454388499259949,-0.01587345451116562,0.18536806106567383,0.5418067574501038,-0.0309536661952734,0.1691211462020874,0.4728023409843445,-0.04524099454283714,0.15518900752067566,0.417729914188385,-0.05566161870956421,0.17580920457839966,0.6902101039886475,-0.014799177646636963,0.1266220510005951,0.6087805032730103,-0.024509983137249947,0.09715858101844788,0.5579710602760315,-0.03392255678772926,0.07224881649017334,0.5161301493644714,-0.04114973545074463,0.15894250571727753,0.7481440901756287,-0.018081892281770706,0.10681582242250443,0.686744749546051,-0.03070269525051117,0.07719939947128296,0.6436512470245361,-0.04116906225681305,0.05185514688491821,0.6030089855194092,-0.04836400970816612,0.15613608062267303,0.8178496956825256,-0.024473562836647034,0.10776031762361526,0.8124440908432007,-0.03922044485807419,0.07573729753494263,0.8070290088653564,-0.046405959874391556,0.04564656317234039,0.7959863543510437,-0.05035632848739624,4
0.30420738458633423,0.8871414661407471,5.354820018510509e-07,0.32028576731681824,0.777844250202179,-0.027485668659210205,0.3079615831375122,0.6634095311164856,-0.03822743520140648,0.29987335205078125,0.5750448107719421,-0.04724763333797455,0.3022681176662445,0.5038745403289795,-0.05530500411987305,0.20821210741996765,0.6442323923110962,-0.014921152964234352,0.1852918267250061,0.5409727096557617,-0.029828760772943497,0.16901813447475433,0.47219181060791016,-0.04418034479022026,0.15484821796417236,0.41682168841362,-0.054688964039087296,0.17539015412330627,0.6887048482894897,-0.013842725194990635,0.1265937089920044,0.6080920696258545,-0.023323900997638702,0.09719210863113403,0.5581011772155762,-0.03276636824011803,0.07206284999847412,0.5164209604263306,-0.040103014558553696,0.1582358181476593,0.7463937997817993,-0.01714811474084854,0.10679097473621368,0.6858961582183838,-0.02933969348669052,0.07747665047645569,0.6428970694541931,-0.03936648368835449,0.05225563049316406,0.6023492813110352,-0.04635421931743622,0.15482181310653687,0.8161837458610535,-0.023626139387488365,0.10629984736442566,0.8101335763931274,-0.0376855693757534,0.07441416382789612,0.8037950992584229,-0.04429657757282257,0.04443556070327759,0.7919554710388184,-0.04795316606760025,4
0.30305537581443787,0.8846551179885864,5.311757149684126e-07,0.31958720088005066,0.7770944833755493,-0.027969401329755783,0.3074951469898224,0.6625803112983704,-0.03908992558717728,0.29946351051330566,0.5740261077880859,-0.04832656681537628,0.30214107036590576,0.5023674368858337,-0.05658172070980072,0.20755212008953094,0.6423055529594421,-0.01650470681488514,0.18479380011558533,0.5392372608184814,-0.03161758929491043,0.16870588064193726,0.470441073179245,-0.04587438702583313,0.15476834774017334,0.41518673300743103,-0.05632168427109718,0.1744179129600525,0.6870291233062744,-0.01531395222991705,0.12560583651065826,0.6069774627685547,-0.02515283040702343,0.0966128259897232,0.5565272569656372,-0.03447338193655014,0.07182933390140533,0.5144616365432739,-0.0417165532708168,0.15712805092334747,0.7447445392608643,-0.018476272001862526,0.10582839697599411,0.6836385726928711,-0.031234757974743843,0.07689808309078217,0.6402273178100586,-0.0414019376039505,0.05192868411540985,0.5995361804962158,-0.04841962084174156,0.15377190709114075,0.8143290281295776,-0.02479012869298458,0.10498303920030594,0.8078612685203552,-0.03959566354751587,0.0728912204504013,0.802018940448761,-0.0466146245598793,0.04248857498168945,0.7909180521965027,-0.05048694834113121,4
0.3033290505409241,0.8833343982696533,5.302093768477789e-07,0.3205881118774414,0.775688648223877,-0.027723660692572594,0.3080274164676666,0.6600882411003113,-0.038657911121845245,0.29949599504470825,0.5713121294975281,-0.04770764335989952,0.3023904263973236,0.4999029040336609,-0.05575454235076904,0.20835533738136292,0.640412449836731,-0.01654839515686035,0.18524761497974396,0.5362948179244995,-0.03150824457406998,0.16835498809814453,0.4667513966560364,-0.04538267105817795,0.15392786264419556,0.41166067123413086,-0.055504489690065384,0.1751638948917389,0.6845729947090149,-0.015354572795331478,0.12640152871608734,0.6033446788787842,-0.025060944259166718,0.09695037454366684,0.5529162883758545,-0.033883724361658096,0.07184973359107971,0.5119572281837463,-0.04063403606414795,0.1576046645641327,0.7414409518241882,-0.018481625244021416,0.10585248470306396,0.6807475090026855,-0.030937617644667625,0.07634708285331726,0.6373470425605774,-0.04069073870778084,0.05125813186168671,0.5974376797676086,-0.047363944351673126,0.15391826629638672,0.8103879690170288,-0.024769295006990433,0.10441431403160095,0.804841160774231,-0.03941948339343071,0.07189005613327026,0.7987262010574341,-0.04638644680380821,0.041417405009269714,0.7872142195701599,-0.050141267478466034,4
0.4713490307331085,0.6257076263427734,2.3329265275151556e-07,0.5004624128341675,0.6103859543800354,-0.013342920690774918,0.5235778093338013,0.5748430490493774,-0.018504666164517403,0.5407022833824158,0.5407997965812683,-0.022664016112685204,0.5552847981452942,0.5166102051734924,-0.02648872323334217,0.5028969049453735,0.5025414228439331,-0.00976505596190691,0.5199498534202576,0.45584341883659363,-0.017986798658967018,0.5300177335739136,0.4243743121623993,-0.024995846673846245,0.5380797386169434,0.397205114364624,-0.030143659561872482,0.48635825514793396,0.49148261547088623,-0.009355209767818451,0.4925437271595001,0.4330689311027527,-0.016182873398065567,0.4967176020145416,0.3963164687156677,-0.022256318479776382,0.4999006390571594,0.36515456438064575,-0.026645567268133163,0.47079309821128845,0.4940817058086395,-0.010738459415733814,0.4718747138977051,0.4403270483016968,-0.018507998436689377,0.4739007353782654,0.4055635929107666,-0.024354271590709686,0.47620439529418945,0.37476542592048645,-0.02819964289665222,0.45570653676986694,0.5082417130470276,-0.013456913642585278,0.4463021755218506,0.4709247052669525,-0.02176293358206749,0.4405854344367981,0.4448673129081726,-0.025787435472011566,0.43617311120033264,0.4191252291202545,-0.027965623885393143,4
0.471159428358078,0.6233028173446655,2.3818213890081097e-07,0.5002433657646179,0.6089799404144287,-0.013788185082376003,0.5232665538787842,0.5741233229637146,-0.019288284704089165,0.5405122637748718,0.5402010679244995,-0.02368171513080597,0.5552904605865479,0.5158892273902893,-0.027738556265830994,0.5028499364852905,0.5015295147895813,-0.01055248361080885,0.520423173904419,0.4551811218261719,-0.019075479358434677,0.5307454466819763,0.42396795749664307,-0.026182647794485092,0.5389258861541748,0.3973848223686218,-0.031293727457523346,0.486384779214859,0.49023735523223877,-0.009943187236785889,0.4929950535297394,0.4316856861114502,-0.016994789242744446,0.4972303509712219,0.3950221836566925,-0.023113518953323364,0.5003442168235779,0.36399567127227783,-0.027482634410262108,0.47075167298316956,0.4926685690879822,-0.011135132052004337,0.4720485806465149,0.43917316198349,-0.019040284678339958,0.47420734167099,0.4044780731201172,-0.024895047768950462,0.4766572117805481,0.37390804290771484,-0.02870200388133526,0.45542076230049133,0.5066924095153809,-0.013679096475243568,0.4462428689002991,0.46955591440200806,-0.022046705707907677,0.4406376779079437,0.4434219002723694,-0.026070190593600273,0.436341255903244,0.41764914989471436,-0.028220437467098236,4
0.4723157584667206,0.622684121131897,2.401081360403623e-07,0.5008687973022461,0.6071877479553223,-0.013711676001548767,0.5235130190849304,0.5729021430015564,-0.019477393478155136,0.5404857993125916,0.5397464036941528,-0.024174783378839493,0.5551320910453796,0.5154938697814941,-0.028522493317723274,0.5030608177185059,0.5010324120521545,-0.010719990357756615,0.5203754901885986,0.45481497049331665,-0.01946587674319744,0.5306689739227295,0.4236825108528137,-0.026765840128064156,0.5388810634613037,0.39683598279953003,-0.03201216086745262,0.48674246668815613,0.48975852131843567,-0.010272979736328125,0.49321281909942627,0.43145835399627686,-0.017463229596614838,0.4973752498626709,0.39495259523391724,-0.02360941283404827,0.5004392266273499,0.36378777027130127,-0.028017235919833183,0.4711984395980835,0.49212127923965454,-0.011625128798186779,0.472177654504776,0.4387644827365875,-0.01955355703830719,0.4742352366447449,0.40407076478004456,-0.025266597047448158,0.47664782404899597,0.37325525283813477,-0.029004154726862907,0.4558716416358948,0.5061667561531067,-0.01433766819536686,0.4463619887828827,0.4690084457397461,-0.02257756143808365,0.4407329261302948,0.44315165281295776,-0.026395872235298157,0.4364757835865021,0.4175233840942383,-0.028432657942175865,4
0.47165733575820923,0.6234169006347656,2.383385577786612e-07,0.500396192073822,0.6072323322296143,-0.013349626213312149,0.52335524559021,0.5726158022880554,-0.018802152946591377,0.5404142737388611,0.5394291281700134,-0.02327634207904339,0.5546417236328125,0.514970064163208,-0.02740585245192051,0.5029827952384949,0.500084400177002,-0.009819445200264454,0.5203066468238831,0.45370158553123474,-0.018236303701996803,0.5304941534996033,0.42256319522857666,-0.025452356785535812,0.5386751890182495,0.3957630693912506,-0.030671589076519012,0.4865228235721588,0.48913487792015076,-0.00948364194482565,0.4929921627044678,0.43097397685050964,-0.016342969611287117,0.49720847606658936,0.394400417804718,-0.022460808977484703,0.5004112124443054,0.36345887184143066,-0.026873575523495674,0.47090572118759155,0.4918151795864105,-0.010959960520267487,0.4720411002635956,0.4382959008216858,-0.01862557977437973,0.4741532802581787,0.40338149666786194,-0.024429697543382645,0.47660866379737854,0.3725545406341553,-0.02827400341629982,0.4555780291557312,0.5061942338943481,-0.013782814145088196,0.4462363123893738,0.46922188997268677,-0.021930422633886337,0.44054654240608215,0.4431447982788086,-0.025832826271653175,0.43615877628326416,0.4173623323440552,-0.027936318889260292,4
0.4714169204235077,0.6229614019393921,2.3723691811028402e-07,0.5001366138458252,0.6076787114143372,-0.013654937036335468,0.5229533314704895,0.572623074054718,-0.019135940819978714,0.5403518080711365,0.5390138626098633,-0.02354900725185871,0.5553014278411865,0.5150383114814758,-0.027634363621473312,0.502994954586029,0.5003931522369385,-0.010307054966688156,0.5203355550765991,0.45411133766174316,-0.01869908720254898,0.5304004549980164,0.42282748222351074,-0.02580978162586689,0.5384123921394348,0.39585718512535095,-0.030993040651082993,0.4864597022533417,0.4891146123409271,-0.009772897697985172,0.49297407269477844,0.43078699707984924,-0.01663793809711933,0.49701210856437683,0.39415794610977173,-0.0226688664406538,0.5000481605529785,0.3631547689437866,-0.0270376019179821,0.47075724601745605,0.4916635751724243,-0.011049320921301842,0.47196221351623535,0.4382788836956024,-0.01873830333352089,0.47404924035072327,0.40372234582901,-0.024492308497428894,0.47649523615837097,0.3731115460395813,-0.028321657329797745,0.4553726017475128,0.5058428645133972,-0.013694222085177898,0.44630539417266846,0.4689720571041107,-0.0218526441603899,0.4406888782978058,0.4430310130119324,-0.025769483298063278,0.43640854954719543,0.4172936677932739,-0.027914414182305336,4
0.47082656621932983,0.6237341165542603,2.3850387265156314e-07,0.4995986819267273,0.6080948114395142,-0.013517878949642181,0.5224526524543762,0.573303759098053,-0.019017567858099937,0.5398039817810059,0.5400936007499695,-0.02349347621202469,0.5542847514152527,0.5159233808517456,-0.02764299511909485,0.5025418400764465,0.5008924007415771,-0.010293412022292614,0.5197954773902893,0.45460665225982666,-0.018828317523002625,0.5298516154289246,0.4232370853424072,-0.026068728417158127,0.537933886051178,0.39615657925605774,-0.0312960147857666,0.4859980046749115,0.4896012842655182,-0.009889522567391396,0.4923916757106781,0.4319012761116028,-0.016828151419758797,0.4965135157108307,0.39510226249694824,-0.02294304221868515,0.49980413913726807,0.3636792302131653,-0.02734379656612873,0.4701918065547943,0.4920426309108734,-0.011286129243671894,0.47134482860565186,0.4390961527824402,-0.019025642424821854,0.47352921962738037,0.40461331605911255,-0.024750811979174614,0.4761994183063507,0.37413129210472107,-0.02851388417184353,0.4547252058982849,0.5062779188156128,-0.014042927883565426,0.44511494040489197,0.4697675108909607,-0.022187454625964165,0.43938133120536804,0.4438541829586029,-0.02600318379700184,0.4350847899913788,0.4183022081851959,-0.028030281886458397,4
0.46961677074432373,0.6253589391708374,2.340258618005464e-07,0.4987604320049286,0.6100764870643616,-0.01327493879944086,0.5218216180801392,0.5747822523117065,-0.018410678952932358,0.5390686988830566,0.5411698222160339,-0.022552257403731346,0.5535103678703308,0.5171739459037781,-0.0263579860329628,0.5017563700675964,0.5023453831672668,-0.009676759131252766,0.5190888047218323,0.45591986179351807,-0.017917269840836525,0.5291824340820312,0.4244517385959625,-0.024975089356303215,0.5372276306152344,0.3972626328468323,-0.030122820287942886,0.4852932393550873,0.49077892303466797,-0.009285975247621536,0.49183449149131775,0.43272989988327026,-0.01604086346924305,0.49587902426719666,0.39577463269233704,-0.022065965458750725,0.4989364445209503,0.3644508421421051,-0.02637462690472603,0.4696092903614044,0.4929695725440979,-0.010680577717721462,0.47087323665618896,0.43913477659225464,-0.01834600232541561,0.4728460907936096,0.40445318818092346,-0.02410081960260868,0.47508877515792847,0.3741416037082672,-0.02784150280058384,0.45430871844291687,0.5071151852607727,-0.013409850187599659,0.4446929693222046,0.4700549840927124,-0.02158321812748909,0.4388981759548187,0.4437320828437805,-0.025479521602392197,0.4344329237937927,0.41803625226020813,-0.027525579556822777,4
0.4697704613208771,0.6249425411224365,2.354932036041646e-07,0.498447060585022,0.6093348264694214,-0.013346882537007332,0.521256685256958,0.5749011635780334,-0.01885586977005005,0.5383779406547546,0.5419341325759888,-0.023368138819932938,0.5526810884475708,0.5177980065345764,-0.027557281777262688,0.5010597705841064,0.5026967525482178,-0.01029675081372261,0.5181838274002075,0.4564290940761566,-0.018880916759371758,0.5282542109489441,0.4250931739807129,-0.026100123301148415,0.5363641977310181,0.39811962842941284,-0.0313180647790432,0.48457980155944824,0.49128490686416626,-0.009950060397386551,0.4910643994808197,0.4332318902015686,-0.016971442848443985,0.49517881870269775,0.39668020606040955,-0.02309185080230236,0.4983798563480377,0.36568713188171387,-0.027477797120809555,0.46892982721328735,0.49361103773117065,-0.011364595033228397,0.47019144892692566,0.44012248516082764,-0.019177280366420746,0.47217026352882385,0.40534594655036926,-0.024951493367552757,0.47452667355537415,0.3747877776622772,-0.028737476095557213,0.45377418398857117,0.5077146887779236,-0.01410148199647665,0.44435110688209534,0.47082483768463135,-0.02232023887336254,0.4386405050754547,0.444826602935791,-0.026195330545306206,0.43425703048706055,0.419376403093338,-0.028246328234672546,4
0.4701785147190094,0.6241505146026611,2.3879806576587725e-07,0.49905988574028015,0.6087533235549927,-0.013711897656321526,0.5218588709831238,0.5745353102684021,-0.01931041106581688,0.5388242602348328,0.5415758490562439,-0.02383492887020111,0.5530869364738464,0.5171163082122803,-0.028037862852215767,0.5012926459312439,0.5021255016326904,-0.010558826848864555,0.5183184742927551,0.4556334316730499,-0.019174473360180855,0.528446614742279,0.42430704832077026,-0.026401348412036896,0.536670982837677,0.39729607105255127,-0.03161239251494408,0.4847989082336426,0.4908779263496399,-0.009979254566133022,0.49096983671188354,0.43262121081352234,-0.016958801075816154,0.49520280957221985,0.3962406814098358,-0.022990453988313675,0.4986862540245056,0.3655434250831604,-0.027341675013303757,0.46911323070526123,0.4935086667537689,-0.01121454406529665,0.469855397939682,0.44006630778312683,-0.01905668154358864,0.47164106369018555,0.40542149543762207,-0.024849846959114075,0.4740147590637207,0.3749178946018219,-0.028661713004112244,0.4538373649120331,0.5078114867210388,-0.013806184753775597,0.4441980719566345,0.47104611992836,-0.02216276153922081,0.43827274441719055,0.44516393542289734,-0.02617587335407734,0.43377041816711426,0.41954734921455383,-0.028339384123682976,4
0.4710533022880554,0.6243196129798889,2.3791689329755172e-07,0.49954846501350403,0.6089855432510376,-0.013077707029879093,0.5225650668144226,0.5749651193618774,-0.018505115061998367,0.540112316608429,0.5429696440696716,-0.022999076172709465,0.554615318775177,0.5199664235115051,-0.027205815538764,0.5031706094741821,0.50319504737854,-0.010264337994158268,0.5205649733543396,0.4565359354019165,-0.018938696011900902,0.5311552286148071,0.4254535436630249,-0.026267677545547485,0.5398033261299133,0.3990395963191986,-0.03146496042609215,0.4865029454231262,0.4916897416114807,-0.010003889910876751,0.49308454990386963,0.43320223689079285,-0.016865670680999756,0.4975612759590149,0.39690065383911133,-0.0228768028318882,0.5011178851127625,0.36650991439819336,-0.02719123288989067,0.47061991691589355,0.493742436170578,-0.0114827249199152,0.47223013639450073,0.4398082494735718,-0.01898203045129776,0.47439858317375183,0.4053739905357361,-0.024513376876711845,0.4769885838031769,0.375415563583374,-0.028164654970169067,0.454996258020401,0.507469117641449,-0.014288160018622875,0.44584691524505615,0.47017961740493774,-0.022205647081136703,0.44025516510009766,0.44434332847595215,-0.025841187685728073,0.43597397208213806,0.41911301016807556,-0.02772441692650318,4
0.47221988439559937,0.6235583424568176,2.361602895462056e-07,0.5007957220077515,0.6083565354347229,-0.01308327354490757,0.523840606212616,0.5746989846229553,-0.018419131636619568,0.5412230491638184,0.5425891280174255,-0.022833533585071564,0.5557991862297058,0.5191840529441833,-0.026961294934153557,0.5038041472434998,0.5027840733528137,-0.009915059432387352,0.5211206078529358,0.4566127359867096,-0.01839340105652809,0.5315408706665039,0.4258068799972534,-0.025571154430508614,0.5399057865142822,0.39929595589637756,-0.030711039900779724,0.48752206563949585,0.4917258620262146,-0.009670005179941654,0.49421069025993347,0.43386444449424744,-0.016561446711421013,0.49851560592651367,0.3975863456726074,-0.02267557941377163,0.5017101764678955,0.3666994273662567,-0.02708258479833603,0.47202712297439575,0.4940362274646759,-0.011187097057700157,0.47331035137176514,0.4411028027534485,-0.018855679780244827,0.4754921495914459,0.40649640560150146,-0.02460435777902603,0.4780201017856598,0.3758937120437622,-0.028392279520630836,0.45664918422698975,0.5077598690986633,-0.014025002717971802,0.44729313254356384,0.4707482159137726,-0.022097138687968254,0.44156673550605774,0.445011168718338,-0.025891609489917755,0.4371412694454193,0.41954126954078674,-0.027919858694076538,4
0.47176748514175415,0.6254639625549316,2.3664500758968643e-07,0.5005207061767578,0.6104731559753418,-0.013302887789905071,0.523645281791687,0.5762032270431519,-0.018629547208547592,0.5409230589866638,0.5434694886207581,-0.022964296862483025,0.5555427074432373,0.5202099680900574,-0.0270001832395792,0.5039641857147217,0.503717839717865,-0.010038365609943867,0.5214183330535889,0.45726537704467773,-0.018499430269002914,0.5316823124885559,0.4260510504245758,-0.025669023394584656,0.5399381518363953,0.39927056431770325,-0.030815765261650085,0.48751935362815857,0.4924072027206421,-0.009671548381447792,0.4943045973777771,0.4342072606086731,-0.016513317823410034,0.49860966205596924,0.39774924516677856,-0.02256535366177559,0.5019368529319763,0.36680954694747925,-0.02690676972270012,0.471824586391449,0.49460065364837646,-0.011078257113695145,0.47341299057006836,0.4412993788719177,-0.018718790262937546,0.4755935072898865,0.4065147936344147,-0.024423640221357346,0.4781292974948883,0.3759637475013733,-0.02817285805940628,0.4562436640262604,0.5085327625274658,-0.01382259838283062,0.4469710886478424,0.4716101586818695,-0.02190648578107357,0.4413584768772125,0.44560590386390686,-0.025679893791675568,0.43708541989326477,0.4200055003166199,-0.027670133858919144,4
0.4715421199798584,0.6257855296134949,2.350441405951642e-07,0.5002951622009277,0.6109240651130676,-0.013744581490755081,0.5230532884597778,0.576745867729187,-0.019391482695937157,0.5401695966720581,0.5431045293807983,-0.02397426962852478,0.5551589131355286,0.519014835357666,-0.0282016359269619,0.5031731724739075,0.5035844445228577,-0.010451600886881351,0.5204852223396301,0.45737630128860474,-0.019054776057600975,0.5306849479675293,0.4262101650238037,-0.02631428651511669,0.5389112234115601,0.39926451444625854,-0.03155956044793129,0.4867148697376251,0.4923270642757416,-0.009894195012748241,0.4933100938796997,0.43431365489959717,-0.016906406730413437,0.4975195527076721,0.3978336751461029,-0.02300397865474224,0.5008209943771362,0.3666042685508728,-0.027393300086259842,0.4711146056652069,0.4947391450405121,-0.011149845086038113,0.4726683795452118,0.44140076637268066,-0.01896650157868862,0.47477221488952637,0.4066914916038513,-0.024711579084396362,0.47725921869277954,0.37592387199401855,-0.02848023734986782,0.45589691400527954,0.5088753700256348,-0.013778867200016975,0.4464028775691986,0.47197234630584717,-0.02202695980668068,0.44063884019851685,0.44590258598327637,-0.02597195655107498,0.4362064599990845,0.4200834631919861,-0.028079785406589508,4
0.4711684584617615,0.6251876950263977,2.352839061359191e-07,0.49974966049194336,0.610356330871582,-0.013726756907999516,0.5226850509643555,0.5763126611709595,-0.019333243370056152,0.5401724576950073,0.5431022047996521,-0.023868907243013382,0.5549927353858948,0.5192250609397888,-0.028085090219974518,0.5031558871269226,0.5035964846611023,-0.010700973682105541,0.5205406546592712,0.45712316036224365,-0.019249586388468742,0.5306183695793152,0.4257461726665497,-0.026424793526530266,0.5387256145477295,0.39854440093040466,-0.03163565322756767,0.4867078363895416,0.4924299716949463,-0.01016081403940916,0.4931785762310028,0.4343722462654114,-0.017219064757227898,0.4973376393318176,0.3975633978843689,-0.023310383781790733,0.5005584359169006,0.36622583866119385,-0.027675854042172432,0.4711310863494873,0.4949660897254944,-0.011405638419091702,0.4722338616847992,0.4414828419685364,-0.019231759011745453,0.4742816388607025,0.4065530300140381,-0.025017928332090378,0.47678008675575256,0.37555593252182007,-0.0288236141204834,0.45591989159584045,0.5091487765312195,-0.014020571485161781,0.4463122487068176,0.47226887941360474,-0.022321924567222595,0.44050079584121704,0.44602927565574646,-0.02633078396320343,0.4360874891281128,0.41994336247444153,-0.028486497700214386,4
0.19104155898094177,0.31978946924209595,2.193396682059756e-07,0.2080625295639038,0.28713664412498474,-0.010368824005126953,0.22201330959796906,0.2455921769142151,-0.015345629304647446,0.2338941991329193,0.2120455503463745,-0.01988621987402439,0.24376404285430908,0.18728092312812805,-0.024314597249031067,0.19361096620559692,0.2078709900379181,-0.0075409929268062115,0.2004595845937729,0.1650029420852661,-0.014633330516517162,0.20430752635002136,0.13799172639846802,-0.02074086107313633,0.20772585272789001,0.11556776612997055,-0.024963803589344025,0.1779356449842453,0.21115195751190186,-0.007770983036607504,0.17229506373405457,0.16707834601402283,-0.012765034101903439,0.16934257745742798,0.13970783352851868,-0.017531996592879295,0.16702504456043243,0.11648394167423248,-0.021172579377889633,0.1656903177499771,0.22453249990940094,-0.009500153362751007,0.1568414568901062,0.18761467933654785,-0.0150686614215374,0.15131178498268127,0.1649339646100998,-0.019232748076319695,0.14740493893623352,0.1436735838651657,-0.022190488874912262,0.15644261240959167,0.24678777158260345,-0.012348026968538761,0.14174127578735352,0.23046277463436127,-0.018230903893709183,0.13217078149318695,0.21833175420761108,-0.020567940548062325,0.12423092871904373,0.20532895624637604,-0.02171141840517521,4
0.19130010902881622,0.320751428604126,2.2064074300942593e-07,0.20818085968494415,0.287769079208374,-0.010338034480810165,0.22200940549373627,0.24610339105129242,-0.01529741007834673,0.23367273807525635,0.21248984336853027,-0.019798461347818375,0.2432592809200287,0.18749180436134338,-0.02416045032441616,0.1933428943157196,0.2074822187423706,-0.007522493600845337,0.20018082857131958,0.16407820582389832,-0.014622899703681469,0.20410288870334625,0.13700759410858154,-0.02079095132648945,0.20755018293857574,0.11474153399467468,-0.025015899911522865,0.17766140401363373,0.21101169288158417,-0.007773833815008402,0.17173510789871216,0.16622620820999146,-0.012655014172196388,0.16899549961090088,0.13860279321670532,-0.017420122399926186,0.1668320745229721,0.1155257523059845,-0.021026628091931343,0.16550934314727783,0.22463777661323547,-0.009504774585366249,0.1565956473350525,0.18792106211185455,-0.014862332493066788,0.15115201473236084,0.1650698482990265,-0.01891993172466755,0.14725041389465332,0.1438315510749817,-0.021804023534059525,0.15641380846500397,0.2472413331270218,-0.012361845932900906,0.14173351228237152,0.23113767802715302,-0.01801685430109501,0.13228216767311096,0.21898473799228668,-0.020156903192400932,0.12433582544326782,0.20614641904830933,-0.021135088056325912,4
0.1916271448135376,0.3200422525405884,2.1859109722299763e-07,0.20839866995811462,0.28731030225753784,-0.010070404969155788,0.2218082994222641,0.24568623304367065,-0.01479149330407381,0.2332456260919571,0.21250112354755402,-0.019086390733718872,0.2430318295955658,0.18816342949867249,-0.023251956328749657,0.19331642985343933,0.20700225234031677,-0.007136777509003878,0.20032115280628204,0.16384780406951904,-0.01387418620288372,0.20427313446998596,0.1370275914669037,-0.019715676084160805,0.20775368809700012,0.115166075527668,-0.0237394068390131,0.1776978075504303,0.21081645786762238,-0.007417643442749977,0.17194411158561707,0.16644248366355896,-0.012034456245601177,0.16919869184494019,0.13893267512321472,-0.016550030559301376,0.16702812910079956,0.11597922444343567,-0.019996637478470802,0.16561533510684967,0.22469079494476318,-0.009173944592475891,0.15673410892486572,0.18803009390830994,-0.014422602951526642,0.15131120383739471,0.165256530046463,-0.018495695665478706,0.14737555384635925,0.14412081241607666,-0.021390091627836227,0.15664036571979523,0.2473648339509964,-0.012021434493362904,0.14198064804077148,0.23119036853313446,-0.017791569232940674,0.13237372040748596,0.2189636379480362,-0.020097412168979645,0.12425880879163742,0.20600557327270508,-0.02118084393441677,4
0.1915881335735321,0.3199869990348816,2.204588014365072e-07,0.20840349793434143,0.28757038712501526,-0.010324601083993912,0.22186709940433502,0.24621379375457764,-0.01507913414388895,0.23317751288414001,0.21295659244060516,-0.019362205639481544,0.2428300529718399,0.18864476680755615,-0.023504238575696945,0.19353915750980377,0.20749475061893463,-0.0071160937659442425,0.20061489939689636,0.16465792059898376,-0.013869531452655792,0.20436464250087738,0.13776099681854248,-0.019777541980147362,0.20758159458637238,0.11578036099672318,-0.023843124508857727,0.17778362333774567,0.21108314394950867,-0.007212104741483927,0.17195282876491547,0.16696593165397644,-0.011842005886137486,0.16908428072929382,0.1394091248512268,-0.016370879486203194,0.16684658825397491,0.116372250020504,-0.019787169992923737,0.16559530794620514,0.22482624650001526,-0.008808930404484272,0.15665653347969055,0.1885121613740921,-0.014088540337979794,0.1513219177722931,0.1658797264099121,-0.01810719445347786,0.14752197265625,0.1448824554681778,-0.020900804549455643,0.15656210482120514,0.24741682410240173,-0.01152829360216856,0.14200305938720703,0.2312782108783722,-0.017252691090106964,0.13250544667243958,0.21920046210289001,-0.019482538104057312,0.12452349066734314,0.20631040632724762,-0.020477885380387306,4
0.1911286562681198,0.3202630281448364,2.1748805068000365e-07,0.20811507105827332,0.28761911392211914,-0.010220851749181747,0.22183403372764587,0.24638281762599945,-0.015024246647953987,0.2331114560365677,0.21263203024864197,-0.019388237968087196,0.2424776405096054,0.1877688765525818,-0.02361820824444294,0.19351869821548462,0.20773640275001526,-0.007101190276443958,0.20060287415981293,0.16480281949043274,-0.013977591879665852,0.20420192182064056,0.13762128353118896,-0.01993105188012123,0.20730973780155182,0.11538958549499512,-0.02405618689954281,0.17773406207561493,0.21153883635997772,-0.007317282725125551,0.17189332842826843,0.16753649711608887,-0.01220741868019104,0.16905298829078674,0.1401951014995575,-0.01688799075782299,0.16690582036972046,0.11722661554813385,-0.020408950746059418,0.16556158661842346,0.22538509964942932,-0.009022073820233345,0.1565355509519577,0.18863102793693542,-0.014560547657310963,0.15088176727294922,0.16580693423748016,-0.018668387085199356,0.1468888372182846,0.14462046325206757,-0.02153952419757843,0.15653273463249207,0.24805529415607452,-0.01182373333722353,0.14195731282234192,0.2317677140235901,-0.0177959855645895,0.1323973387479782,0.21941424906253815,-0.02017461322247982,0.12440510839223862,0.20631591975688934,-0.021274544298648834,4
0.19115664064884186,0.32042425870895386,2.1753690759851452e-07,0.2080640196800232,0.28795957565307617,-0.010588794946670532,0.2216276228427887,0.24652889370918274,-0.01548479963093996,0.23278692364692688,0.21269790828227997,-0.019846627488732338,0.24226929247379303,0.18761000037193298,-0.02405494451522827,0.19334901869297028,0.20792362093925476,-0.007442562375217676,0.20049944519996643,0.1648876816034317,-0.01421437505632639,0.20398589968681335,0.13758522272109985,-0.020053571090102196,0.20688296854496002,0.11517707258462906,-0.024115942418575287,0.17753225564956665,0.21137043833732605,-0.007456203456968069,0.17193670570850372,0.16722597181797028,-0.012166517786681652,0.1688890904188156,0.13993236422538757,-0.016660630702972412,0.16643650829792023,0.1172231063246727,-0.020055806264281273,0.16531531512737274,0.22495968639850616,-0.008991171605885029,0.15604545176029205,0.18772442638874054,-0.014396524988114834,0.15034343302249908,0.1648944616317749,-0.01851872354745865,0.1462935358285904,0.14357103407382965,-0.021425725892186165,0.1562604308128357,0.24751320481300354,-0.011652776040136814,0.14150041341781616,0.23156413435935974,-0.01758694089949131,0.13191594183444977,0.219485342502594,-0.020043333992362022,0.12395337224006653,0.20649123191833496,-0.021217411383986473,4
0.19179727137088776,0.3198694586753845,2.1844041953045235e-07,0.20860469341278076,0.2873077392578125,-0.010532094165682793,0.22194510698318481,0.24558064341545105,-0.01537876296788454,0.23312309384346008,0.21133029460906982,-0.01972176693379879,0.24280183017253876,0.18615750968456268,-0.023944545537233353,0.19374637305736542,0.20780713856220245,-0.007400573696941137,0.2007291316986084,0.16452473402023315,-0.014290785416960716,0.20421215891838074,0.1371893435716629,-0.020234674215316772,0.20722103118896484,0.11476024240255356,-0.024375347420573235,0.17787154018878937,0.2115507870912552,-0.007444947957992554,0.17172662913799286,0.167326420545578,-0.012397377751767635,0.16857506334781647,0.13995018601417542,-0.017084557563066483,0.16612786054611206,0.11701332032680511,-0.02061452344059944,0.16570591926574707,0.22533367574214935,-0.008990393951535225,0.1563354730606079,0.18847320973873138,-0.014513546600937843,0.1506395787000656,0.16565093398094177,-0.01861378364264965,0.1466333270072937,0.14420709013938904,-0.021494079381227493,0.15675805509090424,0.24793602526187897,-0.01166493445634842,0.1421390175819397,0.2316361665725708,-0.01755603961646557,0.13261355459690094,0.2194337546825409,-0.0198929812759161,0.12467820942401886,0.20628422498703003,-0.020993150770664215,4
0.19231781363487244,0.3182834982872009,2.1715013076573086e-07,0.20909547805786133,0.2856466472148895,-0.010255232453346252,0.22267015278339386,0.2445131093263626,-0.015141434036195278,0.23382584750652313,0.2109004110097885,-0.019582951441407204,0.24316942691802979,0.1856575906276703,-0.023919174447655678,0.1943063884973526,0.20599432289600372,-0.007337549235671759,0.20100325345993042,0.1631050407886505,-0.014254802837967873,0.20452025532722473,0.13591112196445465,-0.020214663818478584,0.2074989229440689,0.11352738738059998,-0.02434888854622841,0.17869824171066284,0.20965974032878876,-0.007583429105579853,0.17280861735343933,0.16550545394420624,-0.012435302138328552,0.1696908175945282,0.13821913301944733,-0.01709289848804474,0.16712915897369385,0.11537189781665802,-0.02061253786087036,0.16657380759716034,0.22342713177204132,-0.009311982430517673,0.1569983959197998,0.18685978651046753,-0.014809751883149147,0.15113675594329834,0.16409043967723846,-0.01896204613149166,0.14709673821926117,0.14289984107017517,-0.02189374715089798,0.15747016668319702,0.24597029387950897,-0.012139761820435524,0.1425740122795105,0.23009093105793,-0.018124395981431007,0.13287895917892456,0.2182224541902542,-0.020559310913085938,0.12484785169363022,0.20559489727020264,-0.021712282672524452,4
0.19224345684051514,0.31740278005599976,2.157944152259006e-07,0.20931528508663177,0.28549817204475403,-0.010718238539993763,0.22301185131072998,0.2437991499900818,-0.015561282634735107,0.2340976595878601,0.20951716601848602,-0.019856667146086693,0.24340443313121796,0.18418987095355988,-0.024006225168704987,0.19496867060661316,0.2051873505115509,-0.0075499010272324085,0.20185211300849915,0.16237133741378784,-0.014318221248686314,0.2053373008966446,0.1352716088294983,-0.020100127905607224,0.20836782455444336,0.11302759498357773,-0.024106156080961227,0.17905272543430328,0.20880690217018127,-0.007461877539753914,0.17338597774505615,0.1651669293642044,-0.01221509836614132,0.1702030897140503,0.13787639141082764,-0.016711752861738205,0.1675531566143036,0.1146773099899292,-0.02014118619263172,0.1667533963918686,0.22241801023483276,-0.008909312076866627,0.157695010304451,0.186021625995636,-0.014319287613034248,0.15178939700126648,0.16366541385650635,-0.018356282263994217,0.14750251173973083,0.14253246784210205,-0.02121412754058838,0.15755750238895416,0.24480009078979492,-0.011513658799231052,0.14290237426757812,0.2289181649684906,-0.017438234761357307,0.13324132561683655,0.2169751524925232,-0.019871117547154427,0.125126451253891,0.2040686458349228,-0.021038686856627464,4
0.19309450685977936,0.3171454966068268,2.1862805965611187e-07,0.209906667470932,0.28458696603775024,-0.010429926216602325,0.223435640335083,0.24292300641536713,-0.015214307233691216,0.23479802906513214,0.20890171825885773,-0.01952219195663929,0.24464930593967438,0.18415425717830658,-0.023669300600886345,0.19530263543128967,0.204825296998024,-0.006986923515796661,0.20230114459991455,0.16175612807273865,-0.013697288930416107,0.20596593618392944,0.13441774249076843,-0.019525371491909027,0.2092515230178833,0.11205922067165375,-0.02358272485435009,0.1795845925807953,0.20825296640396118,-0.006982881110161543,0.17387336492538452,0.1647069901227951,-0.01166641153395176,0.17061738669872284,0.13750720024108887,-0.01617591269314289,0.1681271344423294,0.11441106349229813,-0.01961519941687584,0.16730768978595734,0.22170522809028625,-0.008511542342603207,0.15844209492206573,0.18481096625328064,-0.013892161659896374,0.1527603417634964,0.16227158904075623,-0.017928602173924446,0.14879006147384644,0.14127734303474426,-0.020763380452990532,0.1580844223499298,0.2440098077058792,-0.011178725399076939,0.14348550140857697,0.2279684841632843,-0.017033150419592857,0.1338718682527542,0.2159574329853058,-0.01942162774503231,0.12583598494529724,0.20313553512096405,-0.020548488944768906,4
0.19342711567878723,0.3159540295600891,2.1969522379094997e-07,0.21027514338493347,0.2837449610233307,-0.010778740048408508,0.22385171055793762,0.24223969876766205,-0.01575479656457901,0.23508496582508087,0.20813745260238647,-0.020151959732174873,0.24462580680847168,0.18277673423290253,-0.02437698282301426,0.19561977684497833,0.20394429564476013,-0.007692293263971806,0.20273129642009735,0.16116343438625336,-0.014506867155432701,0.20652371644973755,0.1340332329273224,-0.020332716405391693,0.20987798273563385,0.11187312752008438,-0.024359101429581642,0.17982563376426697,0.20727457106113434,-0.007552876137197018,0.17422017455101013,0.16377359628677368,-0.012235711328685284,0.17105111479759216,0.13675589859485626,-0.01662115566432476,0.16858892142772675,0.11405375599861145,-0.019953954964876175,0.1675119251012802,0.2207528054714203,-0.008951274678111076,0.1586683839559555,0.18390649557113647,-0.0142833162099123,0.15307745337486267,0.16161713004112244,-0.018214084208011627,0.1491531878709793,0.14067989587783813,-0.021004069596529007,0.15827032923698425,0.2431568056344986,-0.011510230600833893,0.14370787143707275,0.22761379182338715,-0.017349541187286377,0.13412854075431824,0.21592554450035095,-0.019708583131432533,0.12614810466766357,0.2031930834054947,-0.020813845098018646,4
0.19342389702796936,0.31609046459198,2.1870573618798517e-07,0.21028019487857819,0.2837789058685303,-0.010626456700265408,0.22405163943767548,0.2426336407661438,-0.015509802848100662,0.23521336913108826,0.20828813314437866,-0.01986660249531269,0.2443515658378601,0.18293724954128265,-0.02406907081604004,0.1957831084728241,0.20388199388980865,-0.007266760803759098,0.2026795744895935,0.1609126776456833,-0.01399826630949974,0.20637792348861694,0.13394197821617126,-0.019888993352651596,0.20951540768146515,0.11160403490066528,-0.02399217151105404,0.18004773557186127,0.20735011994838715,-0.0072287144139409065,0.174435555934906,0.16340771317481995,-0.01185640785843134,0.17143628001213074,0.1361633837223053,-0.01641714572906494,0.16899973154067993,0.11295228451490402,-0.019939297810196877,0.16773216426372528,0.22094480693340302,-0.008734483271837234,0.15884697437286377,0.18438731133937836,-0.014066201634705067,0.15327371656894684,0.16183069348335266,-0.018208982422947884,0.14926038682460785,0.14075446128845215,-0.02117774449288845,0.15833619236946106,0.24340301752090454,-0.011385053396224976,0.14368939399719238,0.22745922207832336,-0.017228249460458755,0.1341111660003662,0.21555621922016144,-0.019648760557174683,0.12603867053985596,0.2028663456439972,-0.02084404043853283,4
0.1934797763824463,0.3157121539115906,2.1798773275349959e-07,0.21036702394485474,0.2834794223308563,-0.010645681992173195,0.224010169506073,0.24236896634101868,-0.015677621588110924,0.23512402176856995,0.20822255313396454,-0.02020912617444992,0.2440444529056549,0.18268229067325592,-0.024584555998444557,0.1957867592573166,0.20368483662605286,-0.00769838085398078,0.2025969922542572,0.1604883372783661,-0.014669273048639297,0.20627419650554657,0.133535698056221,-0.02069053053855896,0.20942136645317078,0.11114813387393951,-0.02486358769237995,0.18001557886600494,0.20738127827644348,-0.007743305992335081,0.17429092526435852,0.16365979611873627,-0.012664937414228916,0.17120982706546783,0.13620617985725403,-0.01741013303399086,0.16865617036819458,0.11271730810403824,-0.021044839173555374,0.16766270995140076,0.22112710773944855,-0.009304824285209179,0.15859924256801605,0.18463832139968872,-0.014869926497340202,0.15299174189567566,0.16184501349925995,-0.01910514198243618,0.14895033836364746,0.14049413800239563,-0.022110041230916977,0.15836291015148163,0.24349956214427948,-0.012004087679088116,0.14364977180957794,0.22730840742588043,-0.01801556721329689,0.13398116827011108,0.21532370150089264,-0.020489109680056572,0.1258603036403656,0.20259787142276764,-0.021694296970963478,4
0.19358213245868683,0.3156720995903015,2.1805873018365673e-07,0.21040351688861847,0.2833113968372345,-0.01072047557681799,0.22389405965805054,0.24192459881305695,-0.015724876895546913,0.23520517349243164,0.20779955387115479,-0.020228860899806023,0.2443886399269104,0.182693213224411,-0.024602582678198814,0.19569866359233856,0.20339982211589813,-0.007561712525784969,0.2026551216840744,0.16108231246471405,-0.014410754665732384,0.20625904202461243,0.13423451781272888,-0.020341085270047188,0.2093035727739334,0.11185655742883682,-0.024485986679792404,0.17993226647377014,0.20696429908275604,-0.007561649661511183,0.174370676279068,0.1637686789035797,-0.012333719059824944,0.17126867175102234,0.13633990287780762,-0.016922486945986748,0.16868756711483002,0.1125633716583252,-0.0204591304063797,0.1676255613565445,0.22074954211711884,-0.009120028465986252,0.15848463773727417,0.1845625638961792,-0.014684567227959633,0.15284249186515808,0.16186030209064484,-0.018979886546730995,0.148763507604599,0.14034345746040344,-0.022017771378159523,0.15846510231494904,0.24322986602783203,-0.011828932911157608,0.14357534050941467,0.2277163416147232,-0.018013300374150276,0.13371367752552032,0.21586409211158752,-0.02069069631397724,0.12546378374099731,0.20307746529579163,-0.022033434361219406,4
0.19396750628948212,0.31562143564224243,2.192700065961617e-07,0.21087141335010529,0.2825208902359009,-0.010485108010470867,0.22438305616378784,0.24092619121074677,-0.015457624569535255,0.23542776703834534,0.20689666271209717,-0.019959470257163048,0.24468748271465302,0.18190333247184753,-0.024337274953722954,0.1955839842557907,0.20361416041851044,-0.007537939585745335,0.20295435190200806,0.16106925904750824,-0.014606868848204613,0.20684021711349487,0.13393104076385498,-0.020710797980427742,0.2101111114025116,0.11147847026586533,-0.024947304278612137,0.17999760806560516,0.2071705013513565,-0.0076828994788229465,0.17449387907981873,0.16365553438663483,-0.01273336447775364,0.17147547006607056,0.13600030541419983,-0.017490778118371964,0.16897806525230408,0.11227843165397644,-0.021110305562615395,0.1678721010684967,0.2208757996559143,-0.009348472580313683,0.1587124913930893,0.1841239333152771,-0.015148375183343887,0.15308986604213715,0.1612507700920105,-0.019482236355543137,0.14910422265529633,0.13988324999809265,-0.022495942190289497,0.1589428335428238,0.24340763688087463,-0.012124301865696907,0.14395077526569366,0.22785232961177826,-0.018437443301081657,0.13403934240341187,0.21587872505187988,-0.0210846196860075,0.1257992386817932,0.20312249660491943,-0.02237224206328392,4
0.19446972012519836,0.31472471356391907,2.1946215156276594e-07,0.21112385392189026,0.28192830085754395,-0.010429698042571545,0.22435978055000305,0.24083684384822845,-0.015437638387084007,0.23536133766174316,0.2069021761417389,-0.019952921196818352,0.24448734521865845,0.1816490888595581,-0.02433432824909687,0.19589902460575104,0.20348575711250305,-0.007713427301496267,0.20317451655864716,0.16049090027809143,-0.0147173423320055,0.2069074809551239,0.13324037194252014,-0.020641937851905823,0.21004651486873627,0.11085652559995651,-0.024714330211281776,0.1802321970462799,0.20725014805793762,-0.00782382395118475,0.17482340335845947,0.1634344458580017,-0.012782183475792408,0.17175082862377167,0.13596892356872559,-0.017324289306998253,0.1691589653491974,0.11264421045780182,-0.020756784826517105,0.16818879544734955,0.2210635244846344,-0.009433256462216377,0.15886721014976501,0.18426299095153809,-0.01511906273663044,0.15313763916492462,0.16125617921352386,-0.019289283081889153,0.14910726249217987,0.1399841606616974,-0.022170478478074074,0.15944822132587433,0.2437288910150528,-0.012137594632804394,0.14411276578903198,0.22781313955783844,-0.018332606181502342,0.13409021496772766,0.21575988829135895,-0.02085915021598339,0.1257546842098236,0.20303799211978912,-0.022038090974092484,4
0.19418707489967346,0.31468236446380615,2.1733595190198685e-07,0.21091051399707794,0.28168827295303345,-0.010285994969308376,0.22418653964996338,0.2404325306415558,-0.015150406397879124,0.23518186807632446,0.20632928609848022,-0.019535239785909653,0.2440691888332367,0.18108974397182465,-0.023770736530423164,0.19614878296852112,0.20290297269821167,-0.007547736167907715,0.20331649482250214,0.16010066866874695,-0.014452080242335796,0.20709089934825897,0.1330469399690628,-0.020312774926424026,0.2102486938238144,0.11076784878969193,-0.02433992549777031,0.18030816316604614,0.20650316774845123,-0.007708466146141291,0.17474405467510223,0.16242769360542297,-0.012475447729229927,0.17170463502407074,0.1351701021194458,-0.016864459961652756,0.1692103147506714,0.11216763406991959,-0.020180268213152885,0.16810210049152374,0.22029559314250946,-0.009356682188808918,0.1587659865617752,0.1833483725786209,-0.014802338555455208,0.15298399329185486,0.16077964007854462,-0.018800834193825722,0.14891600608825684,0.1398722529411316,-0.021608853712677956,0.15916404128074646,0.24302434921264648,-0.01210490707308054,0.14400441944599152,0.22744500637054443,-0.01808333955705166,0.1340773105621338,0.21570947766304016,-0.020471764728426933,0.12583765387535095,0.2031797617673874,-0.02157966047525406,4
0.1949533224105835,0.31412696838378906,2.1632935442994494e-07,0.21147167682647705,0.28107964992523193,-0.010201704688370228,0.2246304303407669,0.2397865355014801,-0.015177393332123756,0.23585893213748932,0.20591452717781067,-0.019719282165169716,0.24506449699401855,0.18080544471740723,-0.02418164536356926,0.1964314579963684,0.20302721858024597,-0.007918997667729855,0.2034599930047989,0.1597999483346939,-0.015050693415105343,0.20722344517707825,0.13277889788150787,-0.021068789064884186,0.21037493646144867,0.11037442088127136,-0.02523035742342472,0.18080760538578033,0.20690029859542847,-0.008245284669101238,0.17532391846179962,0.16319291293621063,-0.013360727578401566,0.17213372886180878,0.1359771192073822,-0.018090462312102318,0.16938084363937378,0.1128736138343811,-0.02169637568295002,0.16867700219154358,0.22087278962135315,-0.010023319162428379,0.15935584902763367,0.18391302227973938,-0.015753543004393578,0.1536325216293335,0.1611497700214386,-0.020038306713104248,0.14951997995376587,0.13983291387557983,-0.02307964116334915,0.15976755321025848,0.2436707317829132,-0.012869113124907017,0.14482372999191284,0.22783976793289185,-0.01905621960759163,0.1349937617778778,0.21583399176597595,-0.021613940596580505,0.12682077288627625,0.2028816193342209,-0.022885890677571297,4
0.1949048638343811,0.31406334042549133,2.1763285928955156e-07,0.21141552925109863,0.2808316648006439,-0.010326698422431946,0.22458547353744507,0.23945285379886627,-0.01528716366738081,0.2359255850315094,0.20533642172813416,-0.019778283312916756,0.24487516283988953,0.18012955784797668,-0.024168888106942177,0.1964620053768158,0.20219925045967102,-0.007794118020683527,0.20359669625759125,0.15925440192222595,-0.014852529391646385,0.20739100873470306,0.1326664239168167,-0.02089756727218628,0.21057768166065216,0.11045295000076294,-0.025087440386414528,0.18072479963302612,0.20636004209518433,-0.008024359121918678,0.17514649033546448,0.1627362221479416,-0.012998437508940697,0.1719796359539032,0.13570132851600647,-0.017726557329297066,0.16928105056285858,0.11239173263311386,-0.021372536197304726,0.16852045059204102,0.22065547108650208,-0.00972932018339634,0.15941160917282104,0.18412362039089203,-0.015340914018452168,0.15368840098381042,0.16144287586212158,-0.01960989087820053,0.1495380848646164,0.14007499814033508,-0.022666307166218758,0.15951389074325562,0.24363917112350464,-0.012524723075330257,0.14468786120414734,0.22785010933876038,-0.018592936918139458,0.1349141001701355,0.21583227813243866,-0.021111181005835533,0.126731276512146,0.20278212428092957,-0.0223793163895607,4
0.1946505904197693,0.31505051255226135,2.1818168249865266e-07,0.21122190356254578,0.2814360558986664,-0.010136048309504986,0.22474685311317444,0.2389884740114212,-0.014837926253676414,0.23581230640411377,0.20465682446956635,-0.01910988613963127,0.24483633041381836,0.17977528274059296,-0.023255499079823494,0.1965060532093048,0.20256279408931732,-0.007220408413559198,0.20370428264141083,0.15907737612724304,-0.013965001329779625,0.2072511613368988,0.13204097747802734,-0.019749674946069717,0.21024540066719055,0.1096334159374237,-0.02376449480652809,0.18071545660495758,0.20677414536476135,-0.007417128887027502,0.17504513263702393,0.16301020979881287,-0.012162869796156883,0.17166586220264435,0.13574209809303284,-0.016695968806743622,0.16878853738307953,0.11242128908634186,-0.020175663754343987,0.1685202419757843,0.2207833230495453,-0.009085806086659431,0.15921825170516968,0.1839587688446045,-0.014474362134933472,0.1533813178539276,0.1616854965686798,-0.018476039171218872,0.14908050000667572,0.14089062809944153,-0.021313488483428955,0.1595345139503479,0.24338513612747192,-0.011853538453578949,0.14455409348011017,0.22729119658470154,-0.017742769792675972,0.13467639684677124,0.21521055698394775,-0.0201024878770113,0.12637731432914734,0.20218241214752197,-0.02121644653379917,4
0.19473914802074432,0.31469908356666565,2.1816893536197313e-07,0.21130768954753876,0.2811160683631897,-0.010061021894216537,0.22444041073322296,0.23899933695793152,-0.014705176465213299,0.23519065976142883,0.20460812747478485,-0.018909098580479622,0.24420152604579926,0.1796523481607437,-0.022967780008912086,0.19639736413955688,0.20236244797706604,-0.007061714772135019,0.20349739491939545,0.15922871232032776,-0.013781370595097542,0.20720012485980988,0.13231788575649261,-0.01959335058927536,0.210347518324852,0.11008142679929733,-0.023633932694792747,0.18056833744049072,0.20645475387573242,-0.007261404301971197,0.17476128041744232,0.16266795992851257,-0.011971858330070972,0.1716722846031189,0.13542786240577698,-0.016491612419486046,0.16915476322174072,0.11225694417953491,-0.019965721294283867,0.16828438639640808,0.22043518722057343,-0.0089390454813838,0.15893909335136414,0.18402543663978577,-0.014342187903821468,0.15319882333278656,0.16152065992355347,-0.01843504048883915,0.14906948804855347,0.14060306549072266,-0.021339669823646545,0.15918195247650146,0.24305270612239838,-0.011703061871230602,0.14422492682933807,0.22710822522640228,-0.017594169825315475,0.13438403606414795,0.21520154178142548,-0.019993355497717857,0.12614218890666962,0.20241165161132812,-0.021154487505555153,4
0.21487878262996674,0.8697865009307861,2.333143811483751e-07,0.22314777970314026,0.8292280435562134,-0.011185243725776672,0.22611282765865326,0.7852194905281067,-0.016663435846567154,0.22708839178085327,0.750283420085907,-0.021463477984070778,0.22717885673046112,0.7228176593780518,-0.026023434475064278,0.19006618857383728,0.7678464651107788,-0.008514298126101494,0.18668292462825775,0.7242754101753235,-0.016106095165014267,0.18508295714855194,0.6954119205474854,-0.02261105552315712,0.18416179716587067,0.6712936758995056,-0.027045898139476776,0.17690463364124298,0.7804998159408569,-0.00854819267988205,0.16306321322917938,0.7432588934898376,-0.013884596526622772,0.15501394867897034,0.7190710306167603,-0.018790872767567635,0.14778342843055725,0.698151171207428,-0.0224711075425148,0.16905780136585236,0.8015437722206116,-0.01023067720234394,0.15221236646175385,0.7736931443214417,-0.016869107261300087,0.14123375713825226,0.7558294534683228,-0.022205788642168045,0.13185159862041473,0.738695502281189,-0.025812949985265732,0.16591814160346985,0.8298490643501282,-0.012982876971364021,0.14761586487293243,0.8267118334770203,-0.020413581281900406,0.13509459793567657,0.8241962194442749,-0.02404160052537918,0.1235252246260643,0.8199877738952637,-0.02598290890455246,4
0.2142123430967331,0.8694707751274109,2.2915028807801718e-07,0.22260233759880066,0.8282837867736816,-0.010882687754929066,0.225515216588974,0.7839516401290894,-0.016344772651791573,0.22649112343788147,0.7490825653076172,-0.02118881791830063,0.22661520540714264,0.7216030359268188,-0.025845112279057503,0.189519003033638,0.7669273018836975,-0.008854000829160213,0.18608878552913666,0.7229427099227905,-0.01671280339360237,0.18451659381389618,0.6937946677207947,-0.023391112685203552,0.18351556360721588,0.6693087816238403,-0.02796647697687149,0.17647656798362732,0.7796521782875061,-0.009222034364938736,0.16257411241531372,0.7420600056648254,-0.01501530222594738,0.15444551408290863,0.7170882225036621,-0.02024908736348152,0.14703592658042908,0.695647656917572,-0.024138830602169037,0.16882987320423126,0.8007457852363586,-0.011170101352036,0.15183597803115845,0.7724826335906982,-0.018189454451203346,0.1406349092721939,0.7537083625793457,-0.023738350719213486,0.13102203607559204,0.7359230518341064,-0.027438417077064514,0.1659945547580719,0.8288007378578186,-0.014136417768895626,0.14709028601646423,0.8248561024665833,-0.021833548322319984,0.13430500030517578,0.8216423392295837,-0.025554683059453964,0.12251543998718262,0.8168995976448059,-0.027539772912859917,4
0.213237464427948,0.8698297142982483,2.280103075236184e-07,0.22171641886234283,0.8290690183639526,-0.010887861251831055,0.22464151680469513,0.7847129106521606,-0.016377544030547142,0.22587552666664124,0.7499926686286926,-0.021216971799731255,0.22621913254261017,0.7225940823554993,-0.025880517438054085,0.18901483714580536,0.7674206495285034,-0.009388376027345657,0.18547889590263367,0.7229175567626953,-0.01737893745303154,0.18385976552963257,0.6939333081245422,-0.024117067456245422,0.18290212750434875,0.6697032451629639,-0.028728419914841652,0.17581981420516968,0.7801207304000854,-0.009743204340338707,0.16180074214935303,0.7425633072853088,-0.015653174370527267,0.1534971296787262,0.7180337905883789,-0.02105027064681053,0.14611981809139252,0.6973554491996765,-0.02506173402070999,0.16794532537460327,0.8012228608131409,-0.0116035221144557,0.150921031832695,0.772580087184906,-0.018554188311100006,0.1396835744380951,0.7542884945869446,-0.024141166359186172,0.1301395744085312,0.7369218468666077,-0.027931027114391327,0.16494852304458618,0.8291934728622437,-0.014467235654592514,0.1465333253145218,0.8251323699951172,-0.02209041267633438,0.1340433806180954,0.8222788572311401,-0.025788381695747375,0.12257543951272964,0.8179056644439697,-0.02775736153125763,4
0.21337157487869263,0.8695192337036133,2.3003120475095784e-07,0.2217249870300293,0.8299449682235718,-0.01149219460785389,0.22395667433738708,0.7859860062599182,-0.01728830486536026,0.2252906858921051,0.7503064274787903,-0.022382628172636032,0.2258407026529312,0.7219841480255127,-0.027275830507278442,0.18847255408763885,0.7677450776100159,-0.009865982457995415,0.18480975925922394,0.7237386703491211,-0.017916858196258545,0.1830468773841858,0.6945295333862305,-0.02460482530295849,0.18192683160305023,0.6699990630149841,-0.02919880487024784,0.17493483424186707,0.7803372144699097,-0.009922802448272705,0.16107971966266632,0.7429662346839905,-0.015733154490590096,0.15284371376037598,0.7188494801521301,-0.020770661532878876,0.14542622864246368,0.6981695294380188,-0.024537496268749237,0.1668390929698944,0.8012401461601257,-0.011573654599487782,0.14989924430847168,0.7730482816696167,-0.018428172916173935,0.13889826834201813,0.7551501989364624,-0.023636633530259132,0.12951304018497467,0.7381290197372437,-0.02718467079102993,0.16384634375572205,0.8290219902992249,-0.014333480037748814,0.14526784420013428,0.8250458240509033,-0.021843135356903076,0.13283389806747437,0.8224525451660156,-0.02537941373884678,0.12145742028951645,0.8183358311653137,-0.02726549655199051,4
0.21421471238136292,0.8683884739875793,2.342103755381686e-07,0.22193872928619385,0.827793538570404,-0.011345853097736835,0.2243908792734146,0.7838444709777832,-0.017159461975097656,0.22556708753108978,0.7479894757270813,-0.022296136245131493,0.22594279050827026,0.7197295427322388,-0.027200309559702873,0.1886080801486969,0.7668551802635193,-0.00934333074837923,0.18521320819854736,0.7223637700080872,-0.017248038202524185,0.18325212597846985,0.6928486824035645,-0.02382074110209942,0.18204094469547272,0.668309211730957,-0.028295790776610374,0.17524924874305725,0.7794293165206909,-0.009404252283275127,0.1610933542251587,0.7416962385177612,-0.015031523071229458,0.15273752808570862,0.717046856880188,-0.01988600566983223,0.1451999843120575,0.6957851052284241,-0.02351260744035244,0.16724950075149536,0.8001449704170227,-0.01109187863767147,0.150112122297287,0.7718382477760315,-0.01782543957233429,0.13919591903686523,0.7540240287780762,-0.022969383746385574,0.1298685371875763,0.7372778654098511,-0.02645687945187092,0.16416218876838684,0.8278440237045288,-0.013887379318475723,0.14553320407867432,0.8250672817230225,-0.021382343024015427,0.13281582295894623,0.8224624991416931,-0.025020528584718704,0.12098871916532516,0.8182083964347839,-0.026970628648996353,4
0.21416276693344116,0.8681362271308899,2.3012768224361935e-07,0.2220112830400467,0.8269633650779724,-0.011001281440258026,0.22440211474895477,0.7830243110656738,-0.01661944016814232,0.2254539132118225,0.7474994659423828,-0.021587273105978966,0.22563359141349792,0.7192703485488892,-0.02637471631169319,0.18866893649101257,0.7662433981895447,-0.009397090412676334,0.18494632840156555,0.7217674851417542,-0.017401499673724174,0.18310585618019104,0.6921693086624146,-0.024121521040797234,0.18202118575572968,0.6671915054321289,-0.028725573793053627,0.1754610240459442,0.7790743112564087,-0.009647391736507416,0.16131791472434998,0.741341769695282,-0.015482447110116482,0.15332242846488953,0.7162217497825623,-0.020635124295949936,0.146253764629364,0.6946858763694763,-0.024523615837097168,0.16764207184314728,0.8000335693359375,-0.011475086212158203,0.15050503611564636,0.7716494202613831,-0.01848064363002777,0.13929255306720734,0.7533303499221802,-0.02394898794591427,0.12982966005802155,0.7363083362579346,-0.027658000588417053,0.1646685153245926,0.8276721239089966,-0.014339026995003223,0.14558251202106476,0.823919951915741,-0.022088512778282166,0.1326431930065155,0.8211559057235718,-0.025913096964359283,0.12072199583053589,0.8169649839401245,-0.0280031505972147,4
0.21496129035949707,0.8678817749023438,2.3078095523487718e-07,0.22252827882766724,0.8270692825317383,-0.010781771503388882,0.2247142791748047,0.7832925319671631,-0.016340577974915504,0.22573116421699524,0.7479628324508667,-0.021366994827985764,0.22587615251541138,0.720045268535614,-0.026168396696448326,0.1888151913881302,0.7646852135658264,-0.008265790529549122,0.18529045581817627,0.7209347486495972,-0.015894876793026924,0.1835264414548874,0.6919211149215698,-0.022486461326479912,0.1824718564748764,0.667725145816803,-0.027020687237381935,0.1757321059703827,0.7777372598648071,-0.00868907105177641,0.16172268986701965,0.7404800653457642,-0.01413643267005682,0.15368667244911194,0.7157506942749023,-0.019080599769949913,0.14644043147563934,0.694329559803009,-0.022788766771554947,0.1681479513645172,0.7989579439163208,-0.010757171548902988,0.1511104851961136,0.7707585096359253,-0.017505932599306107,0.13986344635486603,0.752718448638916,-0.022815560922026634,0.1303173303604126,0.7357911467552185,-0.02638121321797371,0.16541020572185516,0.8270218372344971,-0.013886157423257828,0.14636176824569702,0.8232200145721436,-0.021535977721214294,0.13334378600120544,0.8200958967208862,-0.025269852951169014,0.1213444247841835,0.8154754638671875,-0.027248088270425797,4
0.21428562700748444,0.8677126169204712,2.3067073584570608e-07,0.22237178683280945,0.8267444968223572,-0.011080542579293251,0.22467955946922302,0.7822356224060059,-0.016481969505548477,0.22537861764431,0.7462493181228638,-0.021241145208477974,0.22488757967948914,0.7182477116584778,-0.02577449381351471,0.1891217678785324,0.7644511461257935,-0.008636627346277237,0.18545427918434143,0.7202972173690796,-0.01624329574406147,0.18354925513267517,0.6909862756729126,-0.022639049217104912,0.18250082433223724,0.6667500734329224,-0.026996387168765068,0.17611907422542572,0.7775904536247253,-0.008827973157167435,0.16206242144107819,0.7400195598602295,-0.01426927000284195,0.1537920981645584,0.7151939272880554,-0.01910899393260479,0.1463615596294403,0.69356369972229,-0.022710200399160385,0.16850349307060242,0.7988909482955933,-0.0106846634298563,0.15135587751865387,0.770496666431427,-0.017566226422786713,0.14018885791301727,0.7516493797302246,-0.022979672998189926,0.13080382347106934,0.7338961362838745,-0.026580696925520897,0.16558104753494263,0.8270189762115479,-0.013600464910268784,0.146347314119339,0.8227850198745728,-0.02150409296154976,0.13335207104682922,0.8195977210998535,-0.025411339476704597,0.12146797776222229,0.8148816227912903,-0.027478782460093498,4
0.2140718251466751,0.8660292625427246,2.34418479294618e-07,0.2219410091638565,0.82568359375,-0.0111860865727067,0.2242645025253296,0.7818571925163269,-0.016857126727700233,0.2252289205789566,0.7461070418357849,-0.021862655878067017,0.22499044239521027,0.7178673148155212,-0.026621168479323387,0.18918545544147491,0.7635343074798584,-0.008963151834905148,0.18561632931232452,0.7193142771720886,-0.017006246373057365,0.1838018149137497,0.6896378397941589,-0.02369825355708599,0.18287311494350433,0.6651332974433899,-0.028173038735985756,0.1761268824338913,0.7764144539833069,-0.009201951324939728,0.1618117392063141,0.7384973764419556,-0.014936079271137714,0.15363581478595734,0.7134087085723877,-0.019823912531137466,0.14637821912765503,0.6916061639785767,-0.023359425365924835,0.1685267835855484,0.7974621653556824,-0.011115255765616894,0.15160638093948364,0.7687398195266724,-0.018123406916856766,0.14049729704856873,0.7495550513267517,-0.023292701691389084,0.13110700249671936,0.7314373254776001,-0.0266511719673872,0.16564062237739563,0.8253647685050964,-0.014111408963799477,0.14684703946113586,0.8205716013908386,-0.021928466856479645,0.13409793376922607,0.816746175289154,-0.025530587881803513,0.12237554043531418,0.8113989233970642,-0.02733733505010605,4
0.2143682837486267,0.8645762205123901,2.3564953721688653e-07,0.22224822640419006,0.8239362835884094,-0.011154957115650177,0.22446393966674805,0.7797408699989319,-0.01673981547355652,0.22526301443576813,0.7442413568496704,-0.021610276773571968,0.22509358823299408,0.7160208225250244,-0.026252053678035736,0.18937376141548157,0.7624627351760864,-0.009163686074316502,0.18570207059383392,0.7178611755371094,-0.017187349498271942,0.18399715423583984,0.6880147457122803,-0.023864299058914185,0.1831129640340805,0.6631575226783752,-0.02834850549697876,0.17621400952339172,0.7753723859786987,-0.00932471826672554,0.16218090057373047,0.7371129393577576,-0.015058399178087711,0.15391018986701965,0.7121726870536804,-0.02005775086581707,0.14657706022262573,0.6906249523162842,-0.023730114102363586,0.1683766394853592,0.7963395118713379,-0.01112179271876812,0.15133115649223328,0.7674766182899475,-0.018119990825653076,0.14012277126312256,0.7484742999076843,-0.023455685004591942,0.13080596923828125,0.7306550741195679,-0.02698107808828354,0.16531004011631012,0.8241989016532898,-0.01397573109716177,0.14627303183078766,0.8199858069419861,-0.02180073969066143,0.13330933451652527,0.8165748119354248,-0.025556914508342743,0.12144337594509125,0.8113517761230469,-0.02751302532851696,4
0.21381065249443054,0.8632630109786987,2.3556557948722912e-07,0.2218233048915863,0.8233262300491333,-0.011611448600888252,0.2243891805410385,0.779315710067749,-0.017467927187681198,0.2252657413482666,0.7436212301254272,-0.022528834640979767,0.22473151981830597,0.7149953246116638,-0.027367232367396355,0.189031720161438,0.7614050507545471,-0.00977990310639143,0.1853436976671219,0.7172244191169739,-0.017925217747688293,0.18348823487758636,0.6878127455711365,-0.02462078630924225,0.18242110311985016,0.6633196473121643,-0.029108714312314987,0.17591917514801025,0.7742403149604797,-0.009804368950426579,0.1618185192346573,0.7362402081489563,-0.015663068741559982,0.15353962779045105,0.7115299701690674,-0.020674215629696846,0.1460757553577423,0.689974844455719,-0.02435224875807762,0.16809648275375366,0.7953190803527832,-0.011496513150632381,0.1512523591518402,0.7668458819389343,-0.018648400902748108,0.14003147184848785,0.7480522394180298,-0.024041183292865753,0.13049384951591492,0.7301216721534729,-0.027602527290582657,0.16488853096961975,0.823265790939331,-0.014275617897510529,0.1460854411125183,0.8189929723739624,-0.0222824327647686,0.13323913514614105,0.8158169984817505,-0.0261077880859375,0.12127677351236343,0.8106533885002136,-0.028103061020374298,4
0.21393544971942902,0.8636890053749084,2.3054258235788438e-07,0.22180651128292084,0.8235266208648682,-0.011221332475543022,0.22414694726467133,0.7799506783485413,-0.01692417822778225,0.22506147623062134,0.7448249459266663,-0.02191782183945179,0.2244596928358078,0.7169589996337891,-0.02666371501982212,0.18886663019657135,0.7619609832763672,-0.009488560259342194,0.18511906266212463,0.717642068862915,-0.01762278750538826,0.18325774371623993,0.6883136630058289,-0.02431027777493,0.18227769434452057,0.6642346382141113,-0.028763841837644577,0.17567947506904602,0.7745751142501831,-0.009682059288024902,0.16138096153736115,0.7363059520721436,-0.015533375553786755,0.15302206575870514,0.7115544676780701,-0.020518869161605835,0.1457710862159729,0.6905456781387329,-0.02411031536757946,0.16793178021907806,0.7955757975578308,-0.011490020900964737,0.1506703644990921,0.7667509913444519,-0.018476450815796852,0.1396239995956421,0.7476847171783447,-0.023744434118270874,0.13048480451107025,0.7296646237373352,-0.027198657393455505,0.1650347113609314,0.823652446269989,-0.014360482804477215,0.14638319611549377,0.8193310499191284,-0.02212553098797798,0.1335471272468567,0.8157671093940735,-0.02577519789338112,0.12188412994146347,0.8106673955917358,-0.027623118832707405,4
0.21352553367614746,0.8632477521896362,2.306736490709227e-07,0.22169071435928345,0.8232996463775635,-0.011602372862398624,0.22431130707263947,0.7797293663024902,-0.01770361140370369,0.22514182329177856,0.7442594766616821,-0.02305293269455433,0.22473400831222534,0.7157562375068665,-0.028213445097208023,0.18924567103385925,0.7619816660881042,-0.010390469804406166,0.18549002707004547,0.718019425868988,-0.018854709342122078,0.18357616662979126,0.6882871985435486,-0.025615790858864784,0.182588592171669,0.6637061834335327,-0.03012898750603199,0.17594894766807556,0.774398684501648,-0.010516619309782982,0.16181062161922455,0.7366071939468384,-0.016580693423748016,0.15339960157871246,0.7121850848197937,-0.021438172087073326,0.1457943618297577,0.6908243894577026,-0.02495964989066124,0.16808681190013885,0.7950593829154968,-0.012285822071135044,0.15099556744098663,0.765971302986145,-0.01960677094757557,0.13972492516040802,0.7471678256988525,-0.024883011355996132,0.1301804631948471,0.7294794321060181,-0.028350548818707466,0.16520535945892334,0.8228710889816284,-0.015135298483073711,0.14661648869514465,0.8188151121139526,-0.023320676758885384,0.1337595134973526,0.8156190514564514,-0.02716539241373539,0.12196266651153564,0.8110340237617493,-0.029144994914531708,4
0.2137855887413025,0.8626196384429932,2.274247492550785e-07,0.22190353274345398,0.8222689032554626,-0.011076383292675018,0.22428977489471436,0.7781203985214233,-0.016873512417078018,0.22484077513217926,0.742094099521637,-0.021974992007017136,0.22436262667179108,0.7134665846824646,-0.026880070567131042,0.18921780586242676,0.7603883743286133,-0.009776458144187927,0.1857544630765915,0.716257631778717,-0.01784234307706356,0.18385866284370422,0.6862496137619019,-0.024244816973805428,0.18289300799369812,0.661824107170105,-0.02849423512816429,0.1759558767080307,0.7728958129882812,-0.010067611001431942,0.16179914772510529,0.7350069284439087,-0.01589692011475563,0.15351462364196777,0.7104150652885437,-0.02043396793305874,0.14607557654380798,0.6892129182815552,-0.0236798245459795,0.16804401576519012,0.7934020757675171,-0.011976031586527824,0.1505451202392578,0.7646999359130859,-0.01919478178024292,0.13933596014976501,0.7454738616943359,-0.02426430955529213,0.13008904457092285,0.7278361916542053,-0.02750089205801487,0.16500014066696167,0.8207990527153015,-0.01492724847048521,0.1450871229171753,0.8166608810424805,-0.023227225989103317,0.13138651847839355,0.8130816221237183,-0.02717122994363308,0.11894824355840683,0.8080334663391113,-0.02912592887878418,4
0.2135792225599289,0.8619326949119568,2.2597902216148213e-07,0.22168998420238495,0.8223080635070801,-0.01119685173034668,0.22430351376533508,0.778699517250061,-0.017097383737564087,0.22514408826828003,0.7430609464645386,-0.022297309711575508,0.22478704154491425,0.7148725986480713,-0.027322931215167046,0.18963374197483063,0.7602560520172119,-0.010162312537431717,0.18601709604263306,0.7162878513336182,-0.018580123782157898,0.18418291211128235,0.6864849328994751,-0.025351539254188538,0.18320991098880768,0.6617870926856995,-0.02990773320198059,0.17636114358901978,0.7725560665130615,-0.010545553639531136,0.1619187891483307,0.7345730662345886,-0.016783788800239563,0.15351592004299164,0.7098726034164429,-0.021773751825094223,0.14603853225708008,0.6885898113250732,-0.0253992211073637,0.16848711669445038,0.7932960391044617,-0.01253249030560255,0.15097202360630035,0.764220118522644,-0.020132919773459435,0.13965532183647156,0.7450785636901855,-0.025510920211672783,0.1303226202726364,0.727457582950592,-0.028969475999474525,0.16543442010879517,0.8210653066635132,-0.01554969884455204,0.1456625759601593,0.8161965012550354,-0.024060862138867378,0.13206925988197327,0.8125249743461609,-0.028102468699216843,0.11967900395393372,0.8075621128082275,-0.030177459120750427,4
0.21407288312911987,0.863936722278595,2.322813230648535e-07,0.2217365801334381,0.8242399096488953,-0.011414052918553352,0.2240922451019287,0.780921459197998,-0.017117319628596306,0.22490164637565613,0.7452737092971802,-0.022072462365031242,0.22433026134967804,0.7173303961753845,-0.02675504796206951,0.18907159566879272,0.7619787454605103,-0.009247206151485443,0.18569500744342804,0.717607855796814,-0.017356134951114655,0.18382439017295837,0.6880742907524109,-0.024151649326086044,0.1827467381954193,0.663688600063324,-0.02873576246201992,0.17576700448989868,0.7744700312614441,-0.009359615854918957,0.16131803393363953,0.7363550066947937,-0.015280298888683319,0.1527702361345291,0.7117384672164917,-0.02048405632376671,0.14529941976070404,0.6906979084014893,-0.024212902411818504,0.1679634302854538,0.7954955101013184,-0.011093036271631718,0.15087440609931946,0.7664313912391663,-0.018254073336720467,0.13976982235908508,0.7476215362548828,-0.023664264008402824,0.13047519326210022,0.7300224900245667,-0.02716131880879402,0.16509613394737244,0.8234966993331909,-0.013887987472116947,0.14656111598014832,0.8192568421363831,-0.021807964891195297,0.13393765687942505,0.8159065246582031,-0.02548758126795292,0.12241795659065247,0.8112895488739014,-0.02729848213493824,4
0.2140553891658783,0.861677885055542,2.2622697315455298e-07,0.22162772715091705,0.8215903043746948,-0.011181442067027092,0.22399581968784332,0.7780269384384155,-0.01716245524585247,0.22437410056591034,0.7422156929969788,-0.02250286377966404,0.22325006127357483,0.7142676115036011,-0.027643226087093353,0.1892215460538864,0.7606359720230103,-0.009924477897584438,0.18543440103530884,0.7168906927108765,-0.01836405135691166,0.18346431851387024,0.6867395639419556,-0.025126978754997253,0.18240097165107727,0.6618685126304626,-0.02964332513511181,0.17615225911140442,0.7729028463363647,-0.010283969342708588,0.16164053976535797,0.7350535988807678,-0.016387373208999634,0.15327845513820648,0.710689902305603,-0.02113724872469902,0.14560988545417786,0.6893229484558105,-0.024583682417869568,0.1684536337852478,0.7930564880371094,-0.01229950599372387,0.1507616639137268,0.7643705010414124,-0.019745728000998497,0.139542818069458,0.7449185848236084,-0.024840576574206352,0.130227729678154,0.7270541191101074,-0.02810431644320488,0.1654689610004425,0.8201323747634888,-0.015390032902359962,0.14531926810741425,0.8150048851966858,-0.023773321881890297,0.13158518075942993,0.8110336661338806,-0.02772385999560356,0.11902866512537003,0.8056920170783997,-0.029742231592535973,4
0.7801109552383423,0.3044270873069763,1.7615663239212154e-07,0.8081174492835999,0.3384443521499634,-0.010197672061622143,0.8375699520111084,0.3533189296722412,-0.01359689049422741,0.858052134513855,0.36688730120658875,-0.01774740032851696,0.8712911009788513,0.38149207830429077,-0.021984633058309555,0.8420840501785278,0.2820805311203003,-0.0025192261673510075,0.8634042143821716,0.28172385692596436,-0.008767429739236832,0.8776316046714783,0.28292644023895264,-0.014550065621733665,0.889835774898529,0.28404057025909424,-0.018208226189017296,0.8339371681213379,0.24668674170970917,-0.00242261728271842,0.8527868390083313,0.22198359668254852,-0.005219952668994665,0.865200400352478,0.2054157853126526,-0.006594959180802107,0.8758634924888611,0.1908866912126541,-0.007877975702285767,0.8221997618675232,0.22019386291503906,-0.004621333442628384,0.8355379700660706,0.18773862719535828,-0.008801035583019257,0.8445761203765869,0.1702297329902649,-0.010029803030192852,0.853126049041748,0.15699699521064758,-0.010651522316038609,0.806157648563385,0.20061199367046356,-0.008469345979392529,0.809033215045929,0.16042280197143555,-0.013082999736070633,0.8124154806137085,0.13188818097114563,-0.01372821256518364,0.8158355951309204,0.10859967768192291,-0.013648733496665955,4
0.7810484170913696,0.307573527097702,2.1105593361880892e-07,0.8114458322525024,0.3427475392818451,-0.010296368971467018,0.8426915407180786,0.35656246542930603,-0.013361966237425804,0.8646243810653687,0.3697749078273773,-0.01740444265305996,0.8793917894363403,0.38251668214797974,-0.021255968138575554,0.848074197769165,0.28469815850257874,0.00044286303455010056,0.870185136795044,0.28496816754341125,-0.004968096036463976,0.8856717944145203,0.28622785210609436,-0.009602468460798264,0.8976423740386963,0.28877049684524536,-0.011912573128938675,0.8397247195243835,0.24910126626491547,0.0015026852488517761,0.8594174385070801,0.22537681460380554,0.0010702271247282624,0.8717631101608276,0.20828060805797577,0.0026018405333161354,0.8818544149398804,0.19347575306892395,0.003963950090110302,0.8279615044593811,0.22240716218948364,-0.00013202161062508821,0.8424949049949646,0.1899525374174118,-0.001909320242702961,0.8517506122589111,0.17306777834892273,7.086905679898337e-05,0.8597963452339172,0.16116660833358765,0.00200379709713161,0.8113868236541748,0.2016882598400116,-0.0037176397163420916,0.8145284056663513,0.16243603825569153,-0.006767963990569115,0.8183478116989136,0.1336384266614914,-0.00576598709449172,0.8217214941978455,0.11097629368305206,-0.0038921572268009186,4
0.7812372446060181,0.30718377232551575,2.0999254957132507e-07,0.8117844462394714,0.3414691686630249,-0.01106987800449133,0.8438463807106018,0.3553982973098755,-0.014837951399385929,0.865858256816864,0.3693983852863312,-0.019334642216563225,0.8813272714614868,0.38424819707870483,-0.02369617111980915,0.8496105074882507,0.2856791615486145,-0.002130152890458703,0.8726732730865479,0.28464165329933167,-0.008641771040856838,0.8882970213890076,0.2850811779499054,-0.01430574245750904,0.901353657245636,0.28665539622306824,-0.01748725213110447,0.8412149548530579,0.24882376194000244,-0.0012829129118472338,0.8621498942375183,0.22349494695663452,-0.0029182382859289646,0.8754574060440063,0.2071426808834076,-0.002569301053881645,0.8866341710090637,0.19366225600242615,-0.002211966784670949,0.8289490342140198,0.2216072380542755,-0.0030177647713571787,0.8441452980041504,0.1894495189189911,-0.005992677062749863,0.8541755080223083,0.17344355583190918,-0.004985900595784187,0.8630228638648987,0.16285933554172516,-0.0037747318856418133,0.8119880557060242,0.20181235671043396,-0.006676299963146448,0.8161864280700684,0.1621493101119995,-0.010583494789898396,0.8202196955680847,0.13402748107910156,-0.009952823631465435,0.8239108324050903,0.11211501061916351,-0.00847658608108759,4
0.7781609892845154,0.30428776144981384,2.3567827156512067e-07,0.8100293874740601,0.33843207359313965,-0.011633612215518951,0.8427785634994507,0.3518946170806885,-0.015276918187737465,0.8658214807510376,0.36544233560562134,-0.0195105392485857,0.8824539184570312,0.3789834976196289,-0.023671075701713562,0.8501613736152649,0.27892938256263733,-0.0021565514616668224,0.875680148601532,0.2792300581932068,-0.008429682813584805,0.893507719039917,0.2787363529205322,-0.014039655216038227,0.9078830480575562,0.2799605429172516,-0.017257649451494217,0.8407392501831055,0.24189233779907227,-0.0011170634534209967,0.8629981279373169,0.2176448106765747,-0.0020081743132323027,0.8768312335014343,0.20213329792022705,-0.0014359994092956185,0.8873580694198608,0.19023996591567993,-0.0009395444067195058,0.8269394040107727,0.2162735015153885,-0.002719625597819686,0.844206690788269,0.1853199303150177,-0.005466235335916281,0.8548415899276733,0.16900822520256042,-0.0045081498101353645,0.8635342717170715,0.15817949175834656,-0.003433871315792203,0.8084657788276672,0.19962184131145477,-0.0062799700535833836,0.8124502897262573,0.16060593724250793,-0.011028967797756195,0.8160032629966736,0.1323544979095459,-0.010859553702175617,0.8191397190093994,0.11044102907180786,-0.009487691335380077,4
0.7711114287376404,0.30736809968948364,2.56384083741068e-07,0.805590808391571,0.3378826975822449,-0.011237818747758865,0.8418476581573486,0.34837591648101807,-0.014331077225506306,0.8674709796905518,0.35910046100616455,-0.017942160367965698,0.8843992948532104,0.3725738525390625,-0.02129458263516426,0.8504157662391663,0.27012333273887634,-0.0007582977996207774,0.8785369992256165,0.2695264220237732,-0.0063042365945875645,0.8964766263961792,0.26893365383148193,-0.011401928029954433,0.9105724692344666,0.27007967233657837,-0.014227456413209438,0.8404499292373657,0.23383422195911407,9.029419743455946e-05,0.864861249923706,0.20767058432102203,-0.0003722560650203377,0.8793646097183228,0.19215863943099976,-0.00025168361025862396,0.8908736109733582,0.18024449050426483,9.198647035191243e-07,0.8261080980300903,0.2088957130908966,-0.001692375517450273,0.844489336013794,0.1769058108329773,-0.003965178970247507,0.8554897308349609,0.1603575050830841,-0.003751603187993169,0.864795446395874,0.14859528839588165,-0.0032003463711589575,0.8068974614143372,0.19288133084774017,-0.0053667547181248665,0.8100630640983582,0.15353240072727203,-0.009506582282483578,0.8132820725440979,0.12586070597171783,-0.009557868354022503,0.8164897561073303,0.10368035733699799,-0.008314954116940498,4
0.7667011618614197,0.3086461126804352,2.666508862603223e-07,0.8027798533439636,0.3369918465614319,-0.01189891342073679,0.840617835521698,0.34484320878982544,-0.015299485996365547,0.8671784996986389,0.35645273327827454,-0.019054576754570007,0.8856652975082397,0.37094664573669434,-0.022539818659424782,0.8507611751556396,0.2681311368942261,-0.0010981594678014517,0.8799921870231628,0.2663235366344452,-0.006784024648368359,0.8981136679649353,0.265884667634964,-0.012109164148569107,0.9126166105270386,0.26721417903900146,-0.015233105048537254,0.8407326340675354,0.2318706214427948,-0.00010482830839464441,0.8663318157196045,0.2049046754837036,-0.0007517929770983756,0.8814833164215088,0.18993298709392548,-0.0012053907848894596,0.8933622241020203,0.17922085523605347,-0.0015071533853188157,0.8256094455718994,0.20711907744407654,-0.001825655926950276,0.8452246785163879,0.1752290427684784,-0.004552452825009823,0.8566652536392212,0.15863831341266632,-0.0052666375413537025,0.8663871884346008,0.146540567278862,-0.005461495835334063,0.8054813146591187,0.1916772425174713,-0.005390223115682602,0.809268057346344,0.15259742736816406,-0.010236588306725025,0.8127967119216919,0.1251220405101776,-0.010947538539767265,0.8166119456291199,0.10259728133678436,-0.010241474956274033,4
0.7641811966896057,0.30642959475517273,2.775226164430933e-07,0.8003755807876587,0.33517318964004517,-0.011819500476121902,0.8383970856666565,0.34252095222473145,-0.01515752449631691,0.8655246496200562,0.35282576084136963,-0.018878715112805367,0.8838948607444763,0.36678385734558105,-0.022404246032238007,0.849335789680481,0.26671186089515686,-0.0013963928213343024,0.8792833685874939,0.26420924067497253,-0.007238781079649925,0.8981109857559204,0.2625904083251953,-0.012516120448708534,0.9132058620452881,0.2631462514400482,-0.015591824427247047,0.8390401601791382,0.23054583370685577,-0.0005412918399088085,0.8650478720664978,0.20306599140167236,-0.0013369211228564382,0.8807539343833923,0.18791639804840088,-0.001742725376971066,0.893232524394989,0.1771702766418457,-0.0019298209808766842,0.8234330415725708,0.2062985897064209,-0.0023997551761567593,0.8433039784431458,0.1743890643119812,-0.00555179500952363,0.8553386926651001,0.15816469490528107,-0.00631627906113863,0.8649696111679077,0.1470571756362915,-0.006411832291632891,0.8029917478561401,0.19152188301086426,-0.006064198445528746,0.8075315356254578,0.15182659029960632,-0.011498573236167431,0.8111537098884583,0.1236758828163147,-0.01239753607660532,0.8145065307617188,0.10059398412704468,-0.011695059016346931,4
0.7625335454940796,0.3037480413913727,2.8048310696249246e-07,0.7994195818901062,0.3318808674812317,-0.011632180772721767,0.837544858455658,0.33919012546539307,-0.014890648424625397,0.8645817637443542,0.34993690252304077,-0.018482353538274765,0.8829382061958313,0.36440539360046387,-0.02194496989250183,0.8469353914260864,0.2628968060016632,-0.0012266553239896894,0.876957356929779,0.2595295011997223,-0.006887183059006929,0.8959006071090698,0.2576923668384552,-0.012315330095589161,0.911413848400116,0.25818556547164917,-0.015699878334999084,0.8366879820823669,0.2267407327890396,-0.0005171092925593257,0.8627201318740845,0.1985854208469391,-0.001428038813173771,0.8783313035964966,0.18298856914043427,-0.0025826648343354464,0.890968382358551,0.17182865738868713,-0.0035426279064267874,0.8211278319358826,0.2022712677717209,-0.0024366204161196947,0.840728759765625,0.1700356900691986,-0.005461015272885561,0.852742075920105,0.15337935090065002,-0.0070392354391515255,0.8628585934638977,0.14162801206111908,-0.00800756923854351,0.8007292151451111,0.18732213973999023,-0.006109137088060379,0.8048937916755676,0.14767685532569885,-0.011181402020156384,0.8084695339202881,0.12000380456447601,-0.012346822768449783,0.8121303915977478,0.09711077809333801,-0.012173592112958431,4
0.7617214918136597,0.3044377863407135,2.840847628249321e-07,0.7984853982925415,0.3309515714645386,-0.011722221039235592,0.8362916111946106,0.33708202838897705,-0.01519700326025486,0.8636396527290344,0.3477874994277954,-0.018916046246886253,0.8822475075721741,0.3621874451637268,-0.02244669385254383,0.8468307852745056,0.26187512278556824,-0.001478101359680295,0.8766874074935913,0.2585069239139557,-0.007040395401418209,0.8955439925193787,0.2574712038040161,-0.012483268976211548,0.9107515811920166,0.25877150893211365,-0.01593604125082493,0.8364055156707764,0.22603650391101837,-0.0009076232090592384,0.8626084327697754,0.1971845030784607,-0.001857165596447885,0.8781614303588867,0.1818665862083435,-0.003199729835614562,0.8907885551452637,0.17114612460136414,-0.004380311816930771,0.8205617666244507,0.20179221034049988,-0.002959831617772579,0.8404552936553955,0.16956549882888794,-0.006256343796849251,0.8523894548416138,0.15241113305091858,-0.00831688567996025,0.8623559474945068,0.14017832279205322,-0.009662625379860401,0.7998610734939575,0.18666303157806396,-0.006717127747833729,0.8040966987609863,0.14685484766960144,-0.012164641171693802,0.8077530264854431,0.11897556483745575,-0.013740993104875088,0.811694860458374,0.09576047956943512,-0.01390575896948576,4
0.720860481262207,0.7884979248046875,2.5711634066283295e-07,0.7542654871940613,0.8382535576820374,-0.009116260334849358,0.7948365807533264,0.8548697233200073,-0.009822526015341282,0.8215692639350891,0.8652619123458862,-0.010896170511841774,0.8374725580215454,0.8864296674728394,-0.011654464527964592,0.8216860294342041,0.7706413269042969,0.003104407573118806,0.8530028462409973,0.7777069807052612,-0.0007072086445987225,0.8728371858596802,0.7838652729988098,-0.0060713100247085094,0.8877701163291931,0.7884279489517212,-0.010263250209391117,0.8162294626235962,0.7254910469055176,0.0018825693987309933,0.8508694767951965,0.7010341882705688,0.0009535814169794321,0.8707352876663208,0.6886467337608337,-0.0022642211988568306,0.8870291709899902,0.6777204871177673,-0.005072064697742462,0.803857147693634,0.6911395788192749,-0.0017868969589471817,0.8330127596855164,0.6570571064949036,-0.005872760433703661,0.8509267568588257,0.6399691104888916,-0.011403207667171955,0.8665668368339539,0.6259934902191162,-0.01538686454296112,0.784338116645813,0.664871335029602,-0.006738751195371151,0.7975915670394897,0.6175344586372375,-0.013138155452907085,0.8069912791252136,0.5872848033905029,-0.016713187098503113,0.8173353672027588,0.5608697533607483,-0.018769001588225365,4
0.7240172624588013,0.7829464077949524,2.6518384288465313e-07,0.758263885974884,0.8292422890663147,-0.010641525499522686,0.7985830307006836,0.8484194874763489,-0.013244572095572948,0.8260781168937683,0.8621418476104736,-0.016256919130682945,0.8438633680343628,0.882343053817749,-0.01893763244152069,0.8231710195541382,0.7627773284912109,0.0008294888539239764,0.8538965582847595,0.7694268226623535,-0.004244311712682247,0.8733540177345276,0.7746124863624573,-0.00992244016379118,0.8881073594093323,0.7788094282150269,-0.014011831022799015,0.8174322843551636,0.7183670997619629,-0.00028771316283382475,0.8516443371772766,0.6938047409057617,-0.002078823745250702,0.8708932399749756,0.6800739765167236,-0.0047960602678358555,0.8868474364280701,0.6682844758033752,-0.006982040591537952,0.8049135208129883,0.6849417090415955,-0.004033083561807871,0.8339506983757019,0.6505861878395081,-0.008944370783865452,0.8508683443069458,0.6328339576721191,-0.01333237811923027,0.8652973771095276,0.6190006136894226,-0.01619040034711361,0.7853901386260986,0.6601334810256958,-0.009257622063159943,0.7980390787124634,0.6112303733825684,-0.016158517450094223,0.8071792721748352,0.5795443654060364,-0.019019829109311104,0.8167503476142883,0.552236795425415,-0.020235395058989525,4
0.7235549688339233,0.7767207026481628,2.6577308176456427e-07,0.7588291168212891,0.823298454284668,-0.009000273421406746,0.7993226647377014,0.8381040692329407,-0.010125658474862576,0.8269530534744263,0.8504935503005981,-0.011948912404477596,0.8438483476638794,0.8717913031578064,-0.013552247546613216,0.8231271505355835,0.7527570724487305,0.0037247557193040848,0.8545523881912231,0.7578819394111633,-5.0931259465869516e-05,0.8743317127227783,0.7618865370750427,-0.005145333707332611,0.8892727494239807,0.7648267149925232,-0.009011699818074703,0.8170942068099976,0.7083219885826111,0.0022737698163837194,0.8511340022087097,0.68205726146698,0.0016628403682261705,0.8699758052825928,0.6675245761871338,-0.0009410078055225313,0.8856620192527771,0.6548811197280884,-0.0031681135296821594,0.8043492436408997,0.6744695901870728,-0.0016937789041548967,0.8330243825912476,0.6397222280502319,-0.0054835123009979725,0.8500881791114807,0.6214895248413086,-0.01005943026393652,0.8647494912147522,0.6069862246513367,-0.013242830522358418,0.7845878601074219,0.6489391922950745,-0.0070249889977276325,0.7964354753494263,0.6000749468803406,-0.012996228411793709,0.8051405549049377,0.5692262053489685,-0.015693826600909233,0.8145604133605957,0.5426700711250305,-0.016931960359215736,4
0.7242454290390015,0.7720129489898682,2.486540040536056e-07,0.7588698863983154,0.8185815215110779,-0.008377856574952602,0.7986952662467957,0.8332186341285706,-0.00906602293252945,0.8255703449249268,0.8430780172348022,-0.01049797236919403,0.842018187046051,0.861600399017334,-0.011691120453178883,0.822045624256134,0.7452788352966309,0.0037539037875831127,0.8532430529594421,0.7506670951843262,7.921489304862916e-05,0.8731099963188171,0.75426185131073,-0.004699651151895523,0.8879135847091675,0.7568577527999878,-0.008312815800309181,0.8157167434692383,0.7003887295722961,0.0021550776436924934,0.84943026304245,0.6733588576316833,0.0014081507688388228,0.8680591583251953,0.658499002456665,-0.0009500450687482953,0.8834148645401001,0.6456483006477356,-0.0029804266523569822,0.8027704358100891,0.6671141982078552,-0.0018652387661859393,0.8311734795570374,0.6311411261558533,-0.005891317967325449,0.8480789065361023,0.6133755445480347,-0.010387888178229332,0.8622821569442749,0.5991734862327576,-0.01349489577114582,0.7831531167030334,0.642966091632843,-0.007149567361921072,0.7947500944137573,0.5930081009864807,-0.013624517247080803,0.8033092617988586,0.5612698793411255,-0.01665646769106388,0.8123248815536499,0.533970832824707,-0.01809202879667282,4
0.7241168022155762,0.7706000208854675,2.433758368169947e-07,0.7587775588035583,0.8179394602775574,-0.008094890043139458,0.7994486093521118,0.8306102156639099,-0.007851742208003998,0.8268264532089233,0.8401490449905396,-0.008368030190467834,0.8430912494659424,0.8592506051063538,-0.008626148104667664,0.8224942088127136,0.7434787154197693,0.005588843487203121,0.8533269762992859,0.7479507327079773,0.002710729604586959,0.8729786276817322,0.7510572075843811,-0.0016593667678534985,0.8873407244682312,0.753413736820221,-0.005099098198115826,0.8159217238426208,0.6988894939422607,0.004094737581908703,0.8494007587432861,0.670892596244812,0.003810580587014556,0.868493914604187,0.656187891960144,0.0014762592036277056,0.8842146396636963,0.6432799696922302,-0.000512219441588968,0.802805483341217,0.6660922169685364,5.502774365595542e-05,0.8308355212211609,0.6291145086288452,-0.003959587775170803,0.847939133644104,0.6105778813362122,-0.009087429381906986,0.8624454140663147,0.5951216220855713,-0.012558868154883385,0.7831284999847412,0.642279863357544,-0.005211825016885996,0.7946746945381165,0.5926257371902466,-0.012046782299876213,0.8029454946517944,0.5607489347457886,-0.015816083177924156,0.8119797706604004,0.5328187942504883,-0.017796460539102554,4
0.7249315977096558,0.7722837328910828,2.3497406687056355e-07,0.7593117952346802,0.8190838694572449,-0.00720503693446517,0.7992861866950989,0.8311060667037964,-0.007020537741482258,0.8262017965316772,0.8398406505584717,-0.007771813310682774,0.8420369029045105,0.8587406873703003,-0.008339576423168182,0.8226121068000793,0.7438198924064636,0.005754680372774601,0.8530828356742859,0.7475578784942627,0.002681882819160819,0.8729904890060425,0.7504491806030273,-0.0016338510904461145,0.8875742554664612,0.7531493902206421,-0.004922619089484215,0.8159506320953369,0.6995759606361389,0.0037542013451457024,0.8496261835098267,0.6710678339004517,0.003413535887375474,0.868730902671814,0.6558551788330078,0.001615835470147431,0.8847392797470093,0.6423185467720032,0.00013887090608477592,0.8030943870544434,0.6669200658798218,-0.0007217576494440436,0.8312956094741821,0.6290108561515808,-0.0045983875170350075,0.8488288521766663,0.6099732518196106,-0.00902750063687563,0.8636382222175598,0.5942912101745605,-0.011960544623434544,0.7837320566177368,0.6430391669273376,-0.0063821119256317616,0.7951380610466003,0.5927271246910095,-0.012935261242091656,0.8038914799690247,0.5612627863883972,-0.01621052995324135,0.8132942914962769,0.5344176292419434,-0.01781490258872509,4
0.7265464663505554,0.7767902612686157,2.60956539932522e-07,0.7623521089553833,0.8213330507278442,-0.0075907837599515915,0.8025800585746765,0.8313307762145996,-0.007398623041808605,0.8297181725502014,0.8403720855712891,-0.008057644590735435,0.846424400806427,0.8585720062255859,-0.008373767137527466,0.825432300567627,0.7401235699653625,0.006762141361832619,0.8564208745956421,0.7442248463630676,0.004477085545659065,0.8764899969100952,0.7464038729667664,0.00041216195677407086,0.8907982707023621,0.7473076581954956,-0.0027569779194891453,0.81797194480896,0.697078287601471,0.00519136106595397,0.8510386347770691,0.6684004068374634,0.005713153164833784,0.8698241710662842,0.653274655342102,0.004050577525049448,0.8851090669631958,0.639456033706665,0.0026322281919419765,0.8045071363449097,0.6659093499183655,0.001073192455805838,0.8320772647857666,0.6278945803642273,-0.0020056860521435738,0.8486911654472351,0.6086288690567017,-0.006372349336743355,0.8625869750976562,0.5926336646080017,-0.009286626242101192,0.7848443388938904,0.6437090635299683,-0.004295669496059418,0.7952924370765686,0.5930613279342651,-0.010340147651731968,0.8032229542732239,0.5610631704330444,-0.013498148880898952,0.8117289543151855,0.5336005687713623,-0.01491845678538084,4
0.7321791648864746,0.7866811752319336,2.1868562782856316e-07,0.7690430879592896,0.8276948928833008,-0.006121844053268433,0.8096954226493835,0.8286383748054504,-0.004114328883588314,0.8361054062843323,0.826817512512207,-0.002952984068542719,0.8521309494972229,0.8424762487411499,-0.001649413607083261,0.8270845413208008,0.7369033098220825,0.0065123895183205605,0.8584656119346619,0.7328829765319824,0.0036348288413137197,0.8793575167655945,0.7313392162322998,-0.0008948001195676625,0.8945889472961426,0.7301846742630005,-0.004527798853814602,0.8174756765365601,0.6942290663719177,0.0046551646664738655,0.8488340377807617,0.6571789979934692,0.0041319839656353,0.8669058680534363,0.6374280452728271,0.001608683611266315,0.8811817169189453,0.6198230385780334,-0.0004763157048728317,0.802693784236908,0.665267825126648,0.000542889756616205,0.8276508450508118,0.6205863356590271,-0.003113624406978488,0.8434848785400391,0.5976660251617432,-0.008301694877445698,0.8570043444633484,0.5783505439758301,-0.011871886439621449,0.782379150390625,0.64747154712677,-0.00461291428655386,0.791147768497467,0.595144510269165,-0.011238784529268742,0.7975894808769226,0.562157154083252,-0.015199080109596252,0.804862916469574,0.5333313941955566,-0.017367782071232796,4
0.7385439276695251,0.8025149703025818,1.919287484497545e-07,0.7769287824630737,0.8385114669799805,-0.006011290941387415,0.8164322972297668,0.8330362439155579,-0.004380454774945974,0.8416923880577087,0.8247593641281128,-0.0037058303132653236,0.8589327335357666,0.8338209986686707,-0.0026768618263304234,0.8304694294929504,0.7368858456611633,0.007550936657935381,0.8598361611366272,0.7267199754714966,0.0057123093865811825,0.8780341148376465,0.7194551825523376,0.001948256860487163,0.8906164765357971,0.7123935222625732,-0.0012752676848322153,0.8187423944473267,0.6957777738571167,0.005441408604383469,0.8472027778625488,0.6524507403373718,0.005509202368557453,0.8629968166351318,0.6298069953918457,0.0031391039956361055,0.8754214644432068,0.6098652482032776,0.001066476572304964,0.8027341365814209,0.6693300604820251,0.0011219835141673684,0.8243810534477234,0.6196478605270386,-0.0019380799494683743,0.8377261161804199,0.59422767162323,-0.006840580143034458,0.8491644859313965,0.5728124976158142,-0.01037207618355751,0.7820150256156921,0.6554385423660278,-0.004240771755576134,0.7880859375,0.6011956930160522,-0.009766784496605396,0.7930269241333008,0.5676246881484985,-0.013051316142082214,0.7988796234130859,0.538495659828186,-0.014948477037250996,4
0.7446094751358032,0.8157413005828857,1.8489957653855527e-07,0.7839426398277283,0.8429629802703857,-0.007026087027043104,0.8254121541976929,0.8245420455932617,-0.004607429727911949,0.8504734039306641,0.8073095083236694,-0.0026621015276759863,0.8682213425636292,0.8108683228492737,-0.00022458088642451912,0.8316283226013184,0.7253178358078003,0.006947511341422796,0.8597449660301208,0.7058990001678467,0.005593390669673681,0.8783156275749207,0.6945415139198303,0.002005393384024501,0.8920056223869324,0.6854888200759888,-0.0013881956692785025,0.8174700140953064,0.6883570551872253,0.0053609455935657024,0.8423150777816772,0.6371850967407227,0.005384594667702913,0.8571407794952393,0.6100858449935913,0.0027100208681076765,0.8684338331222534,0.5867310166358948,0.000414026144426316,0.8002881407737732,0.6676163077354431,0.001485272659920156,0.8184204697608948,0.6121251583099365,-0.0019587641581892967,0.8300333023071289,0.5813930034637451,-0.007682007271796465,0.8403881192207336,0.5539743900299072,-0.011776923201978207,0.7792154550552368,0.6609638929367065,-0.0034802481532096863,0.7807599306106567,0.6049183011054993,-0.009696520864963531,0.7824042439460754,0.5698622465133667,-0.013976499438285828,0.7859365940093994,0.5374777913093567,-0.016629137098789215,4
0.7495468854904175,0.8204253911972046,1.8206198149073316e-07,0.7893895506858826,0.8407803773880005,-0.007770891301333904,0.8300942778587341,0.8175621032714844,-0.006458550691604614,0.8545508980751038,0.7962512969970703,-0.005381067283451557,0.8726546764373779,0.7963312268257141,-0.003934845793992281,0.831749439239502,0.7170030474662781,0.003150940639898181,0.8605386018753052,0.6915194988250732,0.00010697381367208436,0.8786522746086121,0.6745238304138184,-0.004182031843811274,0.8917761445045471,0.6600860953330994,-0.008079423569142818,0.8158694505691528,0.6825891733169556,0.0012624685186892748,0.8393512964248657,0.625543475151062,-0.0012937987921759486,0.8538322448730469,0.5938872694969177,-0.0053040203638374805,0.8641457557678223,0.5668644905090332,-0.008346017450094223,0.7977597713470459,0.6655263304710388,-0.002711250213906169,0.8136740326881409,0.6046476364135742,-0.008289587683975697,0.8244341015815735,0.5702860355377197,-0.015004093758761883,0.8338377475738525,0.539431631565094,-0.01953364908695221,0.7768745422363281,0.6640633344650269,-0.007669198792427778,0.7759993076324463,0.6062963008880615,-0.015673808753490448,0.7760511040687561,0.5694103240966797,-0.0208218302577734,0.7782032489776611,0.5349893569946289,-0.023897554725408554,4
0.7524974346160889,0.82541823387146,1.7290277298798173e-07,0.7928825616836548,0.8435004949569702,-0.008772728964686394,0.8331119418144226,0.8156014084815979,-0.007729649543762207,0.8563359379768372,0.7893742322921753,-0.006674950942397118,0.8744989633560181,0.786934494972229,-0.005341062787920237,0.8313421010971069,0.7114434838294983,0.0017031044699251652,0.8583460450172424,0.6817168593406677,-0.0021370823960751295,0.875985860824585,0.6623891592025757,-0.007021048571914434,0.888974666595459,0.6464705467224121,-0.011352652683854103,0.8139902949333191,0.6793808937072754,1.665993477217853e-05,0.8353376388549805,0.6180927753448486,-0.0032723157200962305,0.8486769795417786,0.5843368768692017,-0.00766944233328104,0.8584523797035217,0.5561264753341675,-0.010978763923048973,0.7950395941734314,0.6655654311180115,-0.003839777549728751,0.8092831969261169,0.6024156808853149,-0.010376564227044582,0.8191709518432617,0.5650503039360046,-0.017738986760377884,0.827971875667572,0.531593918800354,-0.022701321169734,0.7737959623336792,0.6676896214485168,-0.008722268044948578,0.7706503868103027,0.6107456088066101,-0.01779497042298317,0.7693319916725159,0.5731806755065918,-0.02372049167752266,0.7702898383140564,0.5377963781356812,-0.02736944891512394,4
0.7562181353569031,0.8320526480674744,1.7313841738086921e-07,0.7970964908599854,0.84627366065979,-0.007940893061459064,0.8349849581718445,0.8151007294654846,-0.006639433559030294,0.8570899367332458,0.7884203791618347,-0.005529558751732111,0.8742581009864807,0.7861050367355347,-0.004154557827860117,0.8304969668388367,0.7098998427391052,0.0023014105390757322,0.8564811944961548,0.677056610584259,-0.001439318060874939,0.8735218048095703,0.6559474468231201,-0.006188572384417057,0.8860830068588257,0.6391099095344543,-0.01042608916759491,0.8125557899475098,0.6792700290679932,0.00022696703672409058,0.8321499228477478,0.615558922290802,-0.0029933988116681576,0.8443808555603027,0.5802744030952454,-0.007120203226804733,0.8530732989311218,0.5515045523643494,-0.010157107375562191,0.7930928468704224,0.6669846773147583,-0.003948198165744543,0.8052166700363159,0.6014273762702942,-0.010327140800654888,0.8138077855110168,0.5632070899009705,-0.0174879003316164,0.8215340971946716,0.5294110774993896,-0.022276973351836205,0.7715716361999512,0.6711651682853699,-0.009106505662202835,0.7661347389221191,0.6146113872528076,-0.017985675483942032,0.7634236812591553,0.5775728225708008,-0.023772699758410454,0.7629895806312561,0.5428884029388428,-0.027308281511068344,4
0.7594187259674072,0.8335243463516235,1.8688724878757057e-07,0.7997501492500305,0.8435759544372559,-0.008425447158515453,0.836607813835144,0.8135208487510681,-0.008143974468111992,0.8582497835159302,0.7879894971847534,-0.008091446943581104,0.8747774958610535,0.7862356305122375,-0.00793028250336647,0.8297823071479797,0.7062574028968811,0.0007207323797047138,0.855909526348114,0.671042799949646,-0.0039060695562511683,0.872660756111145,0.6484172344207764,-0.009146388620138168,0.8849491477012634,0.6298215985298157,-0.013646865263581276,0.8107072710990906,0.6778610348701477,-0.001520808320492506,0.8285526037216187,0.6107734441757202,-0.005499416962265968,0.8397722840309143,0.5736091732978821,-0.010079742409288883,0.8477243185043335,0.5431288480758667,-0.013464102521538734,0.7908573746681213,0.6681577563285828,-0.005839207209646702,0.8002561926841736,0.6004379391670227,-0.012926909141242504,0.8075616955757141,0.5602196455001831,-0.020523682236671448,0.814168393611908,0.5246648192405701,-0.025570761412382126,0.76960688829422,0.6747037768363953,-0.011143151670694351,0.762316107749939,0.6176740527153015,-0.020824149250984192,0.7581874132156372,0.5800542235374451,-0.026987673714756966,0.7563707232475281,0.5447579622268677,-0.03072073869407177,4
0.7604875564575195,0.8324988484382629,2.1486563639427914e-07,0.801457405090332,0.8396254777908325,-0.010093964636325836,0.8373803496360779,0.808984100818634,-0.011539772152900696,0.8592491745948792,0.7838228940963745,-0.012998887337744236,0.8772026896476746,0.7805260419845581,-0.0144456522539258,0.8288224339485168,0.7013973593711853,-0.003828573040664196,0.8566554188728333,0.6639264225959778,-0.010252175852656364,0.8740900754928589,0.63941490650177,-0.016692889854311943,0.8864520788192749,0.6184086203575134,-0.021894168108701706,0.8084994554519653,0.6741933226585388,-0.005782104097306728,0.825370192527771,0.6054456233978271,-0.010651722550392151,0.8355090022087097,0.5666449666023254,-0.016047729179263115,0.8419883251190186,0.535089373588562,-0.020222406834363937,0.7874264121055603,0.6662341356277466,-0.00968253705650568,0.7958413362503052,0.5984104871749878,-0.017109273001551628,0.8017444014549255,0.556556224822998,-0.02498721517622471,0.8068156242370605,0.5200564861297607,-0.03046341799199581,0.7652857303619385,0.6754154562950134,-0.014680341817438602,0.7565845847129822,0.6202533841133118,-0.02452811971306801,0.7514169812202454,0.5836980938911438,-0.030527383089065552,0.74826580286026,0.5493612289428711,-0.03415921330451965,4
0.7599539160728455,0.8315002918243408,2.417126268028369e-07,0.8020161390304565,0.8369726538658142,-0.01150843407958746,0.8375855684280396,0.8032324910163879,-0.013805490918457508,0.8588342070579529,0.7738209962844849,-0.01579616405069828,0.8777859210968018,0.7687203884124756,-0.017881061881780624,0.8271365165710449,0.6981741189956665,-0.007788100279867649,0.8566499352455139,0.6568538546562195,-0.015270671807229519,0.8744068145751953,0.6271368265151978,-0.021989861503243446,0.8870910406112671,0.6014983057975769,-0.02750958316028118,0.8048109412193298,0.6721649765968323,-0.009395104832947254,0.8197243213653564,0.6016705632209778,-0.016119666397571564,0.8288078904151917,0.559832751750946,-0.022596651688218117,0.8342180848121643,0.5245712399482727,-0.02741970121860504,0.7824567556381226,0.6658721566200256,-0.012722116895020008,0.7890371680259705,0.5966442823410034,-0.02151234820485115,0.7935872077941895,0.5533287525177002,-0.029848743230104446,0.797035813331604,0.5148018002510071,-0.0355098657310009,0.7597844004631042,0.6771652698516846,-0.017143489792943,0.7490643262863159,0.62322598695755,-0.027825118973851204,0.7423240542411804,0.5879042148590088,-0.034011758863925934,0.7373430728912354,0.5541583299636841,-0.037589944899082184,4
0.7617669105529785,0.8260233402252197,2.484290178017545e-07,0.8035992383956909,0.8264203667640686,-0.011912373825907707,0.8386775255203247,0.7884832620620728,-0.014926789328455925,0.8604253530502319,0.7564666867256165,-0.017578912898898125,0.8792872428894043,0.7483782768249512,-0.020553559064865112,0.8248428702354431,0.6895741820335388,-0.010853784158825874,0.8535371422767639,0.6438878178596497,-0.018934668973088264,0.8710269927978516,0.6111714243888855,-0.025459907948970795,0.8834791779518127,0.5831242799758911,-0.03084591031074524,0.8018982410430908,0.6658544540405273,-0.012587993405759335,0.8135087490081787,0.5931006669998169,-0.01987433061003685,0.8211025595664978,0.5482866764068604,-0.026414617896080017,0.8252131938934326,0.5105562210083008,-0.03131262585520744,0.7796209454536438,0.6620736718177795,-0.015886088833212852,0.7825754880905151,0.5904743671417236,-0.024947093799710274,0.7855056524276733,0.544601559638977,-0.03367055952548981,0.7878649830818176,0.5042757987976074,-0.03983196243643761,0.7573844194412231,0.6760366559028625,-0.020256083458662033,0.7424324154853821,0.6243276000022888,-0.03114038147032261,0.7332343459129333,0.5902283191680908,-0.03779611736536026,0.7266085743904114,0.5584418177604675,-0.04185423627495766,4
0.760372519493103,0.817751407623291,2.416853419617837e-07,0.8027848601341248,0.81648850440979,-0.011959086172282696,0.8371960520744324,0.776226818561554,-0.015168346464633942,0.858741044998169,0.7416403889656067,-0.017956582829356194,0.8776320815086365,0.7319519519805908,-0.021203020587563515,0.8220646381378174,0.67912358045578,-0.01271035149693489,0.8502007126808167,0.6301617622375488,-0.021379098296165466,0.866600513458252,0.5946208834648132,-0.02788235992193222,0.8776220083236694,0.5646092295646667,-0.0331866480410099,0.79871666431427,0.6579105257987976,-0.014644470997154713,0.8086135387420654,0.582818865776062,-0.0225718691945076,0.8144441246986389,0.536281943321228,-0.02907111681997776,0.8169086575508118,0.49733301997184753,-0.033843521028757095,0.7763289213180542,0.6570473313331604,-0.01802867092192173,0.7772845029830933,0.5849441885948181,-0.027564875781536102,0.7783267498016357,0.5373111367225647,-0.03633680194616318,0.7790417671203613,0.4954895079135895,-0.042518503963947296,0.7540304064750671,0.6738634705543518,-0.0224443431943655,0.7375290989875793,0.6239455342292786,-0.03387432545423508,0.7272050380706787,0.5904093980789185,-0.04077211022377014,0.7195233702659607,0.5590600371360779,-0.044933170080184937,4
0.7601333856582642,0.8174840211868286,2.35479760135604e-07,0.8033286333084106,0.8146329522132874,-0.012378991581499577,0.8370648622512817,0.7726705074310303,-0.015840629115700722,0.8575097918510437,0.7367174029350281,-0.01884283870458603,0.8758522868156433,0.7238161563873291,-0.022244276478886604,0.8210805654525757,0.6739452481269836,-0.01299327053129673,0.848292887210846,0.6232030391693115,-0.02191600576043129,0.8640483021736145,0.5873379111289978,-0.028708158060908318,0.8748750686645508,0.5570729970932007,-0.034205902367830276,0.7969696521759033,0.6533643007278442,-0.014853055588901043,0.8052214980125427,0.5783023238182068,-0.022896798327565193,0.8104251027107239,0.5320301055908203,-0.029606161639094353,0.8127387166023254,0.49322187900543213,-0.03452599421143532,0.7742741703987122,0.6535847783088684,-0.01820117048919201,0.774021327495575,0.5814102292060852,-0.027879267930984497,0.7746242880821228,0.5344758033752441,-0.03661977872252464,0.7751688361167908,0.49287205934524536,-0.04277969151735306,0.7524877786636353,0.6722502112388611,-0.022628525272011757,0.7352538108825684,0.6238579750061035,-0.03422647342085838,0.7244031429290771,0.591445803642273,-0.04102814197540283,0.7161399126052856,0.560840904712677,-0.045051537454128265,4
0.7596192359924316,0.8183861970901489,2.2603319393965648e-07,0.8026027679443359,0.8159065246582031,-0.011570613831281662,0.83745938539505,0.77304607629776,-0.014414677396416664,0.859075665473938,0.7376538515090942,-0.016878845170140266,0.8779563903808594,0.7274606227874756,-0.019908439368009567,0.8213006854057312,0.6774143576622009,-0.013076173141598701,0.8487445712089539,0.62638258934021,-0.021618671715259552,0.8645132184028625,0.5905497670173645,-0.02780965343117714,0.8751640915870667,0.5603792667388916,-0.03289048373699188,0.797037661075592,0.6573309898376465,-0.0152650848031044,0.8057399988174438,0.5816898941993713,-0.02314598485827446,0.8110417723655701,0.5348188877105713,-0.029613370075821877,0.813139796257019,0.4952808618545532,-0.03439014405012131,0.7743601202964783,0.6576962471008301,-0.01879695989191532,0.7746034264564514,0.5857347249984741,-0.028245944529771805,0.775152325630188,0.5384393334388733,-0.03703267499804497,0.7753523588180542,0.49651819467544556,-0.04331154003739357,0.7525060772895813,0.6761342287063599,-0.02331794984638691,0.7355841994285583,0.6278926730155945,-0.034756120294332504,0.7245762944221497,0.5951696038246155,-0.041640836745500565,0.7161120176315308,0.5641578435897827,-0.04583527892827988,4
0.7600373029708862,0.8217606544494629,2.3382602876154124e-07,0.8042029738426208,0.8202642798423767,-0.012065297923982143,0.8388738632202148,0.7794482707977295,-0.015571439638733864,0.8602696061134338,0.744041383266449,-0.018598148599267006,0.8796384930610657,0.7327151298522949,-0.022174037992954254,0.8226378560066223,0.6819547414779663,-0.01380460150539875,0.85043865442276,0.6313431262969971,-0.022892652079463005,0.866340696811676,0.5952134132385254,-0.029500627890229225,0.8771708011627197,0.564614474773407,-0.03489396348595619,0.7986627817153931,0.6618976593017578,-0.01587468385696411,0.8075801134109497,0.5862300395965576,-0.024387739598751068,0.8129181861877441,0.5390864610671997,-0.03126203641295433,0.8152158260345459,0.4990542531013489,-0.03630218654870987,0.77595055103302,0.6623724102973938,-0.019297564402222633,0.7762471437454224,0.5899304151535034,-0.029407953843474388,0.7770378589630127,0.542388379573822,-0.03829573839902878,0.7777199149131775,0.5002440214157104,-0.04451647773385048,0.7540452480316162,0.6812000274658203,-0.023706624284386635,0.7371672987937927,0.6318080425262451,-0.035714611411094666,0.7264994382858276,0.5985243320465088,-0.04273165017366409,0.7186083197593689,0.5670273900032043,-0.046901289373636246,4
0.7597092390060425,0.8230617046356201,2.3699475093508227e-07,0.8035125136375427,0.8227432370185852,-0.012855910696089268,0.839054524898529,0.7812545895576477,-0.016449036076664925,0.8614234924316406,0.745777428150177,-0.01938984915614128,0.8810165524482727,0.7358642816543579,-0.02286481484770775,0.8233659267425537,0.6848757863044739,-0.014773000963032246,0.8516000509262085,0.6345573663711548,-0.02388770505785942,0.8680497407913208,0.598339855670929,-0.03042191080749035,0.8792631030082703,0.5678675174713135,-0.03576839715242386,0.7992944121360779,0.6633870005607605,-0.016538484022021294,0.8088257908821106,0.5871451497077942,-0.024956444278359413,0.8144997358322144,0.5397874712944031,-0.03173327073454857,0.8168627023696899,0.499777615070343,-0.036703649908304214,0.7765803337097168,0.66285640001297,-0.019688714295625687,0.7777122855186462,0.5907047390937805,-0.02969571389257908,0.7790759205818176,0.5429667234420776,-0.038721490651369095,0.7800339460372925,0.5005446672439575,-0.045128218829631805,0.7547101974487305,0.6809747815132141,-0.023906543850898743,0.7381161451339722,0.6320952773094177,-0.03592668101191521,0.7275680303573608,0.5989254117012024,-0.043078191578388214,0.7197088599205017,0.5674535632133484,-0.04740534722805023,4
0.761669397354126,0.8264182806015015,2.3364535195469216e-07,0.8049805164337158,0.8256974220275879,-0.012245398946106434,0.8404257297515869,0.7838267087936401,-0.015445597469806671,0.8624523878097534,0.7489020824432373,-0.018160492181777954,0.8815755844116211,0.7394724488258362,-0.021437784656882286,0.8247707486152649,0.6874706149101257,-0.01346245314925909,0.8529825806617737,0.6376681923866272,-0.02225460112094879,0.8695431351661682,0.6019118428230286,-0.02866179868578911,0.8809617161750793,0.5719726085662842,-0.033975642174482346,0.800786018371582,0.6665127277374268,-0.015494778752326965,0.8100327849388123,0.5906044244766235,-0.023749595507979393,0.815842866897583,0.5433771014213562,-0.030512966215610504,0.8184722661972046,0.5037037134170532,-0.03549228981137276,0.7782175540924072,0.6665496230125427,-0.018951093778014183,0.7792229056358337,0.5937850475311279,-0.02906539849936962,0.7805764675140381,0.5460518598556519,-0.038275737315416336,0.7815846800804138,0.5037835836410522,-0.04477798938751221,0.7564773559570312,0.6850208640098572,-0.02342298999428749,0.7398393750190735,0.6361507773399353,-0.03574119508266449,0.7292449474334717,0.6025557518005371,-0.04318656399846077,0.7213318943977356,0.5705252289772034,-0.04771137237548828,4
0.7612603902816772,0.8233161568641663,2.3381012681511493e-07,0.8049032092094421,0.821840763092041,-0.012161988765001297,0.8402151465415955,0.7788476347923279,-0.015220250934362411,0.8622632622718811,0.7438018321990967,-0.01782078854739666,0.8811671137809753,0.7331637144088745,-0.020956262946128845,0.8233200311660767,0.6825841665267944,-0.013307969085872173,0.8508837819099426,0.633259654045105,-0.022288203239440918,0.8671734929084778,0.5975765585899353,-0.02899307571351528,0.8784402012825012,0.5672455430030823,-0.034536853432655334,0.7996261715888977,0.6613225936889648,-0.015390245243906975,0.809017539024353,0.5855526924133301,-0.02368435636162758,0.8147178888320923,0.5385602116584778,-0.030615493655204773,0.8170940279960632,0.49862077832221985,-0.03577996790409088,0.7773576378822327,0.661423921585083,-0.018911225721240044,0.7780131101608276,0.5902048349380493,-0.028899969533085823,0.7791303396224976,0.5428006649017334,-0.03814913332462311,0.7798387408256531,0.5003674030303955,-0.04478117823600769,0.7557982802391052,0.6800267696380615,-0.023471470922231674,0.738879382610321,0.6316570043563843,-0.035505861043930054,0.728013277053833,0.5984388589859009,-0.042912114411592484,0.7199456691741943,0.5666993260383606,-0.04753555729985237,4
0.5316995978355408,0.8164515495300293,4.4035434143552266e-07,0.4596768319606781,0.7519427537918091,-0.028839735314249992,0.400781512260437,0.635749340057373,-0.0414913073182106,0.35640808939933777,0.5449115633964539,-0.05262870714068413,0.31447523832321167,0.49329543113708496,-0.06396662443876266,0.4705088138580322,0.4740900695323944,-0.01994294300675392,0.4473038911819458,0.34479302167892456,-0.03677726909518242,0.43402767181396484,0.2646748423576355,-0.05114924535155296,0.4245465397834778,0.1957494616508484,-0.0633789524435997,0.5225103497505188,0.46357452869415283,-0.024334948509931564,0.5262132883071899,0.3140678405761719,-0.039202556014060974,0.5284191370010376,0.2198544144630432,-0.05464799702167511,0.5309920907020569,0.14024236798286438,-0.06712077558040619,0.5679402351379395,0.48876091837882996,-0.033572688698768616,0.5935790538787842,0.35719767212867737,-0.05734211206436157,0.6092581748962402,0.2698647975921631,-0.07746844738721848,0.6213877201080322,0.1886637806892395,-0.09175970405340195,0.6068719625473022,0.5420966744422913,-0.044979386031627655,0.6529954075813293,0.4679148197174072,-0.07077783346176147,0.6834352016448975,0.41095995903015137,-0.08530192077159882,0.7089917659759521,0.3520910143852234,-0.09523892402648926,4
0.5325650572776794,0.8116133213043213,4.454922475360945e-07,0.46217218041419983,0.7489177584648132,-0.030505137518048286,0.40352487564086914,0.6337879300117493,-0.04412784427404404,0.35719844698905945,0.5429573059082031,-0.055800098925828934,0.31439149379730225,0.4905576705932617,-0.0674763172864914,0.4720079004764557,0.4696228504180908,-0.021540062502026558,0.4487105906009674,0.3406004309654236,-0.03868969529867172,0.43537187576293945,0.26137393712997437,-0.05321706458926201,0.4257550835609436,0.1929333209991455,-0.06559772044420242,0.523813784122467,0.45902004837989807,-0.025110619142651558,0.5270618796348572,0.3112031817436218,-0.04040474817156792,0.5293347835540771,0.21843719482421875,-0.055920228362083435,0.5318933725357056,0.1398143470287323,-0.06840153783559799,0.5692232251167297,0.4847913682460785,-0.03364934027194977,0.5940805077552795,0.3553601801395416,-0.05799407511949539,0.6099635362625122,0.26890450716018677,-0.07824967801570892,0.6224299669265747,0.18766295909881592,-0.09252797812223434,0.6082594394683838,0.5384993553161621,-0.04444112628698349,0.653538703918457,0.4650612771511078,-0.070746049284935,0.683758020401001,0.4093269407749176,-0.08550790697336197,0.7091054916381836,0.3511725664138794,-0.09555896371603012,4
0.5327094197273254,0.8135387301445007,4.333334686634771e-07,0.46106237173080444,0.7542340755462646,-0.031763359904289246,0.4011300206184387,0.6379035115242004,-0.04500582069158554,0.3551417887210846,0.5457212328910828,-0.05607720836997032,0.3126641511917114,0.4927206039428711,-0.06709687411785126,0.4699251353740692,0.47351372241973877,-0.02143806591629982,0.4462554454803467,0.34504687786102295,-0.03850449621677399,0.432648628950119,0.2655129134654999,-0.05301513150334358,0.4229176342487335,0.19622617959976196,-0.06547245383262634,0.5217397809028625,0.4619125425815582,-0.024312863126397133,0.5242306590080261,0.31479138135910034,-0.03963286802172661,0.5257554054260254,0.22121748328208923,-0.05530606582760811,0.5280169248580933,0.14149880409240723,-0.06801029294729233,0.566796600818634,0.48662838339805603,-0.03235026076436043,0.5911693572998047,0.3579478859901428,-0.05690927430987358,0.606005072593689,0.27102959156036377,-0.0772823840379715,0.6177613139152527,0.1890256404876709,-0.09166955947875977,0.6055793762207031,0.5391474366188049,-0.0428103543817997,0.6501691341400146,0.46570295095443726,-0.06954112648963928,0.6802006959915161,0.4092174768447876,-0.08468172699213028,0.7055357694625854,0.34960222244262695,-0.0950327217578888,4
0.5295200347900391,0.8143761157989502,4.3511525404937856e-07,0.458076149225235,0.7519104480743408,-0.028557654470205307,0.39929598569869995,0.6340349912643433,-0.04008638858795166,0.3549176752567291,0.5435025095939636,-0.04999634250998497,0.3134304881095886,0.4937598705291748,-0.06000363081693649,0.467648983001709,0.4720681309700012,-0.01819099299609661,0.44497179985046387,0.34369635581970215,-0.03399220108985901,0.431419312953949,0.2649420499801636,-0.04780392721295357,0.4212714731693268,0.19695433974266052,-0.059821631759405136,0.5190950036048889,0.460884690284729,-0.02237170934677124,0.5221384167671204,0.31324902176856995,-0.03649384528398514,0.52351975440979,0.2200290560722351,-0.05183875933289528,0.5253087282180786,0.14176413416862488,-0.06429901719093323,0.5639891624450684,0.48605814576148987,-0.03139765188097954,0.5892012715339661,0.3555315136909485,-0.0546795018017292,0.6041983366012573,0.26969844102859497,-0.07466284185647964,0.6156952381134033,0.18975472450256348,-0.08887597918510437,0.6023011207580566,0.5392628312110901,-0.042585138231515884,0.6474980115890503,0.4657108187675476,-0.06844020634889603,0.6775516271591187,0.4088454842567444,-0.08310642838478088,0.7028768658638,0.3497655987739563,-0.0930856242775917,4
0.5280298590660095,0.8152495622634888,4.4054860381947947e-07,0.455282598733902,0.755710244178772,-0.031164340674877167,0.3951769173145294,0.6384321451187134,-0.04380421340465546,0.3503001928329468,0.5453769564628601,-0.0542503260076046,0.30899643898010254,0.4905192255973816,-0.06451858580112457,0.46497419476509094,0.47338515520095825,-0.020257625728845596,0.44184231758117676,0.3451191186904907,-0.03654584288597107,0.4283808171749115,0.2660329341888428,-0.05060265213251114,0.418779581785202,0.19756406545639038,-0.06273946166038513,0.5169878602027893,0.4617666006088257,-0.023243363946676254,0.5196941494941711,0.3144840598106384,-0.037513069808483124,0.5214771628379822,0.2205268144607544,-0.052705395966768265,0.5241122841835022,0.14132794737815857,-0.06507141888141632,0.562170147895813,0.4864921271800995,-0.03137659281492233,0.5869961380958557,0.3573848009109497,-0.05498233810067177,0.6021696329116821,0.27102482318878174,-0.07500037550926208,0.614391028881073,0.1900089681148529,-0.08919963985681534,0.6010003685951233,0.5389153361320496,-0.041919879615306854,0.6457719802856445,0.46561893820762634,-0.06828798353672028,0.6759235262870789,0.40987852215766907,-0.0832563117146492,0.701545238494873,0.3515077829360962,-0.09337214380502701,4
0.526776134967804,0.817243218421936,4.3924632109337836e-07,0.45443710684776306,0.7562586069107056,-0.02986382506787777,0.3948705494403839,0.6400396823883057,-0.04239950329065323,0.3504733443260193,0.5491747856140137,-0.05305899307131767,0.3101256489753723,0.49561238288879395,-0.06376563757658005,0.46445029973983765,0.47495025396347046,-0.02047117054462433,0.44138941168785095,0.34671252965927124,-0.037209659814834595,0.4277504086494446,0.267560213804245,-0.05147252976894379,0.41775450110435486,0.19920402765274048,-0.06369840353727341,0.5162823796272278,0.46412375569343567,-0.0242232047021389,0.5187996029853821,0.3162022531032562,-0.039059482514858246,0.5204747319221497,0.22278574109077454,-0.05440399795770645,0.5228919386863708,0.14403700828552246,-0.066822350025177,0.5614583492279053,0.48954376578330994,-0.03296325355768204,0.5864028334617615,0.35951465368270874,-0.05682279169559479,0.6015647649765015,0.2729734182357788,-0.07696197926998138,0.613726019859314,0.19179478287696838,-0.09127985686063766,0.6003578305244446,0.5427818298339844,-0.043972499668598175,0.6455388069152832,0.4687654972076416,-0.07029959559440613,0.6758719682693481,0.411984920501709,-0.08531251549720764,0.701665997505188,0.3523862957954407,-0.09555217623710632,4
0.5277585983276367,0.8142911791801453,4.494618792705296e-07,0.4564632773399353,0.7539311647415161,-0.031221050769090652,0.3968932032585144,0.6375098824501038,-0.04506374150514603,0.3505873680114746,0.5456036329269409,-0.05681704729795456,0.3072945773601532,0.4935024678707123,-0.0686357319355011,0.46523505449295044,0.47283297777175903,-0.022310227155685425,0.44220808148384094,0.3444044589996338,-0.039932090789079666,0.4288095235824585,0.26518282294273376,-0.05476152151823044,0.4190704822540283,0.19635000824928284,-0.06736921519041061,0.5170729756355286,0.4618958830833435,-0.02570563741028309,0.5205543637275696,0.31422504782676697,-0.04150108993053436,0.5229963660240173,0.2212972342967987,-0.05718501657247543,0.5259047150611877,0.14160272479057312,-0.06977015733718872,0.5621255040168762,0.4872854948043823,-0.03415166586637497,0.587346076965332,0.357672780752182,-0.059031471610069275,0.6033832430839539,0.2713724374771118,-0.07939738780260086,0.6160661578178406,0.1899573802947998,-0.09371932595968246,0.6006853580474854,0.5403836369514465,-0.04492814838886261,0.6457204818725586,0.4668596088886261,-0.07193746417760849,0.67621910572052,0.4110828936100006,-0.08707097172737122,0.7019356489181519,0.3523888885974884,-0.09735078364610672,4
0.5278817415237427,0.8126680850982666,4.4198452542332234e-07,0.45655184984207153,0.7507372498512268,-0.02998909167945385,0.39737898111343384,0.6356621384620667,-0.04329949989914894,0.3522809147834778,0.5446580052375793,-0.054834507405757904,0.3095303177833557,0.4942108988761902,-0.06648936867713928,0.46600139141082764,0.4716944098472595,-0.020999399945139885,0.44327181577682495,0.34333521127700806,-0.03821052238345146,0.42967161536216736,0.26428747177124023,-0.05284858122467995,0.41962915658950806,0.19577717781066895,-0.06536930054426193,0.5175307989120483,0.4604488015174866,-0.02506430260837078,0.5205474495887756,0.3130002021789551,-0.04061059281229973,0.522363007068634,0.21952518820762634,-0.05652856081724167,0.5248394012451172,0.13963839411735535,-0.06935638189315796,0.5624421238899231,0.4855611026287079,-0.0340484157204628,0.5882093906402588,0.3561033308506012,-0.05859815329313278,0.603889524936676,0.2701413035392761,-0.07888416945934296,0.6161705255508423,0.1895199716091156,-0.09321331232786179,0.6008984446525574,0.5386837124824524,-0.04528786987066269,0.6464049816131592,0.46552416682243347,-0.07200106978416443,0.6766849160194397,0.4091365337371826,-0.08692264556884766,0.7022184133529663,0.3502315282821655,-0.09704283624887466,4
0.5286630988121033,0.8143889307975769,4.383113036965369e-07,0.45597562193870544,0.7545296549797058,-0.030826987698674202,0.39624497294425964,0.6366945505142212,-0.04364330321550369,0.3512096405029297,0.5441856980323792,-0.054436370730400085,0.3091103434562683,0.4922512471675873,-0.06527511775493622,0.46558335423469543,0.4745256006717682,-0.020963042974472046,0.4426237642765045,0.34622061252593994,-0.03801713511347771,0.42917385697364807,0.2669640779495239,-0.05260099098086357,0.419450968503952,0.19813942909240723,-0.06511864066123962,0.5173994898796082,0.46283408999443054,-0.02440154179930687,0.5202057361602783,0.31564295291900635,-0.03975662216544151,0.5221970677375793,0.22175836563110352,-0.05568623170256615,0.5251014828681946,0.14187762141227722,-0.06854043900966644,0.5624634623527527,0.48753663897514343,-0.03287437558174133,0.5881389379501343,0.3584217429161072,-0.05751023441553116,0.6040690541267395,0.27255961298942566,-0.07802613824605942,0.616844892501831,0.19209912419319153,-0.09247489273548126,0.6011440753936768,0.5401415824890137,-0.04367397353053093,0.6462507247924805,0.467439740896225,-0.07078951597213745,0.6769005060195923,0.41251182556152344,-0.08601511269807816,0.7029587030410767,0.3548595607280731,-0.09629043936729431,4
0.5292726755142212,0.8171848058700562,4.3835339624820335e-07,0.4569670557975769,0.7541227340698242,-0.030426088720560074,0.397121787071228,0.6377314925193787,-0.043525394052267075,0.35195159912109375,0.5463476777076721,-0.05477520078420639,0.3107196092605591,0.4936233460903168,-0.06611292064189911,0.46815383434295654,0.4773275554180145,-0.021106014028191566,0.44548770785331726,0.34889525175094604,-0.03833343833684921,0.43206459283828735,0.26917552947998047,-0.052992913872003555,0.42232832312583923,0.19978758692741394,-0.06551580131053925,0.5200149416923523,0.4663587808609009,-0.02488325908780098,0.5237075686454773,0.3192252516746521,-0.04047072306275368,0.5257313847541809,0.22518905997276306,-0.05646723881363869,0.528398871421814,0.1443628966808319,-0.06934056431055069,0.5649136304855347,0.4914575517177582,-0.03363421559333801,0.5912556052207947,0.36260437965393066,-0.05824454873800278,0.607128381729126,0.2762417793273926,-0.07869622111320496,0.6195738315582275,0.19506311416625977,-0.0931091234087944,0.603201687335968,0.544556200504303,-0.04469634220004082,0.6492794156074524,0.4728664755821228,-0.07160936295986176,0.6802091598510742,0.41684237122535706,-0.08675038069486618,0.7064661979675293,0.3580935597419739,-0.09698568284511566,4
0.5315769910812378,0.81658536195755,4.361221783710789e-07,0.45990175008773804,0.7534832954406738,-0.029351091012358665,0.40056005120277405,0.6381576657295227,-0.04184633120894432,0.3565725088119507,0.5461127161979675,-0.05260804295539856,0.31758320331573486,0.4908299148082733,-0.06337321549654007,0.46948981285095215,0.477460652589798,-0.02085791528224945,0.4469073712825775,0.34825003147125244,-0.03802606090903282,0.43350061774253845,0.26912766695022583,-0.05244642496109009,0.4238230288028717,0.20034578442573547,-0.06473643332719803,0.5212617516517639,0.4663330614566803,-0.02494925446808338,0.524672269821167,0.31795164942741394,-0.04051113501191139,0.5267230272293091,0.22402721643447876,-0.056387078016996384,0.529414713382721,0.14449092745780945,-0.06913148611783981,0.5662128925323486,0.491152286529541,-0.033867791295051575,0.5922594666481018,0.36040788888931274,-0.058340709656476974,0.6081762313842773,0.27456626296043396,-0.07861495763063431,0.6206157803535461,0.19454270601272583,-0.0928763747215271,0.6047838926315308,0.544001579284668,-0.044964853674173355,0.6506724953651428,0.47132566571235657,-0.07180952280759811,0.681139349937439,0.4150209128856659,-0.08691379427909851,0.7068721055984497,0.35641807317733765,-0.09705423563718796,4
0.5312725305557251,0.8120152950286865,4.3558131324061833e-07,0.46038609743118286,0.7520660161972046,-0.03033876046538353,0.40135902166366577,0.6365651488304138,-0.043081991374492645,0.35809627175331116,0.5443693995475769,-0.05372229218482971,0.3198279142379761,0.48988986015319824,-0.0643434002995491,0.47032010555267334,0.47431954741477966,-0.022548804059624672,0.4473217725753784,0.3451220989227295,-0.040054842829704285,0.43390023708343506,0.26640793681144714,-0.05457470566034317,0.42433589696884155,0.19734624028205872,-0.06691891700029373,0.5223160982131958,0.46338802576065063,-0.02618132159113884,0.5251721143722534,0.31614238023757935,-0.042258184403181076,0.5271971821784973,0.22193536162376404,-0.0584738589823246,0.5300734639167786,0.14144933223724365,-0.07142944633960724,0.5671527981758118,0.4884117543697357,-0.03464662656188011,0.5931366682052612,0.3595734238624573,-0.059849731624126434,0.6092110276222229,0.2733568847179413,-0.08068261295557022,0.6219438314437866,0.19201934337615967,-0.09520863741636276,0.6055216789245605,0.5408306121826172,-0.045287471264600754,0.6508377194404602,0.46739211678504944,-0.0727328211069107,0.6813890337944031,0.41160744428634644,-0.08815275877714157,0.7070755958557129,0.35267481207847595,-0.09848971664905548,4
0.5319706797599792,0.8149803876876831,4.365577979115187e-07,0.46088317036628723,0.7546924948692322,-0.030710715800523758,0.40130531787872314,0.6401053071022034,-0.043535538017749786,0.35754328966140747,0.5483296513557434,-0.05426069721579552,0.3191254734992981,0.4918178915977478,-0.06485851854085922,0.46996432542800903,0.4760664403438568,-0.02213181182742119,0.44724875688552856,0.346324622631073,-0.03943290933966637,0.4339706003665924,0.266893208026886,-0.05386805534362793,0.424363911151886,0.19778978824615479,-0.06610318273305893,0.5219165086746216,0.46527838706970215,-0.02546144835650921,0.5250709652900696,0.3175060749053955,-0.04119274392724037,0.5272862315177917,0.22334715723991394,-0.0571976974606514,0.5301151871681213,0.143079936504364,-0.07000073045492172,0.5669301748275757,0.4903430640697479,-0.033731766045093536,0.5928087830543518,0.3609033524990082,-0.05857270210981369,0.6088868379592896,0.27452418208122253,-0.0792512521147728,0.6215202212333679,0.19365817308425903,-0.0936662033200264,0.605731189250946,0.5428282618522644,-0.04424942284822464,0.6511563062667847,0.4689341187477112,-0.07137604802846909,0.6814766526222229,0.4127928912639618,-0.08670421689748764,0.7070167064666748,0.3544105887413025,-0.09694565832614899,4
0.5343575477600098,0.8131331205368042,4.3558262063925213e-07,0.46262380480766296,0.751926600933075,-0.029745906591415405,0.4036238491535187,0.637566864490509,-0.04233727231621742,0.3604983687400818,0.5459074378013611,-0.05308949574828148,0.32191038131713867,0.4925447702407837,-0.06387034803628922,0.4715058207511902,0.47590214014053345,-0.02107900381088257,0.44838953018188477,0.3469589948654175,-0.03819018974900246,0.4349030554294586,0.26781022548675537,-0.05257868766784668,0.4252503514289856,0.19856852293014526,-0.06487202644348145,0.5230817794799805,0.463736891746521,-0.024971600621938705,0.5260580778121948,0.3161831796169281,-0.04056891053915024,0.5279815196990967,0.22243663668632507,-0.05657335743308067,0.5307177305221558,0.14230531454086304,-0.0693945363163948,0.5677594542503357,0.48764294385910034,-0.03370312601327896,0.5939932465553284,0.35776466131210327,-0.05835608020424843,0.6102026700973511,0.2721640169620514,-0.07892324030399323,0.6229100227355957,0.19190660119056702,-0.09335790574550629,0.6060253381729126,0.5395023822784424,-0.04462827742099762,0.6514831185340881,0.46711277961730957,-0.07162928581237793,0.6819450259208679,0.4115559160709381,-0.08685280382633209,0.7076308727264404,0.3532654345035553,-0.09709420055150986,4
0.5332722663879395,0.8064746260643005,4.385824752262124e-07,0.4622752368450165,0.7457174062728882,-0.028988797217607498,0.4036114811897278,0.630233108997345,-0.041036561131477356,0.36042487621307373,0.5405842661857605,-0.0512113943696022,0.3219788670539856,0.4913242757320404,-0.06160872057080269,0.47240757942199707,0.47075411677360535,-0.02150541916489601,0.448952317237854,0.3426608443260193,-0.03859180212020874,0.43526726961135864,0.26441699266433716,-0.05296021327376366,0.4253402650356293,0.19594928622245789,-0.06522189825773239,0.5239485502243042,0.4588123857975006,-0.02558908984065056,0.5268442630767822,0.3116680383682251,-0.04126449674367905,0.528619647026062,0.2177656590938568,-0.05731698125600815,0.5312469005584717,0.13799747824668884,-0.07010383903980255,0.5684600472450256,0.48285403847694397,-0.034366343170404434,0.5946276783943176,0.35302460193634033,-0.05889191851019859,0.6107277274131775,0.26779651641845703,-0.0796656534075737,0.6235663890838623,0.1875794231891632,-0.09422212839126587,0.6064049005508423,0.5345640182495117,-0.04522067680954933,0.6515957117080688,0.46170079708099365,-0.07190314680337906,0.6818700432777405,0.4065326750278473,-0.08714041113853455,0.7073192596435547,0.34802576899528503,-0.09746994078159332,4
0.5342852473258972,0.8029874563217163,4.438569192188879e-07,0.4638488292694092,0.7423079609870911,-0.02969062142074108,0.4054996371269226,0.629295825958252,-0.04269717261195183,0.36266082525253296,0.5391835570335388,-0.053684379905462265,0.32364290952682495,0.48681116104125977,-0.06476182490587234,0.4730490744113922,0.4673604965209961,-0.022973988205194473,0.44972097873687744,0.3387582302093506,-0.04059460014104843,0.43640679121017456,0.25994324684143066,-0.055282317101955414,0.4271324574947357,0.19064193964004517,-0.0677165538072586,0.5245634913444519,0.455559104681015,-0.026856679469347,0.5274041891098022,0.30775487422943115,-0.04273057356476784,0.5297125577926636,0.21406111121177673,-0.05867347866296768,0.53275066614151,0.1345192790031433,-0.07142463326454163,0.5692652463912964,0.47985145449638367,-0.035455767065286636,0.5947729349136353,0.3514630198478699,-0.059937648475170135,0.6110003590583801,0.26581937074661255,-0.0804162323474884,0.6239038109779358,0.18576064705848694,-0.09482021629810333,0.6074667572975159,0.5315702557563782,-0.04621893912553787,0.6520292162895203,0.45818468928337097,-0.07261639833450317,0.681850790977478,0.40286490321159363,-0.0875706672668457,0.7069367170333862,0.34484755992889404,-0.09772847592830658,4
0.5333568453788757,0.8013665676116943,4.4288083245191956e-07,0.46314921975135803,0.743065595626831,-0.029748987406492233,0.40446963906288147,0.6302395462989807,-0.04239806532859802,0.3622058629989624,0.5398772954940796,-0.05286351963877678,0.3249545991420746,0.4860318601131439,-0.06328947842121124,0.4712710976600647,0.46458694338798523,-0.02271544560790062,0.4490508437156677,0.3354872465133667,-0.03966236859560013,0.43593913316726685,0.25691813230514526,-0.05387842655181885,0.4264274537563324,0.18821117281913757,-0.06601747125387192,0.5225705504417419,0.45355701446533203,-0.02637372352182865,0.5255528092384338,0.3056069612503052,-0.04166725277900696,0.5280226469039917,0.2117525041103363,-0.05733892321586609,0.531015157699585,0.1321583390235901,-0.06990386545658112,0.5670667290687561,0.478584885597229,-0.03475712239742279,0.592461884021759,0.34988903999328613,-0.0589708648622036,0.6090362071990967,0.2632827162742615,-0.07971804589033127,0.622225284576416,0.1823500394821167,-0.0942864865064621,0.6053037643432617,0.5304406881332397,-0.045255597680807114,0.6495934724807739,0.45527827739715576,-0.07176794111728668,0.6794619560241699,0.3993682861328125,-0.08698008209466934,0.7045820951461792,0.34139296412467957,-0.09725359082221985,4
0.5336019992828369,0.7994046211242676,4.4287193645686784e-07,0.4627651572227478,0.7402212619781494,-0.028830327093601227,0.4033365845680237,0.6289942860603333,-0.04144644737243652,0.3607356548309326,0.5401008129119873,-0.05218682065606117,0.32362645864486694,0.4854868948459625,-0.06293193995952606,0.47026538848876953,0.4645490050315857,-0.0223079901188612,0.4467892348766327,0.3360205292701721,-0.03973403573036194,0.4331333637237549,0.2579426169395447,-0.05432736873626709,0.4233243763446808,0.1893097162246704,-0.06661845743656158,0.5213295221328735,0.45248305797576904,-0.026504570618271828,0.5236819982528687,0.3046790361404419,-0.04224645346403122,0.5258808732032776,0.2106797993183136,-0.05820079520344734,0.5287429094314575,0.13060936331748962,-0.07091259956359863,0.5657150745391846,0.47627687454223633,-0.03534574434161186,0.5905438661575317,0.34696775674819946,-0.0595855638384819,0.6067774891853333,0.2613598108291626,-0.08007234334945679,0.6196160316467285,0.18153682351112366,-0.09445852786302567,0.6038364768028259,0.527437686920166,-0.046279534697532654,0.6478769779205322,0.45266255736351013,-0.07271691411733627,0.6773502230644226,0.3965304493904114,-0.08769754320383072,0.7020972371101379,0.3384662866592407,-0.09774318337440491,4
0.5319837927818298,0.8002582788467407,4.4411822841539106e-07,0.4608619809150696,0.7407886981964111,-0.029090525582432747,0.4022377133369446,0.6260629892349243,-0.04159923642873764,0.3588915467262268,0.5358513593673706,-0.05229374021291733,0.31820258498191833,0.4861190915107727,-0.06320443749427795,0.47002261877059937,0.4650872051715851,-0.02169848419725895,0.44665518403053284,0.3368018865585327,-0.03891730681061745,0.4329407215118408,0.2581000328063965,-0.05342881381511688,0.42332032322883606,0.18907630443572998,-0.06579465419054031,0.5212922096252441,0.4532845616340637,-0.025946255773305893,0.5236503481864929,0.30576586723327637,-0.041650790721178055,0.5252798199653625,0.21141740679740906,-0.05785705894231796,0.5277838110923767,0.13077840209007263,-0.07081826031208038,0.5658625960350037,0.4773241877555847,-0.03484246879816055,0.5910477042198181,0.3478013277053833,-0.05931603163480759,0.6068688631057739,0.2617461681365967,-0.08003377169370651,0.6193960309028625,0.18154913187026978,-0.09459362179040909,0.6038429737091064,0.5287591218948364,-0.04583478718996048,0.6481317281723022,0.4538683593273163,-0.0723954364657402,0.6780674457550049,0.3976552188396454,-0.08741097897291183,0.7032120227813721,0.3394407629966736,-0.09757240116596222,4
0.5320612192153931,0.8032944202423096,4.3827944296026544e-07,0.4618997573852539,0.7445197701454163,-0.029659105464816093,0.4034016728401184,0.6298140287399292,-0.0419728085398674,0.36012697219848633,0.5385931730270386,-0.052305784076452255,0.3205639719963074,0.4868079423904419,-0.06268563121557236,0.46979501843452454,0.4656895101070404,-0.021249352023005486,0.4460129141807556,0.336605966091156,-0.03803706541657448,0.43238896131515503,0.2576713562011719,-0.05226677656173706,0.42290329933166504,0.18884411454200745,-0.06441786885261536,0.521361768245697,0.4534394443035126,-0.02495442144572735,0.5233749151229858,0.3052549362182617,-0.039985690265893936,0.5253813862800598,0.211043119430542,-0.05566907674074173,0.5283494591712952,0.13189056515693665,-0.06830251216888428,0.5661777853965759,0.477361261844635,-0.03345748037099838,0.5911214351654053,0.3479600250720978,-0.057332366704940796,0.6068864464759827,0.2625851631164551,-0.07770932465791702,0.6194658279418945,0.18322423100471497,-0.09210466593503952,0.6045598983764648,0.5285776853561401,-0.04417482018470764,0.6485040187835693,0.4539119005203247,-0.07034708559513092,0.6782863140106201,0.39812278747558594,-0.08529102802276611,0.7034358978271484,0.34008848667144775,-0.09544626623392105,4
0.5327848792076111,0.8021129369735718,4.4499094542516104e-07,0.4621746838092804,0.7435027956962585,-0.029755214229226112,0.403377503156662,0.6291310787200928,-0.04241059720516205,0.3601206839084625,0.5382804870605469,-0.05308912321925163,0.3203887939453125,0.48645010590553284,-0.06383641064167023,0.47048547863960266,0.4651082754135132,-0.02182029001414776,0.4471029043197632,0.3363248109817505,-0.03903038427233696,0.43345463275909424,0.25776082277297974,-0.05353570356965065,0.4236965477466583,0.18926653265953064,-0.06585372984409332,0.5217403173446655,0.4534185528755188,-0.025600144639611244,0.5240193009376526,0.30565106868743896,-0.041273489594459534,0.5257958769798279,0.2117035984992981,-0.05726417154073715,0.528518557548523,0.13201117515563965,-0.06998266279697418,0.566352128982544,0.47737687826156616,-0.0341624915599823,0.5911857485771179,0.347359299659729,-0.05854865536093712,0.6069614887237549,0.2620733976364136,-0.07907750457525253,0.6196525692939758,0.18267753720283508,-0.09348196536302567,0.6047025918960571,0.5284708738327026,-0.044911447912454605,0.648568868637085,0.453846275806427,-0.0715203508734703,0.6783676743507385,0.3984018564224243,-0.08659898489713669,0.7036504745483398,0.34077006578445435,-0.09674783796072006,4
0.5335105657577515,0.8021762371063232,4.4046481662007864e-07,0.4633280038833618,0.742882251739502,-0.029716163873672485,0.403893381357193,0.6299760937690735,-0.042476579546928406,0.3608892560005188,0.5397688150405884,-0.053211431950330734,0.32314854860305786,0.48527756333351135,-0.06396433711051941,0.4713975489139557,0.46565496921539307,-0.02276044338941574,0.4484338164329529,0.336847186088562,-0.040386807173490524,0.4347318410873413,0.2587103247642517,-0.05512259155511856,0.42470526695251465,0.1900573968887329,-0.06753520667552948,0.5228302478790283,0.4542231559753418,-0.026625655591487885,0.5252482295036316,0.30705010890960693,-0.04272347688674927,0.5270333290100098,0.21324294805526733,-0.05893465131521225,0.5297072529792786,0.13326790928840637,-0.07182048261165619,0.5675156712532043,0.47837933897972107,-0.03523658961057663,0.5930688977241516,0.3498487174510956,-0.05996830388903618,0.6088998913764954,0.2642796039581299,-0.08070924133062363,0.6215059161186218,0.18425431847572327,-0.09521738439798355,0.6057543158531189,0.52962327003479,-0.04600175470113754,0.6501080393791199,0.4551820456981659,-0.07288087904453278,0.6800150871276855,0.4000062644481659,-0.08809129148721695,0.7052977085113525,0.3425305485725403,-0.0982837826013565,4
0.5337227582931519,0.8035356402397156,4.3988021047880466e-07,0.4641103446483612,0.7446632385253906,-0.02990948036313057,0.4058324098587036,0.6314651966094971,-0.042664751410484314,0.36320096254348755,0.539985716342926,-0.05330559238791466,0.3251121938228607,0.4854639768600464,-0.06388665735721588,0.47287869453430176,0.46630650758743286,-0.021974066272377968,0.44980543851852417,0.33700644969940186,-0.03904193639755249,0.4366123676300049,0.2581491470336914,-0.053474750369787216,0.42734652757644653,0.1895209550857544,-0.06567557901144028,0.5244641900062561,0.45474502444267273,-0.025495700538158417,0.5273301601409912,0.30683064460754395,-0.040851566940546036,0.5295703411102295,0.21348068118095398,-0.05666667968034744,0.5324774384498596,0.1346578299999237,-0.06925522536039352,0.5691755414009094,0.4791697859764099,-0.03379378095269203,0.595192551612854,0.3498682975769043,-0.057956233620643616,0.6116296052932739,0.264960378408432,-0.07836189866065979,0.6246832609176636,0.1860927939414978,-0.09261321276426315,0.6072564721107483,0.5310145020484924,-0.04427018761634827,0.6517199277877808,0.4568023085594177,-0.07074141502380371,0.6816672086715698,0.4019033908843994,-0.0856938511133194,0.7068929076194763,0.345009982585907,-0.09566682577133179,4
0.5348197221755981,0.803563117980957,4.3871301613762625e-07,0.4651511013507843,0.7446563839912415,-0.029945969581604004,0.4063938558101654,0.6318085193634033,-0.042608555406332016,0.36353516578674316,0.5403748154640198,-0.05310231074690819,0.3256697654724121,0.4848145842552185,-0.0634884312748909,0.47334200143814087,0.4668439030647278,-0.022332575172185898,0.45053043961524963,0.3370009958744049,-0.039347097277641296,0.4374164640903473,0.25861725211143494,-0.05362028628587723,0.42822667956352234,0.18967121839523315,-0.06575979292392731,0.5251314043998718,0.45601075887680054,-0.025792498141527176,0.5277774930000305,0.3083686828613281,-0.04119163751602173,0.5304882526397705,0.2148677408695221,-0.057001810520887375,0.5340677499771118,0.13554158806800842,-0.0696953609585762,0.56981360912323,0.4811285138130188,-0.034026239067316055,0.5955082774162292,0.35357436537742615,-0.058310605585575104,0.6122667789459229,0.26856717467308044,-0.07882286608219147,0.6256865859031677,0.1889953315258026,-0.09318870306015015,0.6080093383789062,0.5329890847206116,-0.04441964998841286,0.6521687507629395,0.45862138271331787,-0.07085873186588287,0.6820747256278992,0.4036860466003418,-0.08588141202926636,0.7072041034698486,0.34624871611595154,-0.09600198268890381,4
0.5351391434669495,0.8051266670227051,4.4552052713697776e-07,0.46477389335632324,0.7461693286895752,-0.02997792512178421,0.4067230224609375,0.6330421566963196,-0.04272500053048134,0.3646753430366516,0.5415970087051392,-0.053332459181547165,0.3262684941291809,0.4877389073371887,-0.06390958279371262,0.473926842212677,0.4683815836906433,-0.02226884663105011,0.4510006606578827,0.3392723798751831,-0.03934479132294655,0.43773430585861206,0.2608731985092163,-0.053804509341716766,0.4285358786582947,0.19202616810798645,-0.06612797826528549,0.5255317687988281,0.45684266090393066,-0.02584831230342388,0.5281233191490173,0.30952757596969604,-0.04143834859132767,0.5304115414619446,0.21594691276550293,-0.05759987235069275,0.5336235761642456,0.13635596632957458,-0.07052228599786758,0.5701462626457214,0.4814409911632538,-0.03416657820343971,0.5957620143890381,0.3526666760444641,-0.05873626470565796,0.612314760684967,0.26781439781188965,-0.07951869815587997,0.625493049621582,0.18852651119232178,-0.0940365418791771,0.6082776784896851,0.5332157611846924,-0.0446237213909626,0.6528694033622742,0.45826467871665955,-0.07156648486852646,0.6830954551696777,0.4036524295806885,-0.0868525579571724,0.7085390090942383,0.34667322039604187,-0.09705380350351334,4
0.536037802696228,0.8064291477203369,4.499459862472577e-07,0.4660111665725708,0.748635470867157,-0.03086039051413536,0.4076113700866699,0.6343856453895569,-0.04418154060840607,0.36424529552459717,0.5419734120368958,-0.05520009994506836,0.32384589314460754,0.4890449047088623,-0.0661608949303627,0.4740596413612366,0.4686606824398041,-0.02294234372675419,0.45124757289886475,0.3391825556755066,-0.040262650698423386,0.4379708766937256,0.26041534543037415,-0.05485653132200241,0.4287850856781006,0.1913454532623291,-0.06729642301797867,0.5258541703224182,0.45690903067588806,-0.02620118111371994,0.5284864902496338,0.30959534645080566,-0.041789475828409195,0.5307532548904419,0.21586310863494873,-0.057845838367938995,0.5339337587356567,0.13621878623962402,-0.07072611153125763,0.5707216858863831,0.4816226363182068,-0.03428560495376587,0.5961101651191711,0.35249605774879456,-0.05873434245586395,0.6126496195793152,0.26744192838668823,-0.07926862686872482,0.6259770393371582,0.18816766142845154,-0.09368617087602615,0.6090853214263916,0.5335817933082581,-0.04461916908621788,0.6531614065170288,0.4591822028160095,-0.07132644951343536,0.683120608329773,0.4043641686439514,-0.08646610379219055,0.7084391713142395,0.34726637601852417,-0.09664613753557205,4
0.803611159324646,0.6111719608306885,3.060381743580365e-07,0.7527306079864502,0.5547000169754028,-0.022321878001093864,0.712309718132019,0.46166032552719116,-0.0314580500125885,0.6788434982299805,0.3885047435760498,-0.03931661695241928,0.6471666693687439,0.34137582778930664,-0.04716622829437256,0.765880286693573,0.33955642580986023,-0.012504929676651955,0.7433268427848816,0.2374720573425293,-0.026794452220201492,0.7303299903869629,0.17282310128211975,-0.03990526124835014,0.7227890491485596,0.11692699790000916,-0.050676800310611725,0.8053828477859497,0.3253172039985657,-0.015406888909637928,0.8031373023986816,0.20436258614063263,-0.026815276592969894,0.8032097816467285,0.1300904005765915,-0.03975927457213402,0.8041015863418579,0.06770437955856323,-0.05019749328494072,0.8416240215301514,0.3422049880027771,-0.022165019065141678,0.8588402271270752,0.23646511137485504,-0.04028750956058502,0.8702616691589355,0.16849607229232788,-0.05597012862563133,0.8780518174171448,0.1066199243068695,-0.0669851154088974,0.8740788698196411,0.38365936279296875,-0.030678654089570045,0.9101324081420898,0.31851640343666077,-0.04948793351650238,0.935465931892395,0.27505430579185486,-0.059913940727710724,0.9556622505187988,0.23264329135417938,-0.06700564175844193,4
0.802647590637207,0.6157242059707642,3.004392681305035e-07,0.7519301176071167,0.5591306686401367,-0.02143092080950737,0.7108674645423889,0.4644615948200226,-0.02968004159629345,0.6767932176589966,0.3909592628479004,-0.03668932244181633,0.644855260848999,0.3441815674304962,-0.0436139814555645,0.7635608911514282,0.3415784239768982,-0.011099478229880333,0.7410687208175659,0.23922687768936157,-0.02442873641848564,0.7280828356742859,0.17468196153640747,-0.03682293742895126,0.7203589677810669,0.11945334076881409,-0.047060366719961166,0.8027284741401672,0.3273325264453888,-0.014039764180779457,0.8003624081611633,0.2054211050271988,-0.02442936599254608,0.8008396029472351,0.13135488331317902,-0.0365358404815197,0.8018665909767151,0.06972452998161316,-0.04634644836187363,0.8389090895652771,0.344418466091156,-0.02080577425658703,0.8567012548446655,0.23864954710006714,-0.038368530571460724,0.8686583638191223,0.1708609014749527,-0.05391741544008255,0.8765995502471924,0.10953804850578308,-0.06476949900388718,0.8714849948883057,0.3856797516345978,-0.02921750210225582,0.9080113768577576,0.319671630859375,-0.047915019094944,0.933687686920166,0.27655017375946045,-0.058314934372901917,0.9540128707885742,0.23471739888191223,-0.06530328094959259,4
0.7993034720420837,0.6174917221069336,3.1196432814795116e-07,0.7485687732696533,0.5610751509666443,-0.022095181047916412,0.7082396745681763,0.46690261363983154,-0.03076246753334999,0.6742762327194214,0.39398473501205444,-0.038194481283426285,0.6419711709022522,0.34660202264785767,-0.045550424605607986,0.7600855231285095,0.34324097633361816,-0.01130618341267109,0.7377387881278992,0.2407800853252411,-0.025068428367376328,0.7251409292221069,0.17602939903736115,-0.03777752071619034,0.7178410887718201,0.12015926837921143,-0.04821770265698433,0.7997186779975891,0.3294338881969452,-0.014214804396033287,0.7974889874458313,0.20834803581237793,-0.025195637717843056,0.7975360155105591,0.13344350457191467,-0.03802044689655304,0.7982571721076965,0.07033747434616089,-0.0483214445412159,0.8361948728561401,0.34676700830459595,-0.021019361913204193,0.8538692593574524,0.24061325192451477,-0.039120178669691086,0.865729808807373,0.17240244150161743,-0.054879821836948395,0.8737878203392029,0.11051374673843384,-0.06575927883386612,0.8686442971229553,0.38835930824279785,-0.029520351439714432,0.9048006534576416,0.32149583101272583,-0.04841999337077141,0.9303755164146423,0.2774311900138855,-0.05873144418001175,0.9506549835205078,0.234666645526886,-0.06560447067022324,4
0.7969188690185547,0.6123595237731934,3.076967232118477e-07,0.7462493181228638,0.5570976734161377,-0.02199193648993969,0.7057013511657715,0.46567976474761963,-0.030924594029784203,0.6722516417503357,0.39373350143432617,-0.03860778361558914,0.640742301940918,0.34653425216674805,-0.04624441638588905,0.7576153874397278,0.34189561009407043,-0.011793442070484161,0.735211193561554,0.24090446531772614,-0.025927558541297913,0.7221152782440186,0.1769244223833084,-0.03895605728030205,0.7142201066017151,0.12157706916332245,-0.04961533844470978,0.7969523668289185,0.3269790709018707,-0.014706890098750591,0.7944688200950623,0.20631089806556702,-0.0257401280105114,0.7943181395530701,0.13280004262924194,-0.038383182138204575,0.7949082255363464,0.07115611433982849,-0.04858281463384628,0.8332912921905518,0.34356170892715454,-0.021491242572665215,0.8504375219345093,0.23771968483924866,-0.03928587585687637,0.8618279099464417,0.17009302973747253,-0.05456066504120827,0.8696905374526978,0.10881233215332031,-0.06524105370044708,0.8658581972122192,0.38476306200027466,-0.03002667799592018,0.9016686081886292,0.31887757778167725,-0.048455677926540375,0.9267160892486572,0.27479395270347595,-0.058449748903512955,0.9467199444770813,0.23194414377212524,-0.06520595401525497,4
0.796064019203186,0.6117885708808899,3.064569682464935e-07,0.7452993988990784,0.557119607925415,-0.02143765054643154,0.7044942378997803,0.4638896584510803,-0.0293828584253788,0.6705537438392639,0.3905084729194641,-0.036222025752067566,0.6385256052017212,0.34436994791030884,-0.042969878762960434,0.7554485201835632,0.33962246775627136,-0.009244590066373348,0.7327911257743835,0.2390633374452591,-0.02238032966852188,0.7199787497520447,0.17571412026882172,-0.034978337585926056,0.7126898169517517,0.12072166800498962,-0.04545421898365021,0.7946884036064148,0.3252726197242737,-0.012095565907657146,0.7908742427825928,0.20541810989379883,-0.022320697084069252,0.7904979586601257,0.13169904053211212,-0.03478998690843582,0.7911869883537292,0.06989589333534241,-0.04491306096315384,0.831351637840271,0.3420858085155487,-0.018885748460888863,0.847413182258606,0.23645487427711487,-0.03625507652759552,0.8586249351501465,0.16958440840244293,-0.05141681805253029,0.8664382696151733,0.10920277237892151,-0.06194464862346649,0.8644039630889893,0.383083701133728,-0.02740534208714962,0.8993905782699585,0.31602582335472107,-0.04575784131884575,0.9241965413093567,0.2716718912124634,-0.05576097592711449,0.9441710710525513,0.22854217886924744,-0.06244923174381256,4
0.7962909936904907,0.6115530729293823,3.027716388714907e-07,0.7453742623329163,0.5579113960266113,-0.02165721356868744,0.7040708065032959,0.4652754068374634,-0.02981721982359886,0.6698739528656006,0.39192456007003784,-0.036750391125679016,0.6379094123840332,0.3451276123523712,-0.043556712567806244,0.7542398571968079,0.3414246737957001,-0.010071082971990108,0.7315506339073181,0.24067094922065735,-0.023278729990124702,0.718691349029541,0.17739905416965485,-0.03578004240989685,0.7111981511116028,0.12268178164958954,-0.046109169721603394,0.7933765649795532,0.32611027359962463,-0.012724803760647774,0.7898751497268677,0.20605753362178802,-0.022912263870239258,0.7893900871276855,0.13264672458171844,-0.035156767815351486,0.7897149920463562,0.07124057412147522,-0.04510368034243584,0.8298723101615906,0.34214794635772705,-0.01928406022489071,0.8462221026420593,0.23661169409751892,-0.03651142492890358,0.8574524521827698,0.16962400078773499,-0.05165746808052063,0.86509108543396,0.10925382375717163,-0.062205970287323,0.8627897500991821,0.38246461749076843,-0.027563737705349922,0.8979295492172241,0.31568098068237305,-0.045702725648880005,0.9227226376533508,0.2715674340724945,-0.055653031915426254,0.9425840973854065,0.22884497046470642,-0.06232225149869919,4
0.7950695753097534,0.6106438040733337,3.0130590289445536e-07,0.744505763053894,0.5569925308227539,-0.021945660933852196,0.7036616206169128,0.465850830078125,-0.030498895794153214,0.6696035861968994,0.3940809965133667,-0.03778344765305519,0.6379078030586243,0.34687164425849915,-0.044913582503795624,0.7535903453826904,0.3422163724899292,-0.010753365233540535,0.7310467958450317,0.24186603724956512,-0.024202339351177216,0.7182685136795044,0.1786159723997116,-0.03685431927442551,0.7106538414955139,0.123673215508461,-0.04729926586151123,0.7927746772766113,0.3271842896938324,-0.013416293077170849,0.7892082333564758,0.20736153423786163,-0.023801082745194435,0.7888463735580444,0.13431955873966217,-0.03610822558403015,0.7890660762786865,0.07299742102622986,-0.04612375423312187,0.8293325901031494,0.3432897627353668,-0.019984830170869827,0.8457910418510437,0.23807989060878754,-0.03719295188784599,0.8570283055305481,0.17131951451301575,-0.0521622933447361,0.8644105195999146,0.11073845624923706,-0.06264097988605499,0.8622723817825317,0.38351163268089294,-0.028315924108028412,0.8970922231674194,0.31673088669776917,-0.04629083722829819,0.9215421080589294,0.272646427154541,-0.05603078007698059,0.94089674949646,0.22965025901794434,-0.06261320412158966,4
0.7959924340248108,0.6120262145996094,3.054360036003345e-07,0.7447775602340698,0.5584937334060669,-0.022188730537891388,0.704118549823761,0.46501195430755615,-0.029911287128925323,0.670236349105835,0.39206257462501526,-0.03633037209510803,0.6385023593902588,0.34596431255340576,-0.04258979111909866,0.7540923357009888,0.34125351905822754,-0.009299215860664845,0.7314187288284302,0.24065466225147247,-0.02217850461602211,0.7185201644897461,0.17733332514762878,-0.03456176072359085,0.7108784317970276,0.12209676206111908,-0.044906288385391235,0.7933339476585388,0.3263607621192932,-0.011623729951679707,0.7899130582809448,0.20796741545200348,-0.021802909672260284,0.789247453212738,0.13423314690589905,-0.03429833799600601,0.7893564105033875,0.0720532238483429,-0.044360462576150894,0.8298059105873108,0.34266358613967896,-0.01796204224228859,0.84600830078125,0.23764120042324066,-0.03524308651685715,0.8570986986160278,0.1708243042230606,-0.050464972853660583,0.8646207451820374,0.10969796776771545,-0.06098801642656326,0.8624903559684753,0.38303342461586,-0.0260971337556839,0.8970115184783936,0.31661614775657654,-0.04449673369526863,0.9213228225708008,0.27234914898872375,-0.054594628512859344,0.9408740997314453,0.22857938706874847,-0.06129566580057144,4
0.7955538034439087,0.6089493036270142,3.0602879519392445e-07,0.7449531555175781,0.5555498003959656,-0.022164613008499146,0.7044149041175842,0.4628468155860901,-0.03042127564549446,0.671085000038147,0.38984546065330505,-0.037324465811252594,0.6391187906265259,0.3443886637687683,-0.04418064281344414,0.754844605922699,0.3401297628879547,-0.010999317280948162,0.732196569442749,0.23959232866764069,-0.0243650171905756,0.7192941308021545,0.17620998620986938,-0.0369020439684391,0.7117416858673096,0.12071894109249115,-0.04735430330038071,0.7939719557762146,0.3254919648170471,-0.013542343862354755,0.7905634641647339,0.20607826113700867,-0.02421361580491066,0.789690375328064,0.13266964256763458,-0.036835357546806335,0.7896335124969482,0.070810467004776,-0.04703124612569809,0.8302080631256104,0.34197020530700684,-0.019953332841396332,0.846294641494751,0.23623523116111755,-0.03761555626988411,0.8572551012039185,0.1690945327281952,-0.05294697731733322,0.8646551966667175,0.10817745327949524,-0.06359273940324783,0.8627700805664062,0.38236111402511597,-0.028101006522774696,0.8973848223686218,0.3150705397129059,-0.04660281911492348,0.9218431115150452,0.2705841064453125,-0.05670136958360672,0.9413056969642639,0.2272658795118332,-0.06348630040884018,4
0.7964843511581421,0.6092363595962524,3.0173953291523503e-07,0.745975911617279,0.5556685924530029,-0.022296881303191185,0.7052478194236755,0.46394577622413635,-0.030639274045825005,0.6714847087860107,0.39074814319610596,-0.03763449192047119,0.63962322473526,0.343757301568985,-0.044480763375759125,0.7556036114692688,0.3383861780166626,-0.009910142049193382,0.7329785823822021,0.23870350420475006,-0.023087508976459503,0.7197442054748535,0.17627064883708954,-0.03580661118030548,0.7115232944488525,0.121800497174263,-0.04640403017401695,0.794650673866272,0.32337766885757446,-0.012360240332782269,0.7909335494041443,0.2047441005706787,-0.02264806069433689,0.7900582551956177,0.1317300945520401,-0.03517960384488106,0.7899364233016968,0.07062801718711853,-0.04540117457509041,0.8307991623878479,0.3400147557258606,-0.018823951482772827,0.8467187285423279,0.2351401001214981,-0.036099158227443695,0.8574827313423157,0.1681433767080307,-0.05135490372776985,0.8647216558456421,0.10745388269424438,-0.06207292526960373,0.8632769584655762,0.3806409537792206,-0.02708989940583706,0.8976250886917114,0.3138950765132904,-0.045385174453258514,0.9218533635139465,0.2695266008377075,-0.05551808327436447,0.9412581920623779,0.22603394091129303,-0.06239035725593567,4
0.7979710102081299,0.6088429689407349,3.082140267451905e-07,0.7474696636199951,0.5547376871109009,-0.022458715364336967,0.7063149809837341,0.4626610279083252,-0.031009208410978317,0.6723934412002563,0.3898804783821106,-0.03823179379105568,0.6408013701438904,0.3426372706890106,-0.045216020196676254,0.7568045854568481,0.33748024702072144,-0.010237698443233967,0.7337988615036011,0.23710882663726807,-0.023710256442427635,0.7205845713615417,0.1742425411939621,-0.036565784364938736,0.7126458883285522,0.11937670409679413,-0.04716227203607559,0.7956740856170654,0.3229706585407257,-0.012600713409483433,0.7921844720840454,0.20426975190639496,-0.023281119763851166,0.7915536165237427,0.13071516156196594,-0.03590968996286392,0.7917125225067139,0.06882384419441223,-0.04602298140525818,0.8318475484848022,0.33959174156188965,-0.01898401975631714,0.8476920127868652,0.23431146144866943,-0.03657853603363037,0.8590715527534485,0.16753007471561432,-0.05165699124336243,0.8670387864112854,0.10697978734970093,-0.06200693920254707,0.8643621802330017,0.38014882802963257,-0.02719300612807274,0.8986213207244873,0.3127334713935852,-0.04571773484349251,0.9231258630752563,0.26848942041397095,-0.0556495226919651,0.9428945183753967,0.22530487179756165,-0.06216583400964737,4
0.797849714756012,0.6067422032356262,3.093920781793713e-07,0.7470042705535889,0.5530855655670166,-0.021813586354255676,0.7062600255012512,0.46092039346694946,-0.029877398163080215,0.672917366027832,0.38813844323158264,-0.03666435927152634,0.6409643888473511,0.3422020971775055,-0.043324921280145645,0.7565639019012451,0.3366487920284271,-0.009752960875630379,0.733627438545227,0.23616479337215424,-0.022552989423274994,0.7208461761474609,0.17350997030735016,-0.03487013280391693,0.7134321928024292,0.11889727413654327,-0.04514717683196068,0.7957288026809692,0.3223210573196411,-0.01229610200971365,0.7919598817825317,0.20358476042747498,-0.0223553329706192,0.7913133502006531,0.13039810955524445,-0.03484228253364563,0.7917079329490662,0.0689784586429596,-0.04497607424855232,0.8319832682609558,0.33882904052734375,-0.018740316852927208,0.8478837013244629,0.2345321625471115,-0.03587377816438675,0.859106183052063,0.1676650494337082,-0.05115082859992981,0.8670592308044434,0.10729414224624634,-0.061792854219675064,0.8645481467247009,0.3790114223957062,-0.026910094544291496,0.8986086845397949,0.3125234842300415,-0.04504870995879173,0.9230437278747559,0.26870524883270264,-0.05497376248240471,0.9427807331085205,0.22614751756191254,-0.061607979238033295,4
0.7977349758148193,0.6058732271194458,3.080961619161826e-07,0.7468999028205872,0.5521600246429443,-0.022346865385770798,0.706259548664093,0.46046772599220276,-0.030733710154891014,0.6726650595664978,0.388003945350647,-0.0377335399389267,0.6411654353141785,0.34159785509109497,-0.044569265097379684,0.7565609812736511,0.3372361660003662,-0.010554289445281029,0.733589768409729,0.23685601353645325,-0.02390803024172783,0.7205401062965393,0.1737583875656128,-0.03656387701630592,0.7129329442977905,0.1189577728509903,-0.04697262868285179,0.7956104874610901,0.3225044012069702,-0.012864246033132076,0.7921919822692871,0.20307539403438568,-0.023238100111484528,0.7917190194129944,0.1299823522567749,-0.03566024824976921,0.7922115921974182,0.06869715452194214,-0.04568246752023697,0.8317172527313232,0.33891263604164124,-0.019123967736959457,0.8480923175811768,0.23355862498283386,-0.03635702282190323,0.8590056896209717,0.1667860746383667,-0.05140004679560661,0.86638343334198,0.10628440976142883,-0.0618426576256752,0.8641402125358582,0.37923309206962585,-0.027177711948752403,0.898719847202301,0.3122243881225586,-0.0452461875975132,0.9227926135063171,0.26809796690940857,-0.05502257123589516,0.9419823884963989,0.22494575381278992,-0.06153260916471481,4
0.7986570596694946,0.6046360731124878,3.0757541935599875e-07,0.7476814985275269,0.5516192317008972,-0.022098569199442863,0.7068820595741272,0.46013084053993225,-0.030405715107917786,0.6730982661247253,0.38707610964775085,-0.037375569343566895,0.6407792568206787,0.3410673141479492,-0.04422328621149063,0.7568984031677246,0.3365151584148407,-0.0103965625166893,0.7340562343597412,0.23598000407218933,-0.023522183299064636,0.7209629416465759,0.17316697537899017,-0.03601100295782089,0.7131410241127014,0.1184241771697998,-0.04637569189071655,0.7959715723991394,0.3215712010860443,-0.012830588966608047,0.7922855019569397,0.2022513896226883,-0.0231068916618824,0.7917758822441101,0.129189133644104,-0.03554663062095642,0.7921492457389832,0.06780821084976196,-0.045664459466934204,0.8321685791015625,0.33784589171409607,-0.019182484596967697,0.8482089638710022,0.2333216369152069,-0.036477044224739075,0.8591150641441345,0.1668061465024948,-0.05174153298139572,0.8664501309394836,0.1065005362033844,-0.06238957867026329,0.8646832704544067,0.3777199983596802,-0.02728004939854145,0.8990603089332581,0.3107198476791382,-0.04555683210492134,0.9233091473579407,0.2669903635978699,-0.05556010082364082,0.9426543712615967,0.22422251105308533,-0.06227761134505272,4
0.7982445955276489,0.6052048802375793,3.051938790576969e-07,0.7478298544883728,0.5520730018615723,-0.022712862119078636,0.7071022987365723,0.4611939787864685,-0.031304486095905304,0.6734831929206848,0.3887968957424164,-0.03849537670612335,0.6417044997215271,0.3414455056190491,-0.04549850896000862,0.7575837969779968,0.3373056650161743,-0.010899193584918976,0.7348112463951111,0.2373117208480835,-0.024727238342165947,0.7216998338699341,0.1741095781326294,-0.03777044638991356,0.7139861583709717,0.11871622502803802,-0.04848786070942879,0.7965720891952515,0.32201987504959106,-0.013122756965458393,0.7929176688194275,0.203701913356781,-0.02420220337808132,0.7923398613929749,0.12982162833213806,-0.03723137080669403,0.7926586866378784,0.06711265444755554,-0.04766925424337387,0.8327492475509644,0.33813169598579407,-0.019311802461743355,0.8488174676895142,0.2338966578245163,-0.03736439719796181,0.8598993420600891,0.16757981479167938,-0.052749551832675934,0.8673928380012512,0.10722038149833679,-0.06327816098928452,0.8651369214057922,0.37821048498153687,-0.02730860933661461,0.8998151421546936,0.312006413936615,-0.04631180688738823,0.9241406321525574,0.2680080533027649,-0.056586649268865585,0.9436172842979431,0.2246677279472351,-0.06332344561815262,4
0.8002495169639587,0.6071078777313232,3.134797452730709e-07,0.7492181658744812,0.5536454319953918,-0.021911708638072014,0.7082562446594238,0.46149495244026184,-0.030009761452674866,0.6746180653572083,0.3885488212108612,-0.03682984411716461,0.6425551176071167,0.34215548634529114,-0.04348485916852951,0.7585089206695557,0.3371413052082062,-0.009729433804750443,0.7357584238052368,0.23650313913822174,-0.02274649776518345,0.7230045199394226,0.1733379364013672,-0.03528497368097305,0.7156234979629517,0.11831219494342804,-0.045683443546295166,0.7977426052093506,0.32238325476646423,-0.012202133424580097,0.7945510149002075,0.20331598818302155,-0.022289777174592018,0.7942233681678772,0.1294432133436203,-0.03482713922858238,0.7948129773139954,0.0673995316028595,-0.04497302696108818,0.8341109156608582,0.3388964533805847,-0.018578222021460533,0.850277304649353,0.23428089916706085,-0.035546984523534775,0.8613734841346741,0.16743332147598267,-0.05059957876801491,0.8691350221633911,0.10689985752105713,-0.06109119579195976,0.8666625022888184,0.3792714774608612,-0.026727015152573586,0.9009819030761719,0.3132709264755249,-0.04472887143492699,0.9250767827033997,0.26934677362442017,-0.05451206862926483,0.9445395469665527,0.22631467878818512,-0.0610172376036644,4
0.800462007522583,0.6065934896469116,3.0834419817438175e-07,0.749803364276886,0.5533491373062134,-0.022367896512150764,0.7086806893348694,0.46238601207733154,-0.03086296282708645,0.6747764348983765,0.38944029808044434,-0.03793064504861832,0.6426770091056824,0.34255003929138184,-0.04478529840707779,0.7585463523864746,0.33704760670661926,-0.010412280447781086,0.7356854677200317,0.23722539842128754,-0.023632870987057686,0.7227336168289185,0.17450252175331116,-0.03631291165947914,0.7152380347251892,0.11972042918205261,-0.046815868467092514,0.7976685762405396,0.3216674029827118,-0.012736164033412933,0.7939329743385315,0.20265960693359375,-0.02280346117913723,0.7935842275619507,0.1293984204530716,-0.03505314514040947,0.7941194772720337,0.0678870677947998,-0.0450793094933033,0.8339378237724304,0.33810320496559143,-0.019042618572711945,0.8500300049781799,0.23402854800224304,-0.03596484661102295,0.8611721992492676,0.1675090193748474,-0.05082963779568672,0.868689775466919,0.10730701684951782,-0.06128588691353798,0.8664922118186951,0.37853097915649414,-0.02717623859643936,0.9005118608474731,0.31218037009239197,-0.045096077024936676,0.9243261218070984,0.2678874731063843,-0.0548715777695179,0.9433851838111877,0.2246229350566864,-0.06147271394729614,4
0.8005571365356445,0.6065141558647156,3.080719466197479e-07,0.7491441965103149,0.5533676743507385,-0.021767448633909225,0.707868218421936,0.46108999848365784,-0.02961200289428234,0.6740682721138,0.38771218061447144,-0.03622892498970032,0.6423414945602417,0.34086641669273376,-0.04265953227877617,0.7579751014709473,0.33556273579597473,-0.008808844722807407,0.7348329424858093,0.23504938185214996,-0.021692436188459396,0.7218281030654907,0.17202651500701904,-0.03424213454127312,0.7142475247383118,0.11723418533802032,-0.04465405270457268,0.7970582246780396,0.3207002282142639,-0.011268205009400845,0.7931244969367981,0.20111046731472015,-0.021112622693181038,0.7925905585289001,0.12757523357868195,-0.03336220234632492,0.793074369430542,0.06646132469177246,-0.04331371560692787,0.8334284424781799,0.3371390700340271,-0.017739202827215195,0.8487704396247864,0.2315148264169693,-0.034407585859298706,0.8596624135971069,0.16489173471927643,-0.049158863723278046,0.8672927021980286,0.10513094067573547,-0.059489794075489044,0.8661823868751526,0.3773890733718872,-0.026025256142020226,0.8997393846511841,0.31042566895484924,-0.04377373680472374,0.9235009551048279,0.26604723930358887,-0.053449247032403946,0.942786693572998,0.22283707559108734,-0.059922266751527786,4
0.7998592257499695,0.6073228120803833,3.0849108156871807e-07,0.7482563257217407,0.5543088912963867,-0.021527443081140518,0.7065367698669434,0.4604199528694153,-0.028852714225649834,0.6727991104125977,0.3866468369960785,-0.03497004508972168,0.6410459280014038,0.3409455418586731,-0.040899451822042465,0.7566611766815186,0.33578673005104065,-0.008475898765027523,0.7337265610694885,0.23457393050193787,-0.020838109776377678,0.7209129333496094,0.17123092710971832,-0.03288332372903824,0.713356077671051,0.11648018658161163,-0.04299621284008026,0.7958738207817078,0.32138392329216003,-0.01099690143018961,0.7919787168502808,0.2022654116153717,-0.02078150399029255,0.7913956046104431,0.12837153673171997,-0.03311300277709961,0.7916895747184753,0.0666646957397461,-0.043102625757455826,0.8324087262153625,0.33766356110572815,-0.017488792538642883,0.8481096625328064,0.23299923539161682,-0.03430049866437912,0.8589923977851868,0.16602686047554016,-0.04945988208055496,0.8665106892585754,0.10579130053520203,-0.06001102179288864,0.8654090166091919,0.3774583339691162,-0.02573433518409729,0.8993048071861267,0.31040674448013306,-0.043644603341817856,0.92330002784729,0.26572185754776,-0.05359645187854767,0.9426453113555908,0.22234104573726654,-0.06026516109704971,4
0.8003043532371521,0.6079405546188354,3.1254248256118444e-07,0.7489365339279175,0.555421769618988,-0.0217620637267828,0.7074478268623352,0.4629126191139221,-0.029509801417589188,0.6737049221992493,0.38927197456359863,-0.03602181747555733,0.6415043473243713,0.3435969650745392,-0.042428795248270035,0.7570689916610718,0.3373168706893921,-0.009543080814182758,0.7341295480728149,0.2368043214082718,-0.022297365590929985,0.7211000323295593,0.17354077100753784,-0.034626491367816925,0.7134723663330078,0.11792699992656708,-0.04502508044242859,0.7965039610862732,0.3222232758998871,-0.012183710001409054,0.7931406497955322,0.2036736160516739,-0.022316694259643555,0.7925736904144287,0.12960554659366608,-0.034849874675273895,0.7927756905555725,0.0668993890285492,-0.04502458870410919,0.8331851959228516,0.33851832151412964,-0.018730981275439262,0.8491976857185364,0.23446667194366455,-0.03597674518823624,0.8601393699645996,0.1675640493631363,-0.05121227353811264,0.867668628692627,0.10653731226921082,-0.06180879846215248,0.8660442233085632,0.3788881003856659,-0.02702506259083748,0.9001774787902832,0.31176963448524475,-0.04550382122397423,0.9244413375854492,0.26765963435173035,-0.055507950484752655,0.9439095258712769,0.22435598075389862,-0.0621529184281826,4
0.8003749847412109,0.6068059206008911,3.091914493325021e-07,0.7493317723274231,0.5545600056648254,-0.02233925461769104,0.7080151438713074,0.46277159452438354,-0.030764799565076828,0.6745316386222839,0.39026591181755066,-0.037773262709379196,0.6425919532775879,0.3442349135875702,-0.04465777054429054,0.7580894827842712,0.3379775285720825,-0.011468314565718174,0.7352145314216614,0.23714135587215424,-0.024903763085603714,0.7221759557723999,0.17412152886390686,-0.03755621612071991,0.7145909667015076,0.11870813369750977,-0.048056140542030334,0.797318160533905,0.3232284486293793,-0.01385305356234312,0.7936954498291016,0.2045304775238037,-0.024563122540712357,0.7929028868675232,0.1308371126651764,-0.03733767941594124,0.7930393815040588,0.06825757026672363,-0.047673746943473816,0.833714485168457,0.33949676156044006,-0.020067619159817696,0.8497834205627441,0.2351270318031311,-0.03761275112628937,0.8608914613723755,0.16839243471622467,-0.052812959998846054,0.8685537576675415,0.10776379704475403,-0.06337569653987885,0.866303026676178,0.37951624393463135,-0.028049157932400703,0.9004093408584595,0.3122795522212982,-0.046563271433115005,0.9246190190315247,0.26799046993255615,-0.05653005838394165,0.9439899921417236,0.2247135490179062,-0.06315895915031433,4
0.8011582493782043,0.6054845452308655,3.1205797768052435e-07,0.7504852414131165,0.5530716180801392,-0.02270575426518917,0.7092224955558777,0.46235254406929016,-0.031468722969293594,0.6753048300743103,0.3905946910381317,-0.0388098768889904,0.6434992551803589,0.3435618579387665,-0.04598306119441986,0.7586324214935303,0.3374458849430084,-0.011508026160299778,0.7354118227958679,0.2374090850353241,-0.0251948032528162,0.7225397825241089,0.17424531280994415,-0.03800651431083679,0.7151935696601868,0.11874093115329742,-0.04857625439763069,0.7980499863624573,0.32203343510627747,-0.013895006850361824,0.7940855026245117,0.2036292403936386,-0.02471316047012806,0.7932946085929871,0.13015447556972504,-0.0374639593064785,0.7935124635696411,0.06794247031211853,-0.04773496463894844,0.8346423506736755,0.338059663772583,-0.020197922363877296,0.8501920104026794,0.23367427289485931,-0.037836093455553055,0.8609629273414612,0.16735175251960754,-0.05284897983074188,0.8683187961578369,0.10697034001350403,-0.06323987990617752,0.8673450350761414,0.3782000243663788,-0.028324268758296967,0.900917112827301,0.3112834095954895,-0.04683723673224449,0.9247838854789734,0.2672278583049774,-0.056616876274347305,0.9438332319259644,0.22418473660945892,-0.0630732849240303,4
0.8030800819396973,0.6049817800521851,3.156501975354331e-07,0.7517936825752258,0.5539417862892151,-0.022331569343805313,0.7099936008453369,0.46138420701026917,-0.030440054833889008,0.6761980056762695,0.38791152834892273,-0.03713750094175339,0.6438788175582886,0.3425005078315735,-0.043622326105833054,0.7592945694923401,0.33634161949157715,-0.010615751147270203,0.7361423969268799,0.2355891466140747,-0.023646315559744835,0.7231276035308838,0.1724368780851364,-0.03605915606021881,0.7156686782836914,0.11688928306102753,-0.04642768204212189,0.7982769012451172,0.32138150930404663,-0.01289016380906105,0.7942951321601868,0.2027139812707901,-0.023193513974547386,0.7936210632324219,0.1288008838891983,-0.03571346402168274,0.7940649390220642,0.06610235571861267,-0.04582178592681885,0.8346066474914551,0.33739909529685974,-0.01903442293405533,0.8502263426780701,0.23326025903224945,-0.03625285252928734,0.8612496256828308,0.16666169464588165,-0.05124307796359062,0.868939995765686,0.10629972815513611,-0.061617910861968994,0.8672815561294556,0.37704843282699585,-0.0269762072712183,0.9009578824043274,0.31055891513824463,-0.04531140998005867,0.9249565601348877,0.2664634585380554,-0.055155910551548004,0.9442291259765625,0.22331863641738892,-0.06163738667964935,4
0.8039432168006897,0.9179102778434753,3.6012127679896366e-07,0.7492256164550781,0.8656445741653442,-0.024437597021460533,0.7051522135734558,0.7741526961326599,-0.03640534728765488,0.669638454914093,0.7006862163543701,-0.046948667615652084,0.6343247890472412,0.654869794845581,-0.05766477808356285,0.7558825612068176,0.6403271555900574,-0.02048433944582939,0.7324812412261963,0.5313417911529541,-0.037842851132154465,0.7188407778739929,0.4620020091533661,-0.05225871503353119,0.7106151580810547,0.4007267355918884,-0.06382819265127182,0.7993691563606262,0.6247706413269043,-0.02432410605251789,0.7980095744132996,0.4955301284790039,-0.039004966616630554,0.7984901666641235,0.4132605493068695,-0.05368542671203613,0.7998619079589844,0.3399142324924469,-0.06520272046327591,0.8391976952552795,0.6428647637367249,-0.031683679670095444,0.8595744371414185,0.5282544493675232,-0.053215306252241135,0.8734620213508606,0.4535146951675415,-0.0698990449309349,0.8833250999450684,0.38360005617141724,-0.08119729906320572,0.8748664855957031,0.6867340207099915,-0.04073053225874901,0.9144257307052612,0.6164250373840332,-0.06272148340940475,0.9414406418800354,0.5675312876701355,-0.07345151156187057,0.9629473686218262,0.5188248157501221,-0.08026967197656631,4
0.8035317063331604,0.9180939197540283,3.602174842853856e-07,0.749186635017395,0.866782546043396,-0.025344206020236015,0.7052014470100403,0.775261640548706,-0.03792928531765938,0.6699774861335754,0.7011502981185913,-0.04892528057098389,0.6345794200897217,0.6547978520393372,-0.06010473519563675,0.7559770345687866,0.6404781341552734,-0.022185033187270164,0.7324669361114502,0.5309423804283142,-0.04018191620707512,0.7189895510673523,0.46149060130119324,-0.05493057146668434,0.7109951376914978,0.40004441142082214,-0.06669491529464722,0.7991849184036255,0.6246411204338074,-0.025875551626086235,0.7976656556129456,0.4951722025871277,-0.04119766131043434,0.7983237504959106,0.41320204734802246,-0.056173015385866165,0.7997993230819702,0.340046763420105,-0.06787220388650894,0.839006245136261,0.6427645683288574,-0.033127427101135254,0.859452486038208,0.5290912389755249,-0.05517690256237984,0.8734191060066223,0.4544854164123535,-0.07223450392484665,0.8832962512969971,0.38458916544914246,-0.08379828184843063,0.8748314380645752,0.687005877494812,-0.04212510213255882,0.9147237539291382,0.6169736385345459,-0.06429790705442429,0.9421256184577942,0.5681579113006592,-0.07525172829627991,0.9637774229049683,0.5194424390792847,-0.08231862634420395,4
0.8017371296882629,0.9157014489173889,3.6105242884332256e-07,0.7475311160087585,0.8647364377975464,-0.02621055208146572,0.7039026021957397,0.7744486927986145,-0.039372581988573074,0.6688709259033203,0.7012155652046204,-0.05081804841756821,0.6338374018669128,0.6545906066894531,-0.06242833659052849,0.7549634575843811,0.6396159529685974,-0.023193787783384323,0.7313387393951416,0.530681312084198,-0.04173566401004791,0.7176629304885864,0.46168190240859985,-0.05680098757147789,0.7093079686164856,0.40054795145988464,-0.06869387626647949,0.7983138561248779,0.6238371133804321,-0.026604602113366127,0.7965635061264038,0.49436551332473755,-0.04245322197675705,0.7973158359527588,0.41222426295280457,-0.05767445266246796,0.7991788983345032,0.33864420652389526,-0.06949399411678314,0.8381842374801636,0.6421094536781311,-0.03363955765962601,0.8585104942321777,0.5288540124893188,-0.05611322075128555,0.8723052144050598,0.4544966220855713,-0.07320951670408249,0.8822563290596008,0.3847048580646515,-0.08472415804862976,0.8741582036018372,0.6863363981246948,-0.04249736666679382,0.9133884906768799,0.6163915395736694,-0.06497548520565033,0.9404762983322144,0.568030834197998,-0.07592254877090454,0.9620081186294556,0.5195201635360718,-0.08291114866733551,4
0.8019234538078308,0.9231874942779541,3.380173723144253e-07,0.747305691242218,0.871795654296875,-0.024131344631314278,0.7028108835220337,0.7807070016860962,-0.03661329671740532,0.6676229238510132,0.7072659730911255,-0.0478258840739727,0.6324900388717651,0.662697970867157,-0.0594542995095253,0.7553435564041138,0.6485458016395569,-0.022253476083278656,0.7321755290031433,0.5388986468315125,-0.040799204260110855,0.718380868434906,0.46923524141311646,-0.05609816685318947,0.7097070217132568,0.4082871675491333,-0.06817468255758286,0.7983803749084473,0.6330661177635193,-0.02670651488006115,0.7966582179069519,0.502443790435791,-0.04248744994401932,0.7972754240036011,0.41952627897262573,-0.057797208428382874,0.7987077832221985,0.3458159863948822,-0.06975027918815613,0.8381964564323425,0.6506360173225403,-0.03455648571252823,0.8584893941879272,0.5341039896011353,-0.05672891438007355,0.8726084232330322,0.4590553939342499,-0.07374661415815353,0.8826181888580322,0.38958510756492615,-0.08532991260290146,0.8741949200630188,0.6943464279174805,-0.04405929893255234,0.9138384461402893,0.6232935786247253,-0.06617029756307602,0.9410382509231567,0.5744157433509827,-0.07695143669843674,0.9624915719032288,0.5263962745666504,-0.08393751829862595,4
0.8036037683486938,0.9348407983779907,3.53311179424054e-07,0.7483322024345398,0.8833299875259399,-0.025607744231820107,0.7047195434570312,0.7920049428939819,-0.0386321097612381,0.6694101095199585,0.7181811928749084,-0.050104863941669464,0.6339958906173706,0.6713857054710388,-0.06186242029070854,0.756226658821106,0.6571850776672363,-0.022652236744761467,0.7325777411460876,0.5483222603797913,-0.041286107152700424,0.7189119458198547,0.47794395685195923,-0.05666591599583626,0.7105119228363037,0.4154072403907776,-0.06886622309684753,0.7999836802482605,0.6421225070953369,-0.026584738865494728,0.798689067363739,0.5133389234542847,-0.04259184002876282,0.7996445298194885,0.43060803413391113,-0.0582454539835453,0.8017285466194153,0.3564291298389435,-0.07036121934652328,0.8401353359222412,0.6613318920135498,-0.03405885398387909,0.8605723977088928,0.5473772883415222,-0.0566725917160511,0.874393880367279,0.47123032808303833,-0.07409615814685822,0.8845134377479553,0.3995399475097656,-0.0858764797449112,0.8761159181594849,0.7066100239753723,-0.04326711967587471,0.9151427745819092,0.6367445588111877,-0.06586311757564545,0.9419690370559692,0.5877277851104736,-0.07679784297943115,0.9634304046630859,0.5384273529052734,-0.08380082249641418,4
0.8064121007919312,0.9403090476989746,3.6182586882205214e-07,0.7516559362411499,0.8887957334518433,-0.025172054767608643,0.7071846723556519,0.796579897403717,-0.03789059817790985,0.671379804611206,0.7221667170524597,-0.049076393246650696,0.6363312005996704,0.6740607619285583,-0.060459211468696594,0.7586426138877869,0.6594043970108032,-0.021784605458378792,0.7354971766471863,0.5501295328140259,-0.039790164679288864,0.7226658463478088,0.4807819426059723,-0.05473512411117554,0.71495121717453,0.4189234673976898,-0.06667867302894592,0.8026463389396667,0.6448838114738464,-0.025792058557271957,0.802141010761261,0.5158746242523193,-0.04123811423778534,0.8037935495376587,0.434037446975708,-0.05652524158358574,0.8063562512397766,0.36059921979904175,-0.0683814212679863,0.8429316878318787,0.6646705865859985,-0.03334471210837364,0.8635693192481995,0.5506531000137329,-0.055671706795692444,0.8779803514480591,0.47492438554763794,-0.07306381314992905,0.8887471556663513,0.40383586287498474,-0.08481980115175247,0.8788954019546509,0.7103791832923889,-0.04258650541305542,0.9181185960769653,0.640616774559021,-0.06537500768899918,0.9457197189331055,0.5925335884094238,-0.07645393908023834,0.9679549932479858,0.5444124341011047,-0.08347368240356445,4
0.8049703240394592,0.9405409097671509,3.59226987711736e-07,0.749935507774353,0.8908075094223022,-0.02637559548020363,0.7063031792640686,0.7998830080032349,-0.03975100815296173,0.6711224913597107,0.7257213592529297,-0.051452428102493286,0.6357440948486328,0.6784007549285889,-0.06337679177522659,0.7588255405426025,0.6634905934333801,-0.023197917267680168,0.7358704209327698,0.5543839335441589,-0.041592471301555634,0.7231053113937378,0.48435020446777344,-0.0567164421081543,0.715442419052124,0.4220929741859436,-0.06883251667022705,0.8029928207397461,0.6487376689910889,-0.026830317452549934,0.8022118210792542,0.5204956531524658,-0.04300237447023392,0.8036932349205017,0.43839991092681885,-0.05872492864727974,0.8064252734184265,0.364627867937088,-0.07088455557823181,0.8431905508041382,0.6681801676750183,-0.03405698761343956,0.863971471786499,0.5533172488212585,-0.057290997356176376,0.8786038756370544,0.4775061011314392,-0.0750608891248703,0.889716386795044,0.40609437227249146,-0.08700554072856903,0.8791372776031494,0.7138070464134216,-0.043029580265283585,0.9187873005867004,0.6448245048522949,-0.06668071448802948,0.946354866027832,0.5969060063362122,-0.07820761948823929,0.9686003923416138,0.5486769080162048,-0.0854918509721756,4
0.8061141967773438,0.9438289403915405,3.583678278573643e-07,0.7501373291015625,0.8940631747245789,-0.025932123884558678,0.7058558464050293,0.8020647168159485,-0.03893071040511131,0.6708797216415405,0.7275952100753784,-0.050310321152210236,0.6362115740776062,0.6803045272827148,-0.06198884919285774,0.7583737373352051,0.6652786135673523,-0.023002522066235542,0.7355247735977173,0.5563958883285522,-0.04157963767647743,0.7228128910064697,0.4865816533565521,-0.05696772038936615,0.7152184247970581,0.42464324831962585,-0.06919164955615997,0.8026882410049438,0.6504214406013489,-0.026810497045516968,0.802380383014679,0.5215681791305542,-0.04268760606646538,0.8040746450424194,0.43944862484931946,-0.058282073587179184,0.8068028688430786,0.3658905029296875,-0.07040873169898987,0.8430984020233154,0.6698930859565735,-0.03419891744852066,0.863980233669281,0.5557054281234741,-0.05690304562449455,0.8784398436546326,0.4801614284515381,-0.07445476204156876,0.8892360329627991,0.40918877720832825,-0.08636268973350525,0.8790718913078308,0.7157882452011108,-0.04335266724228859,0.9184970855712891,0.6463625431060791,-0.06643334776163101,0.9461517333984375,0.5982413291931152,-0.07765273749828339,0.9684802293777466,0.5500537753105164,-0.08481241017580032,4
0.8056856393814087,0.944432258605957,3.572264120066393e-07,0.7502704858779907,0.8951957821846008,-0.026603933423757553,0.7059780359268188,0.8029801249504089,-0.039813894778490067,0.6714658141136169,0.7276353240013123,-0.05121847614645958,0.6366047859191895,0.6795699000358582,-0.06293479353189468,0.7587913870811462,0.6658549308776855,-0.024277707561850548,0.7359544038772583,0.5564754009246826,-0.04307437688112259,0.7235008478164673,0.48614364862442017,-0.05846305564045906,0.716169536113739,0.4234459102153778,-0.07074228674173355,0.8033782243728638,0.6510493159294128,-0.02782019041478634,0.8028764128684998,0.5223463773727417,-0.04403417184948921,0.8045652508735657,0.4400951862335205,-0.059712547808885574,0.8074012398719788,0.3661801815032959,-0.07191601395606995,0.8438436985015869,0.6705912947654724,-0.034946419298648834,0.86439049243927,0.5564821362495422,-0.05800837650895119,0.8788055777549744,0.4804815649986267,-0.07565241307020187,0.8896870017051697,0.4088088572025299,-0.08763355016708374,0.8798711895942688,0.716391384601593,-0.04387766122817993,0.918824315071106,0.6472111940383911,-0.06736258417367935,0.9462988376617432,0.5992477536201477,-0.07880283892154694,0.9685056209564209,0.5509376525878906,-0.08611498773097992,4
0.8074037432670593,0.9443200826644897,3.6792619084735634e-07,0.7519567012786865,0.8944076895713806,-0.0268428735435009,0.7077149152755737,0.8018078207969666,-0.04011320695281029,0.672419011592865,0.7264466881752014,-0.05150851979851723,0.637580156326294,0.6758934259414673,-0.06298429518938065,0.7589636445045471,0.6644017696380615,-0.0233767069876194,0.7362408638000488,0.554638147354126,-0.0416974239051342,0.7239097356796265,0.48463189601898193,-0.05669171363115311,0.7167466878890991,0.4220812916755676,-0.06863860040903091,0.8032950162887573,0.6499412655830383,-0.026590364053845406,0.8030153512954712,0.5212070941925049,-0.042393144220113754,0.8049701452255249,0.4389733374118805,-0.05774684622883797,0.8079808354377747,0.36524319648742676,-0.0696219950914383,0.8436177372932434,0.6695798635482788,-0.03348367288708687,0.8643822073936462,0.5555957555770874,-0.05620700493454933,0.8790172338485718,0.47991424798965454,-0.0735662430524826,0.8899694085121155,0.4083995819091797,-0.08527041226625443,0.8794884085655212,0.7149218320846558,-0.042209260165691376,0.918581485748291,0.6455483436584473,-0.06545926630496979,0.9461443424224854,0.5979154706001282,-0.07669564336538315,0.9683588147163391,0.5499666929244995,-0.08377912640571594,4
0.8068364858627319,0.9411806464195251,3.714341687555134e-07,0.7515835762023926,0.8920584917068481,-0.02642994560301304,0.7072629332542419,0.8006249666213989,-0.03953694552183151,0.6720534563064575,0.7255465984344482,-0.0507458858191967,0.6369292736053467,0.6760472059249878,-0.06208961084485054,0.7588452100753784,0.6616669297218323,-0.023545213043689728,0.7362640500068665,0.5521130561828613,-0.041405729949474335,0.7242313027381897,0.4821928143501282,-0.05598452314734459,0.7173755168914795,0.4198809564113617,-0.0677012950181961,0.803228497505188,0.6478785276412964,-0.026820646598935127,0.8031351566314697,0.5196008682250977,-0.04237736761569977,0.8052411675453186,0.4377427101135254,-0.05758064240217209,0.8083244562149048,0.3647502660751343,-0.06938288360834122,0.8435468673706055,0.6680206656455994,-0.033667922019958496,0.864305853843689,0.5544469356536865,-0.05634695291519165,0.8790132403373718,0.4785252809524536,-0.07394684106111526,0.8900923728942871,0.4071803689002991,-0.08583357185125351,0.8794548511505127,0.713811457157135,-0.04224712401628494,0.9187129139900208,0.6442965865135193,-0.06564544141292572,0.94622802734375,0.5962677597999573,-0.07721751928329468,0.9684930443763733,0.548005223274231,-0.08453114330768585,4
0.8066548705101013,0.941990315914154,3.746843049157178e-07,0.7512991428375244,0.8933587074279785,-0.026993297040462494,0.7073112726211548,0.8016520738601685,-0.04047897458076477,0.6720784902572632,0.7261887788772583,-0.05205116793513298,0.6368227005004883,0.6766223311424255,-0.06372025609016418,0.7584109306335449,0.6633528470993042,-0.02386067993938923,0.7357676029205322,0.5536321401596069,-0.04227835685014725,0.7236692905426025,0.48356515169143677,-0.05728474259376526,0.7167741060256958,0.4207818806171417,-0.06928419321775436,0.8027167916297913,0.6487337946891785,-0.02707982063293457,0.8023626208305359,0.5204375982284546,-0.04311055690050125,0.8043680787086487,0.43804943561553955,-0.058649417012929916,0.8074356317520142,0.36393195390701294,-0.07067514955997467,0.8429476618766785,0.6684383153915405,-0.033953163772821426,0.8636252880096436,0.5558462142944336,-0.05696021765470505,0.8782576322555542,0.4795091152191162,-0.07468248158693314,0.8892685174942017,0.4073221981525421,-0.08661767095327377,0.8788187503814697,0.7137303352355957,-0.042631812393665314,0.9179474711418152,0.6447166800498962,-0.06611525267362595,0.9453534483909607,0.5967751741409302,-0.07763873040676117,0.9674201011657715,0.5482295155525208,-0.0849362462759018,4
0.8061191439628601,0.944121241569519,3.6401164038579736e-07,0.7502764463424683,0.8939895629882812,-0.025578416883945465,0.7061877846717834,0.8017467260360718,-0.0382922999560833,0.6717997193336487,0.7262989282608032,-0.04937766492366791,0.6372867822647095,0.6788241267204285,-0.060784827917814255,0.7581509947776794,0.6649110317230225,-0.02291501685976982,0.7358472347259521,0.5554443001747131,-0.0410635843873024,0.7235886454582214,0.4850991666316986,-0.05611860379576683,0.7164376974105835,0.4221310615539551,-0.06820441782474518,0.8028106093406677,0.650627851486206,-0.02678699977695942,0.8028160929679871,0.5216394066810608,-0.04242389276623726,0.8048216104507446,0.43901991844177246,-0.05790083482861519,0.807776689529419,0.36493217945098877,-0.06998610496520996,0.8433282375335693,0.6703921556472778,-0.03415205702185631,0.8643327951431274,0.5563853979110718,-0.0566151887178421,0.8789060711860657,0.4802657663822174,-0.07414077967405319,0.8898342251777649,0.4090825915336609,-0.08605502545833588,0.8792292475700378,0.7160261273384094,-0.043245673179626465,0.918438196182251,0.6460111737251282,-0.06620782613754272,0.9458153247833252,0.5977156758308411,-0.07740277051925659,0.9679208397865295,0.5496606826782227,-0.08454953879117966,4
0.8083390593528748,0.9477981328964233,3.5430136335889983e-07,0.7518301606178284,0.8978602886199951,-0.025415072217583656,0.706409215927124,0.8054594993591309,-0.037873104214668274,0.6718268990516663,0.7301222085952759,-0.048728298395872116,0.6374395489692688,0.6827928423881531,-0.05995107442140579,0.7589285969734192,0.6686650514602661,-0.022952858358621597,0.736348569393158,0.5585492849349976,-0.041197434067726135,0.7240146398544312,0.48804712295532227,-0.056307654827833176,0.7165077328681946,0.4255159795284271,-0.06839582324028015,0.8035348653793335,0.6542466878890991,-0.0268696341663599,0.8031014204025269,0.5247857570648193,-0.04267124831676483,0.8049867153167725,0.4422570466995239,-0.05827238783240318,0.807762861251831,0.36839014291763306,-0.07043008506298065,0.8440546989440918,0.6739081144332886,-0.03427065536379814,0.8649687170982361,0.5595536828041077,-0.05695832148194313,0.879643976688385,0.48339226841926575,-0.07469958811998367,0.8906280398368835,0.4122559726238251,-0.08676575124263763,0.880068838596344,0.7195956707000732,-0.04335915297269821,0.9193457961082458,0.649757981300354,-0.06666764616966248,0.9470155835151672,0.6019370555877686,-0.07809359580278397,0.9693118333816528,0.554243803024292,-0.0853700116276741,4
0.8078075647354126,0.9486895799636841,3.557750574145757e-07,0.7518123984336853,0.8989263772964478,-0.024831512942910194,0.7067901492118835,0.8069410920143127,-0.036988336592912674,0.6718988418579102,0.7327642440795898,-0.04764325171709061,0.6374764442443848,0.6857788562774658,-0.058618731796741486,0.7584683299064636,0.6697606444358826,-0.02197573520243168,0.7354028820991516,0.5601513385772705,-0.039549361914396286,0.7232509255409241,0.4899420142173767,-0.054153889417648315,0.7160285711288452,0.4274227023124695,-0.06594616174697876,0.803016722202301,0.6555489301681519,-0.026095030829310417,0.8027397394180298,0.5272427797317505,-0.041363995522260666,0.8047497868537903,0.444934219121933,-0.05672333389520645,0.8077062964439392,0.37126624584198,-0.06870346516370773,0.8433986902236938,0.6754605174064636,-0.03363819420337677,0.8645843267440796,0.5609591007232666,-0.056026309728622437,0.8794352412223816,0.484883189201355,-0.0736670196056366,0.890540361404419,0.41329851746559143,-0.08566734939813614,0.879241406917572,0.7216140627861023,-0.042807698249816895,0.9189550280570984,0.6524640917778015,-0.066163070499897,0.9467023015022278,0.6047487258911133,-0.07757771760225296,0.969109296798706,0.5568586587905884,-0.08478409051895142,4
0.8074902892112732,0.9497014880180359,3.6593124264072685e-07,0.7519012093544006,0.9020313024520874,-0.02600271627306938,0.7065874934196472,0.8108126521110535,-0.038867127150297165,0.6713434457778931,0.735515832901001,-0.04995070770382881,0.6366934180259705,0.6865891814231873,-0.06123874709010124,0.7577311992645264,0.672480583190918,-0.02371354214847088,0.7349363565444946,0.562810480594635,-0.041907306760549545,0.7226986885070801,0.49277442693710327,-0.05678112804889679,0.7156701683998108,0.4303164780139923,-0.06869568675756454,0.8020268082618713,0.6573197841644287,-0.027306564152240753,0.8014500141143799,0.528217077255249,-0.0429765060544014,0.8033701777458191,0.4456941783428192,-0.058393966406583786,0.8064797520637512,0.37180760502815247,-0.07043476402759552,0.8424516916275024,0.6766720414161682,-0.03437222167849541,0.8635286092758179,0.5623295307159424,-0.057105883955955505,0.878365159034729,0.4861446022987366,-0.07478794455528259,0.8895184993743896,0.414908766746521,-0.08680866658687592,0.8785195350646973,0.7222340106964111,-0.043146323412656784,0.9182552695274353,0.6528908014297485,-0.06682267040014267,0.9461598992347717,0.6050148010253906,-0.07844474911689758,0.9686751961708069,0.557344377040863,-0.08576732873916626,4
0.8067660331726074,0.9497634172439575,3.615147363689175e-07,0.7514015436172485,0.9003967046737671,-0.02443147450685501,0.7062667012214661,0.8093531131744385,-0.03649216517806053,0.6713377237319946,0.7358555197715759,-0.04703525826334953,0.6374497413635254,0.6878989934921265,-0.05788828805088997,0.757451593875885,0.67074054479599,-0.021814929321408272,0.7342838644981384,0.5617327094078064,-0.039365846663713455,0.7220508456230164,0.49198877811431885,-0.053822971880435944,0.7150450348854065,0.43009117245674133,-0.06542924791574478,0.8020461797714233,0.6565120816230774,-0.026031671091914177,0.801461935043335,0.5274978876113892,-0.04105604067444801,0.803257167339325,0.44535213708877563,-0.056180696934461594,0.8061255216598511,0.37235239148139954,-0.06798549741506577,0.8425283432006836,0.6765351891517639,-0.03364568576216698,0.8635730743408203,0.5625818967819214,-0.05578962340950966,0.8780553936958313,0.48614808917045593,-0.0733940526843071,0.8889191150665283,0.4147655665874481,-0.08539748191833496,0.8784417510032654,0.7227148413658142,-0.04282992333173752,0.9179389476776123,0.6539013385772705,-0.06594276428222656,0.9454587697982788,0.6059258580207825,-0.07730952650308609,0.9676564931869507,0.5578590631484985,-0.08450201153755188,4
0.8067663311958313,0.9500454068183899,3.6721155538543826e-07,0.7507377862930298,0.9000786542892456,-0.025403602048754692,0.7057178616523743,0.8101472854614258,-0.03825191408395767,0.6702933311462402,0.737126350402832,-0.04948921129107475,0.635983943939209,0.689685583114624,-0.060985177755355835,0.757369339466095,0.672537088394165,-0.02283879928290844,0.7343555092811584,0.5636470317840576,-0.04097036272287369,0.721815288066864,0.4939424693584442,-0.05588318035006523,0.7144143581390381,0.43180710077285767,-0.06780893355607986,0.8019188046455383,0.6577308773994446,-0.026841670274734497,0.8012314438819885,0.5291129946708679,-0.04245384410023689,0.8028419017791748,0.4469742774963379,-0.057971179485321045,0.8055981397628784,0.37307238578796387,-0.07003210484981537,0.8423848748207092,0.6773034930229187,-0.0343148298561573,0.8632702231407166,0.5637010335922241,-0.05693314969539642,0.8775206208229065,0.48761093616485596,-0.07470256835222244,0.8881978988647461,0.41604122519493103,-0.0867495909333229,0.8783637881278992,0.7230004668235779,-0.04344828799366951,0.9176385402679443,0.6544765830039978,-0.06681893765926361,0.9449641704559326,0.6068127155303955,-0.0782485082745552,0.9669754505157471,0.5589677691459656,-0.08544428646564484,4
0.8072907328605652,0.952625036239624,3.640498107415624e-07,0.7517671585083008,0.903965950012207,-0.026063701137900352,0.7073317766189575,0.8129264116287231,-0.038890305906534195,0.6722444295883179,0.7380934357643127,-0.0498909093439579,0.6376015543937683,0.6884275078773499,-0.061071038246154785,0.7579492926597595,0.6720589399337769,-0.022903339937329292,0.7346835136413574,0.5631212592124939,-0.04067116603255272,0.7221574187278748,0.49329233169555664,-0.05535721406340599,0.7148432731628418,0.43105629086494446,-0.06717633455991745,0.8026025295257568,0.6576940417289734,-0.026412982493638992,0.8017594218254089,0.5296237468719482,-0.041683174669742584,0.8035943508148193,0.44747573137283325,-0.05698263272643089,0.8063758015632629,0.3744257092475891,-0.06892317533493042,0.8431730270385742,0.6778296828269958,-0.03347679227590561,0.863784670829773,0.5634203553199768,-0.05601472035050392,0.8783636689186096,0.4869459271430969,-0.07373519241809845,0.8892242908477783,0.41503551602363586,-0.0857665091753006,0.8791806697845459,0.7240799069404602,-0.042245492339134216,0.9182480573654175,0.6541158556938171,-0.06591271609067917,0.9456695318222046,0.6060293912887573,-0.07756325602531433,0.9677892923355103,0.5577903389930725,-0.08486461639404297,4
0.8077425360679626,0.9552198648452759,3.692150585266063e-07,0.7513388395309448,0.9064410924911499,-0.025761384516954422,0.7064003944396973,0.8152871131896973,-0.03850313648581505,0.6711438298225403,0.7406734228134155,-0.049476586282253265,0.636362612247467,0.692916750907898,-0.0606958344578743,0.7583563327789307,0.6751500368118286,-0.02259696274995804,0.7351903915405273,0.5659211874008179,-0.04028879478573799,0.7229315638542175,0.49614834785461426,-0.055052340030670166,0.7160537242889404,0.4341334104537964,-0.06692436337471008,0.8028445839881897,0.6610342860221863,-0.0262700654566288,0.8019720911979675,0.5319911241531372,-0.04142305627465248,0.8036297559738159,0.4498303234577179,-0.056765858083963394,0.8065758943557739,0.3767271041870117,-0.06874924898147583,0.8432827591896057,0.6811046600341797,-0.03347267210483551,0.8638615608215332,0.5658296346664429,-0.0557732954621315,0.8782424926757812,0.489357590675354,-0.0735587328672409,0.8891738057136536,0.4179385006427765,-0.08568409830331802,0.8792492747306824,0.727230966091156,-0.042371440678834915,0.9183778762817383,0.6574673056602478,-0.06568892300128937,0.9456826448440552,0.6092436909675598,-0.07727006077766418,0.9677796959877014,0.5609385967254639,-0.08460192382335663,4
0.8067298531532288,0.956165075302124,3.639348449269164e-07,0.7510988116264343,0.9076988697052002,-0.026191458106040955,0.7064282894134521,0.8166565299034119,-0.03915798291563988,0.6711851954460144,0.7423417568206787,-0.050319790840148926,0.6370075941085815,0.6927184462547302,-0.06169964000582695,0.7584221363067627,0.6761740446090698,-0.023018717765808105,0.7352626323699951,0.5679340362548828,-0.041066210716962814,0.7228065729141235,0.49848735332489014,-0.05608396232128143,0.7157034277915955,0.4362215995788574,-0.06818531453609467,0.8029826283454895,0.6617392897605896,-0.026650365442037582,0.8024111986160278,0.533927321434021,-0.042291153222322464,0.804297685623169,0.4518161118030548,-0.05797167867422104,0.8074285984039307,0.37821733951568604,-0.07020734250545502,0.8433317542076111,0.6820755004882812,-0.03386080637574196,0.8642509579658508,0.5681416988372803,-0.056799594312906265,0.8789228200912476,0.4920889139175415,-0.07478886097669601,0.8901064991950989,0.4204971194267273,-0.0869876891374588,0.8790053129196167,0.7287365198135376,-0.04278542846441269,0.9182300567626953,0.6596802473068237,-0.06689868122339249,0.9459304809570312,0.6118994951248169,-0.07881121337413788,0.9684418439865112,0.5637879967689514,-0.08628126978874207,4
0.8064599633216858,0.9548975229263306,3.7118891782483843e-07,0.7504392862319946,0.9070148468017578,-0.026584815233945847,0.7057947516441345,0.8170474767684937,-0.03972550854086876,0.6705180406570435,0.7432022094726562,-0.050963882356882095,0.6362263560295105,0.6937569379806519,-0.062457356601953506,0.7578558325767517,0.676457941532135,-0.023670753464102745,0.734941840171814,0.5678667426109314,-0.04175504297018051,0.7228818535804749,0.49819254875183105,-0.056706126779317856,0.7161941528320312,0.4354792535305023,-0.06880047172307968,0.8027056455612183,0.6619685888290405,-0.027034375816583633,0.8022142648696899,0.5338873267173767,-0.04264562577009201,0.8042755126953125,0.4520875811576843,-0.05818049982190132,0.8075874447822571,0.3786396086215973,-0.0703737884759903,0.8431514501571655,0.6825650334358215,-0.03398844227194786,0.8645787835121155,0.5683561563491821,-0.057018131017684937,0.8794612288475037,0.4921719431877136,-0.07503899931907654,0.8908381462097168,0.4201560914516449,-0.08729878067970276,0.8788744211196899,0.7295253872871399,-0.04266773536801338,0.9187774658203125,0.6608045697212219,-0.06697055697441101,0.946544349193573,0.6129019856452942,-0.07906997203826904,0.9690513610839844,0.5641540288925171,-0.0867113545536995,4
0.8076216578483582,0.9598874449729919,3.7163425758990343e-07,0.7518119215965271,0.9115350246429443,-0.027397530153393745,0.7074422836303711,0.8206732869148254,-0.040799178183078766,0.6719009280204773,0.7458258867263794,-0.05221204459667206,0.6372801661491394,0.6958665251731873,-0.06377160549163818,0.7585112452507019,0.6786819696426392,-0.023643748834729195,0.7358243465423584,0.5694144368171692,-0.04192044585943222,0.7235705852508545,0.4989011883735657,-0.057158052921295166,0.7164870500564575,0.43580305576324463,-0.06939850747585297,0.8031564354896545,0.6641574501991272,-0.026687325909733772,0.8030635714530945,0.5365757346153259,-0.042486682534217834,0.804975152015686,0.45414385199546814,-0.058272119611501694,0.8078686594963074,0.3803163766860962,-0.07057684659957886,0.843463122844696,0.6844051480293274,-0.03345899283885956,0.8647387623786926,0.5702206492424011,-0.056568559259176254,0.8796252608299255,0.4941624402999878,-0.07473145425319672,0.8908243775367737,0.4223458468914032,-0.08700449019670486,0.8790924549102783,0.7308506369590759,-0.042066462337970734,0.9186598658561707,0.6614114046096802,-0.06632625311613083,0.9463626146316528,0.6137218475341797,-0.07841090857982635,0.9688887596130371,0.5656455755233765,-0.08597646653652191,4
0.8069947957992554,0.9599548578262329,3.7289581200639077e-07,0.7515033483505249,0.9124256372451782,-0.027378594502806664,0.7073891758918762,0.8213499784469604,-0.04103181138634682,0.6719240546226501,0.7462587952613831,-0.05264721065759659,0.6371737718582153,0.6957912445068359,-0.06439928710460663,0.7590087056159973,0.6795837879180908,-0.02449950762093067,0.7363543510437012,0.5699430704116821,-0.043071992695331573,0.7242498397827148,0.500084400177002,-0.05835698917508125,0.717552661895752,0.4375949800014496,-0.07056477665901184,0.8036714792251587,0.6649069786071777,-0.027478665113449097,0.803337037563324,0.536945104598999,-0.043482083827257156,0.8055387735366821,0.45491263270378113,-0.05919316038489342,0.8089565634727478,0.3811984956264496,-0.07140763103961945,0.8442731499671936,0.6849660873413086,-0.034115128219127655,0.8657434582710266,0.5706762075424194,-0.057195279747247696,0.8809710741043091,0.4950386583805084,-0.0751008540391922,0.8926217555999756,0.42363274097442627,-0.08721417933702469,0.8802216649055481,0.7313610911369324,-0.042579300701618195,0.9200870394706726,0.6624399423599243,-0.0666680708527565,0.9479314088821411,0.6149329543113708,-0.07862727344036102,0.9705629348754883,0.5668680667877197,-0.08612070232629776,4
0.8095366954803467,0.961261510848999,3.785211788454035e-07,0.7533535957336426,0.9153479933738708,-0.02780732698738575,0.7085097432136536,0.8236064910888672,-0.04149565100669861,0.6734246015548706,0.746408224105835,-0.0530393160879612,0.6380312442779541,0.6955645084381104,-0.06468981504440308,0.7597157955169678,0.6806222200393677,-0.024834414944052696,0.7374616861343384,0.5706562995910645,-0.04337486997246742,0.7255187034606934,0.5005496144294739,-0.058592818677425385,0.7188396453857422,0.4376292824745178,-0.07081620395183563,0.804294764995575,0.6655376553535461,-0.027757983654737473,0.8041190505027771,0.5369362831115723,-0.043802905827760696,0.8064473867416382,0.4546463191509247,-0.05947495996952057,0.8100747466087341,0.3806630074977875,-0.0716940239071846,0.8446781635284424,0.6858339905738831,-0.0343790166079998,0.8663342595100403,0.5721927881240845,-0.057641103863716125,0.8815675377845764,0.49668025970458984,-0.07564756274223328,0.8932236433029175,0.4254360496997833,-0.0878409817814827,0.8805186748504639,0.7323041558265686,-0.04285436123609543,0.9203641414642334,0.663401186466217,-0.06720061600208282,0.9481784105300903,0.6157984137535095,-0.07929448783397675,0.9707823991775513,0.5676018595695496,-0.08689583092927933,4
0.808618426322937,0.9615187644958496,3.767848113511718e-07,0.7526955604553223,0.9135880470275879,-0.027076227590441704,0.7085431814193726,0.8217074871063232,-0.04018007591366768,0.6734827756881714,0.7454560995101929,-0.051254767924547195,0.6384913921356201,0.6951430439949036,-0.06244257465004921,0.7596475481987,0.6801687479019165,-0.023471565917134285,0.7370861172676086,0.5705789923667908,-0.041301824152469635,0.7249917984008789,0.5003498792648315,-0.056046586483716965,0.7182611227035522,0.43741437792778015,-0.06797032803297043,0.8043309450149536,0.6653837561607361,-0.02649293653666973,0.8043484687805176,0.5369398593902588,-0.04183964431285858,0.8068222403526306,0.45459532737731934,-0.05721215531229973,0.810454249382019,0.38099417090415955,-0.06920812278985977,0.8448227643966675,0.6855648159980774,-0.033174414187669754,0.8662920594215393,0.5722137689590454,-0.055819131433963776,0.8814095854759216,0.495930552482605,-0.07371208816766739,0.8928791284561157,0.4238058626651764,-0.08584878593683243,0.8807274103164673,0.7316296696662903,-0.041652143001556396,0.9203367233276367,0.6625460982322693,-0.06542827188968658,0.947990894317627,0.6147805452346802,-0.07730059325695038,0.9704810976982117,0.5664446353912354,-0.0847625881433487,4
0.24517522752285004,0.6719077825546265,4.006589620075829e-07,0.17758311331272125,0.6238089799880981,-0.022189971059560776,0.1264537125825882,0.5073694586753845,-0.028711456805467606,0.09076444059610367,0.4184677302837372,-0.03393184021115303,0.05562448501586914,0.3673011064529419,-0.039388325065374374,0.18429124355316162,0.36083129048347473,-0.011049418710172176,0.16943825781345367,0.24268031120300293,-0.023557592183351517,0.15874645113945007,0.17071837186813354,-0.0353257954120636,0.14932864904403687,0.10875415802001953,-0.04593880474567413,0.22867588698863983,0.3503949046134949,-0.015994831919670105,0.23517079651355743,0.21498118340969086,-0.027173133566975594,0.2372743934392929,0.128005713224411,-0.041222572326660156,0.2389182448387146,0.05572324991226196,-0.052499961107969284,0.2667648196220398,0.3723229467868805,-0.024887334555387497,0.2888498902320862,0.24893136322498322,-0.044141557067632675,0.30266737937927246,0.173058420419693,-0.061677515506744385,0.3133549094200134,0.1036769449710846,-0.07423935830593109,0.2989974319934845,0.4192459285259247,-0.03540704771876335,0.33421698212623596,0.3493061661720276,-0.05813329666852951,0.3585253357887268,0.3010997474193573,-0.07078617066144943,0.37900060415267944,0.25201863050460815,-0.07910815626382828,4
0.2436530441045761,0.6786285042762756,3.9418412711711426e-07,0.17541231215000153,0.6280924081802368,-0.021057577803730965,0.12506389617919922,0.5073540806770325,-0.02561306580901146,0.08929731696844101,0.4165615141391754,-0.029179347679018974,0.05292785167694092,0.37150830030441284,-0.033155910670757294,0.18282093107700348,0.36454933881759644,-0.0071126376278698444,0.16904447972774506,0.24581216275691986,-0.017850877717137337,0.15826737880706787,0.17344774305820465,-0.028563713654875755,0.14851489663124084,0.11082562804222107,-0.038727764040231705,0.22732369601726532,0.35436004400253296,-0.01203023549169302,0.23417605459690094,0.21783871948719025,-0.02194468304514885,0.23634295165538788,0.1301032304763794,-0.03538782522082329,0.23798735439777374,0.057043224573135376,-0.04639795422554016,0.26555395126342773,0.3759540319442749,-0.02100452594459057,0.28743574023246765,0.25207868218421936,-0.03956007957458496,0.30109694600105286,0.17516519129276276,-0.05734718590974808,0.3116227388381958,0.10497549176216125,-0.07019641995429993,0.29815202951431274,0.42141303420066833,-0.03156574070453644,0.33351990580558777,0.35162582993507385,-0.05395844951272011,0.3580873906612396,0.3025106191635132,-0.06703126430511475,0.3792262673377991,0.25242680311203003,-0.07588224112987518,4
0.24737057089805603,0.6783344745635986,3.890934010541969e-07,0.17884698510169983,0.6312738656997681,-0.022020328789949417,0.12671983242034912,0.508267343044281,-0.026384346187114716,0.0913940966129303,0.41642990708351135,-0.029456738382577896,0.05486856400966644,0.37061768770217896,-0.0328957661986351,0.18508222699165344,0.3642405867576599,-0.008464466780424118,0.17025910317897797,0.24543333053588867,-0.019061557948589325,0.15929339826107025,0.17325522005558014,-0.02950562722980976,0.14946511387825012,0.11069688200950623,-0.039532892405986786,0.22968122363090515,0.35359904170036316,-0.012976889498531818,0.2355431467294693,0.21679434180259705,-0.022683771327137947,0.23753346502780914,0.12929052114486694,-0.03589237108826637,0.2394152730703354,0.05694770812988281,-0.04676162078976631,0.2679821848869324,0.3755777180194855,-0.02159796841442585,0.2896696627140045,0.25205540657043457,-0.04033609852194786,0.3034820258617401,0.17542444169521332,-0.05821895971894264,0.3146114945411682,0.10536858439445496,-0.07114093005657196,0.30055007338523865,0.42146486043930054,-0.03187026455998421,0.33517417311668396,0.35167601704597473,-0.05478924512863159,0.35979723930358887,0.3031523823738098,-0.06810719519853592,0.38104575872421265,0.25319141149520874,-0.07710602879524231,4
0.2487247884273529,0.6769068241119385,3.9334287293968373e-07,0.17994967103004456,0.6307913064956665,-0.022631680592894554,0.12725993990898132,0.5103891491889954,-0.028204161673784256,0.09133371710777283,0.41889503598213196,-0.03240124508738518,0.05430948734283447,0.37218695878982544,-0.03701292350888252,0.18605296313762665,0.36558979749679565,-0.010636969469487667,0.17077122628688812,0.24693280458450317,-0.022222407162189484,0.1597030609846115,0.1751350462436676,-0.03333577513694763,0.14998409152030945,0.11255508661270142,-0.04376641660928726,0.2307223379611969,0.35483166575431824,-0.015160737559199333,0.23629653453826904,0.21801182627677917,-0.025634074583649635,0.23795859515666962,0.1307041049003601,-0.0392628014087677,0.23972764611244202,0.05816841125488281,-0.05043002590537071,0.26907917857170105,0.37686070799827576,-0.02369108237326145,0.29106685519218445,0.25258952379226685,-0.042832206934690475,0.30490484833717346,0.17741189897060394,-0.06038598716259003,0.3160948157310486,0.10858619213104248,-0.07304445654153824,0.30152928829193115,0.4232669174671173,-0.03390583023428917,0.3362969756126404,0.3538123667240143,-0.05701344087719917,0.36073440313339233,0.30577850341796875,-0.06997770816087723,0.38170763850212097,0.2561582028865814,-0.07862047106027603,4
0.25054335594177246,0.6755423545837402,3.9323546729974623e-07,0.18133187294006348,0.62665855884552,-0.020765017718076706,0.12961207330226898,0.5062016248703003,-0.02538895793259144,0.09404817223548889,0.41652122139930725,-0.02908261865377426,0.05710957944393158,0.37138739228248596,-0.033273015171289444,0.18768168985843658,0.3633328080177307,-0.008163574151694775,0.1727297008037567,0.2451305091381073,-0.019086474552750587,0.16155993938446045,0.1736101508140564,-0.029844239354133606,0.1515318751335144,0.11163333058357239,-0.04000586271286011,0.23238436877727509,0.3533051609992981,-0.013417672365903854,0.23796389997005463,0.2172459214925766,-0.02322320081293583,0.23938292264938354,0.13024160265922546,-0.03674083575606346,0.24066799879074097,0.057383447885513306,-0.04784495010972023,0.27087152004241943,0.37532079219818115,-0.022561324760317802,0.2923792600631714,0.2512505054473877,-0.04105866700410843,0.305951863527298,0.17596328258514404,-0.05852372571825981,0.31674861907958984,0.10712522268295288,-0.07117236405611038,0.3032904863357544,0.4216490387916565,-0.03324156254529953,0.3376862406730652,0.3522162139415741,-0.05574335530400276,0.36194083094596863,0.30432215332984924,-0.0683705285191536,0.382804811000824,0.2553802728652954,-0.07679601013660431,4
0.2521287500858307,0.6712062358856201,3.984312684224278e-07,0.18395891785621643,0.6217718124389648,-0.02203233353793621,0.13199618458747864,0.5032327175140381,-0.02788384072482586,0.09625151008367538,0.41336187720298767,-0.03257640078663826,0.05948984622955322,0.3673892021179199,-0.03776056692004204,0.19026927649974823,0.36221420764923096,-0.010958680883049965,0.1757005751132965,0.2440505027770996,-0.022944074124097824,0.16480500996112823,0.1723359078168869,-0.0341578871011734,0.15520703792572021,0.1100030243396759,-0.044535182416439056,0.23453402519226074,0.35210055112838745,-0.015750011429190636,0.2408362478017807,0.21655987203121185,-0.02668372169137001,0.24266208708286285,0.12966641783714294,-0.04047609865665436,0.24456951022148132,0.05654272437095642,-0.051691289991140366,0.2726026177406311,0.3736693859100342,-0.024440258741378784,0.2949073016643524,0.2503189444541931,-0.04372674599289894,0.3087996244430542,0.17492611706256866,-0.06131436675786972,0.3200435936450958,0.10593023896217346,-0.073929063975811,0.3048880994319916,0.41927534341812134,-0.034734971821308136,0.34026291966438293,0.3504137098789215,-0.05754711851477623,0.36490118503570557,0.30229702591896057,-0.07029993832111359,0.38618922233581543,0.25319570302963257,-0.078778475522995,4
0.253309428691864,0.6701703667640686,4.0399586964667833e-07,0.18521800637245178,0.6236846446990967,-0.023339156061410904,0.13321086764335632,0.5076229572296143,-0.030597763136029243,0.09684973955154419,0.4173387289047241,-0.03635566681623459,0.05953937768936157,0.3701707124710083,-0.04248815402388573,0.19092287123203278,0.36386579275131226,-0.013489503413438797,0.17623569071292877,0.24530917406082153,-0.02639876678586006,0.1655104160308838,0.17364457249641418,-0.0381307378411293,0.15618032217025757,0.11131301522254944,-0.04880906268954277,0.23576198518276215,0.35300177335739136,-0.018015863373875618,0.24171462655067444,0.2181115448474884,-0.029760323464870453,0.2433374524116516,0.13102248311042786,-0.04395020753145218,0.24507130682468414,0.057377129793167114,-0.05543820559978485,0.27415457367897034,0.374374657869339,-0.026424860581755638,0.2962624132633209,0.2518686056137085,-0.046382490545511246,0.3099091947078705,0.17709237337112427,-0.0639394223690033,0.32090193033218384,0.10800257325172424,-0.07650312036275864,0.30642417073249817,0.4201113283634186,-0.036499787122011185,0.3413829505443573,0.3520777225494385,-0.060008466243743896,0.365505576133728,0.3046109974384308,-0.07282191514968872,0.38618648052215576,0.25544074177742004,-0.08122753351926804,4
0.25189363956451416,0.6762516498565674,3.9944538343661407e-07,0.18309053778648376,0.6300126314163208,-0.02172473818063736,0.1310030221939087,0.5094383955001831,-0.02670099586248398,0.09543827921152115,0.4182828664779663,-0.030418507754802704,0.059273526072502136,0.3728926181793213,-0.03455525264143944,0.18923017382621765,0.364224374294281,-0.009876600466668606,0.1747821420431137,0.24631716310977936,-0.021048450842499733,0.16363778710365295,0.17507359385490417,-0.03177677094936371,0.15381218492984772,0.1130874752998352,-0.04193580523133278,0.23424310982227325,0.35324031114578247,-0.014722504653036594,0.2403985857963562,0.2178739458322525,-0.024852804839611053,0.24165621399879456,0.1306089460849762,-0.03835692256689072,0.2429811656475067,0.057224154472351074,-0.049423277378082275,0.27268704771995544,0.37472715973854065,-0.02347174659371376,0.2953614890575409,0.2513140141963959,-0.04231413081288338,0.30864453315734863,0.17632552981376648,-0.05980310216546059,0.31920701265335083,0.10739964246749878,-0.07242295145988464,0.3048461079597473,0.42082566022872925,-0.03382209315896034,0.3404301106929779,0.352265328168869,-0.05681704729795456,0.3646544814109802,0.30422431230545044,-0.06976459920406342,0.38531410694122314,0.25451910495758057,-0.0783369392156601,4
0.25281110405921936,0.6773380637168884,4.018674815142731e-07,0.18336358666419983,0.6306531429290771,-0.022206999361515045,0.13101105391979218,0.5099213123321533,-0.02711016684770584,0.09463497251272202,0.4173617660999298,-0.03074629418551922,0.05738966166973114,0.37226206064224243,-0.03470500558614731,0.1892281472682953,0.36450377106666565,-0.008323575370013714,0.17450378835201263,0.24569034576416016,-0.01898370124399662,0.16347436606884003,0.17378506064414978,-0.02966662496328354,0.1535874307155609,0.1109316349029541,-0.03993387147784233,0.23392844200134277,0.3531320095062256,-0.012806643731892109,0.24033358693122864,0.21687419712543488,-0.022436141967773438,0.2422640323638916,0.12935104966163635,-0.035753536969423294,0.24402859807014465,0.05588236451148987,-0.04678182676434517,0.27223706245422363,0.3744926154613495,-0.021401748061180115,0.29464101791381836,0.2509799301624298,-0.03997109830379486,0.30828896164894104,0.17523060739040375,-0.05771269649267197,0.3190670609474182,0.10544642806053162,-0.070590078830719,0.3047977685928345,0.42022907733917236,-0.031691279262304306,0.34021255373954773,0.3519485890865326,-0.0544285774230957,0.3645888566970825,0.30394038558006287,-0.06763435155153275,0.3855559825897217,0.25399893522262573,-0.07656191289424896,4
0.24973039329051971,0.6758193969726562,4.0300733417097945e-07,0.18121463060379028,0.6279594302177429,-0.021961862221360207,0.12908008694648743,0.5082839727401733,-0.02741347812116146,0.09269027411937714,0.4175699055194855,-0.031707923859357834,0.055519089102745056,0.3712920546531677,-0.03642824664711952,0.18740592896938324,0.36201798915863037,-0.008851965889334679,0.1729675531387329,0.2436782866716385,-0.01996873877942562,0.16204912960529327,0.1720741093158722,-0.030974455177783966,0.15235382318496704,0.11002644896507263,-0.041392676532268524,0.23241090774536133,0.35216665267944336,-0.013755683787167072,0.23875723779201508,0.21515566110610962,-0.023871053010225296,0.24096328020095825,0.12800753116607666,-0.03767209127545357,0.24308639764785767,0.05555713176727295,-0.049045395106077194,0.27099230885505676,0.37468233704566956,-0.02269641123712063,0.29344114661216736,0.2501654028892517,-0.04179907590150833,0.30742496252059937,0.17375823855400085,-0.059772394597530365,0.3184521794319153,0.10376834869384766,-0.07275403290987015,0.3038526177406311,0.4214441478252411,-0.033232349902391434,0.33919060230255127,0.350719153881073,-0.05621495097875595,0.3637397885322571,0.30190587043762207,-0.06926046311855316,0.38461852073669434,0.2517118453979492,-0.07804317027330399,4
0.2521611154079437,0.6723915338516235,3.961552863529505e-07,0.18292000889778137,0.6250223517417908,-0.02159685641527176,0.12963104248046875,0.5074355006217957,-0.02747313864529133,0.09319876879453659,0.4176180958747864,-0.03223224729299545,0.056221410632133484,0.37056565284729004,-0.037475042045116425,0.18817740678787231,0.36178117990493774,-0.010507263243198395,0.17243845760822296,0.24293796718120575,-0.0222595427185297,0.16124370694160461,0.17064319550991058,-0.033433590084314346,0.15165624022483826,0.10804551839828491,-0.04388284310698509,0.23300351202487946,0.35088473558425903,-0.015597169287502766,0.23870879411697388,0.21417030692100525,-0.026096530258655548,0.2406339943408966,0.12718793749809265,-0.03969518095254898,0.24254989624023438,0.05482560396194458,-0.050940439105033875,0.27163010835647583,0.37235119938850403,-0.024583235383033752,0.2932678461074829,0.24762050807476044,-0.04355921596288681,0.3068426251411438,0.1716233342885971,-0.06108313798904419,0.3177036643028259,0.10229238867759705,-0.07386390119791031,0.30444690585136414,0.4184475243091583,-0.03515613079071045,0.3394722640514374,0.3487163484096527,-0.05788042023777962,0.3636953830718994,0.2999964952468872,-0.07072870433330536,0.3845405876636505,0.2502681314945221,-0.07941953092813492,4
0.25081223249435425,0.6691220998764038,4.0506643017579336e-07,0.182430237531662,0.6202456951141357,-0.022092586383223534,0.13010841608047485,0.5020122528076172,-0.028194008395075798,0.09304589778184891,0.41171199083328247,-0.033144254237413406,0.05544818937778473,0.36621803045272827,-0.03858674690127373,0.18899932503700256,0.3599805235862732,-0.01055490504950285,0.17366433143615723,0.24107855558395386,-0.02233675867319107,0.162967249751091,0.16913312673568726,-0.033539388328790665,0.1536916196346283,0.10659271478652954,-0.04396148771047592,0.23391598463058472,0.34959354996681213,-0.015356635674834251,0.2396315187215805,0.2122558355331421,-0.026072360575199127,0.24128760397434235,0.1247033178806305,-0.03982607275247574,0.242839515209198,0.05090069770812988,-0.05100823566317558,0.27275246381759644,0.37128013372421265,-0.02405587211251259,0.29446154832839966,0.2453625202178955,-0.04341984540224075,0.3081730902194977,0.16972596943378448,-0.061049461364746094,0.3190126121044159,0.10030049085617065,-0.07361315190792084,0.30583080649375916,0.41715309023857117,-0.03432193025946617,0.34114697575569153,0.34710896015167236,-0.05724310874938965,0.36551225185394287,0.29878562688827515,-0.06998671591281891,0.38634192943573,0.24896223843097687,-0.0784168615937233,4
0.2527357339859009,0.6617416143417358,4.1619242097112874e-07,0.1847723126411438,0.615980863571167,-0.025060100480914116,0.13229241967201233,0.5028781294822693,-0.03395296633243561,0.0953047052025795,0.41318729519844055,-0.04105398803949356,0.05757300555706024,0.36291614174842834,-0.04853253439068794,0.19042567908763885,0.3573380708694458,-0.017162224277853966,0.17519807815551758,0.2383592426776886,-0.03176964074373245,0.16374468803405762,0.1665922850370407,-0.04440195485949516,0.15388667583465576,0.10349127650260925,-0.05553790554404259,0.23543596267700195,0.3461487591266632,-0.021349860355257988,0.24088840186595917,0.21060265600681305,-0.03474687412381172,0.24210084974765778,0.12299564480781555,-0.04982328787446022,0.24362590909004211,0.047956645488739014,-0.06187213212251663,0.2739986479282379,0.36732015013694763,-0.029429951682686806,0.2962301969528198,0.24467463791370392,-0.05094631016254425,0.30985158681869507,0.16931240260601044,-0.06916388869285583,0.32087698578834534,0.09963077306747437,-0.0820094496011734,0.3064119815826416,0.41295188665390015,-0.03921898826956749,0.34152865409851074,0.34391283988952637,-0.06392505764961243,0.36617884039878845,0.29659533500671387,-0.07715088874101639,0.3872600793838501,0.2480008602142334,-0.08568550646305084,4
0.25175806879997253,0.6602693796157837,4.220801201881841e-07,0.18380463123321533,0.6157941818237305,-0.02475312538444996,0.13076436519622803,0.5040671229362488,-0.03359561413526535,0.092927485704422,0.4153660833835602,-0.04064435139298439,0.05515816807746887,0.36644744873046875,-0.04805728793144226,0.1890818178653717,0.35638663172721863,-0.016810189932584763,0.1736047863960266,0.23781095445156097,-0.031091993674635887,0.16225628554821014,0.16672475636005402,-0.04359444975852966,0.1524682343006134,0.10426416993141174,-0.054667867720127106,0.23419131338596344,0.34556734561920166,-0.021135542541742325,0.24001210927963257,0.21034371852874756,-0.034211330115795135,0.24165020883083344,0.12294721603393555,-0.04911193251609802,0.24330657720565796,0.04820623993873596,-0.06106022372841835,0.27285972237586975,0.3669900596141815,-0.02933567948639393,0.29544031620025635,0.24506527185440063,-0.05064530298113823,0.30900895595550537,0.16974657773971558,-0.06894443184137344,0.31970328092575073,0.09979566931724548,-0.08187341690063477,0.3054678440093994,0.41296425461769104,-0.039212364703416824,0.34089693427085876,0.3437933623790741,-0.06388785690069199,0.3657512664794922,0.29635879397392273,-0.07722130417823792,0.38679271936416626,0.24727271497249603,-0.08585108071565628,4
0.2513447403907776,0.6648119688034058,4.1258138594457705e-07,0.1827808916568756,0.6197962760925293,-0.024284979328513145,0.1300102174282074,0.5042151212692261,-0.03205128759145737,0.09267182648181915,0.4140035808086395,-0.03811332955956459,0.05491584539413452,0.3664643466472626,-0.04449089244008064,0.18871000409126282,0.3577602803707123,-0.014800225384533405,0.17327867448329926,0.23816905915737152,-0.02820616401731968,0.16199439764022827,0.16637632250785828,-0.04022139683365822,0.15214097499847412,0.10392487049102783,-0.05102408677339554,0.23424303531646729,0.34628480672836304,-0.018963664770126343,0.2398495078086853,0.21056680381298065,-0.031093433499336243,0.24115486443042755,0.12326648831367493,-0.04553840309381485,0.24247613549232483,0.04889959096908569,-0.05717858299612999,0.27323564887046814,0.3669568598270416,-0.02704806812107563,0.2955274283885956,0.24352464079856873,-0.04743240773677826,0.3087139129638672,0.1685670167207718,-0.06520047783851624,0.3189338147640228,0.09915280342102051,-0.0778447762131691,0.3061797022819519,0.4124049246311188,-0.03684702515602112,0.34168702363967896,0.34345299005508423,-0.060651298612356186,0.3660031259059906,0.29603469371795654,-0.07354482263326645,0.38654595613479614,0.24666045606136322,-0.08194684237241745,4
0.25370436906814575,0.662431538105011,4.096611121440219e-07,0.18452496826648712,0.6176931858062744,-0.023637870326638222,0.13087055087089539,0.5041881799697876,-0.03152686357498169,0.09347052127122879,0.41552734375,-0.037806201726198196,0.05589507520198822,0.3681567907333374,-0.04452045261859894,0.1892792284488678,0.35735589265823364,-0.014996257610619068,0.17368513345718384,0.23911519348621368,-0.0284748338162899,0.16236764192581177,0.1678738296031952,-0.04053215682506561,0.15265414118766785,0.10534822940826416,-0.051419492810964584,0.2345823347568512,0.3457599878311157,-0.019570792093873024,0.23981896042823792,0.21069154143333435,-0.03186184540390968,0.24113620817661285,0.1235969066619873,-0.04638230428099632,0.24262338876724243,0.04928287863731384,-0.05816175043582916,0.27335125207901,0.3665574789047241,-0.02796877920627594,0.2954295575618744,0.24350206553936005,-0.04855962097644806,0.3088371753692627,0.16830100119113922,-0.0666581392288208,0.3194335699081421,0.09874352812767029,-0.07960424572229385,0.30613434314727783,0.41213274002075195,-0.03798314929008484,0.34161877632141113,0.3438955247402191,-0.062124405056238174,0.3661412298679352,0.2966156601905823,-0.07539422810077667,0.387033611536026,0.24734675884246826,-0.08410079032182693,4
0.2525905668735504,0.6656279563903809,4.119903564969718e-07,0.1836300492286682,0.6198384165763855,-0.023560240864753723,0.13050177693367004,0.5047217607498169,-0.031312137842178345,0.09325169026851654,0.41612640023231506,-0.03745429962873459,0.055943846702575684,0.3681700527667999,-0.044022515416145325,0.1898711919784546,0.3574286103248596,-0.014756722375750542,0.1739756017923355,0.2387537807226181,-0.02813446708023548,0.1624356061220169,0.16734512150287628,-0.04024703800678253,0.15240857005119324,0.10477590560913086,-0.05116983503103256,0.23516574501991272,0.3466457426548004,-0.019477829337120056,0.24047008156776428,0.21136529743671417,-0.0316079780459404,0.24177758395671844,0.12397632002830505,-0.046194031834602356,0.24303171038627625,0.04930463433265686,-0.05799470841884613,0.2738755941390991,0.3683094382286072,-0.028039319440722466,0.2959613800048828,0.24465395510196686,-0.04855400696396828,0.30948132276535034,0.16894860565662384,-0.06675082445144653,0.3200601637363434,0.09881934523582458,-0.07973945140838623,0.30638253688812256,0.4148660898208618,-0.038211800158023834,0.34178197383880615,0.34516391158103943,-0.06237544119358063,0.36648792028427124,0.2972696125507355,-0.07561221718788147,0.38740336894989014,0.24767334759235382,-0.08425601571798325,4
0.2553127706050873,0.6679442524909973,4.129496744553762e-07,0.1854172646999359,0.6232977509498596,-0.023939205333590508,0.1314592957496643,0.5067569613456726,-0.031369008123874664,0.09408310055732727,0.41645851731300354,-0.03712817281484604,0.056244492530822754,0.36953699588775635,-0.04332176595926285,0.19045810401439667,0.3597227931022644,-0.014924791641533375,0.1742275059223175,0.24059061706066132,-0.02823941968381405,0.16265830397605896,0.16865716874599457,-0.04023728147149086,0.1526324599981308,0.10570350289344788,-0.0511300303041935,0.2358250468969345,0.34900861978530884,-0.019406111910939217,0.24100884795188904,0.21283528208732605,-0.03164694830775261,0.24227865040302277,0.125148206949234,-0.04624282568693161,0.24377131462097168,0.050258100032806396,-0.05800414830446243,0.2745455801486969,0.3707256317138672,-0.0277493204921484,0.2964315414428711,0.24650399386882782,-0.04846049100160599,0.3098495602607727,0.17067016661167145,-0.06668049097061157,0.3206599950790405,0.100640207529068,-0.07961013913154602,0.30705124139785767,0.41705045104026794,-0.03774185851216316,0.3422822952270508,0.3473648726940155,-0.06219026446342468,0.36697810888290405,0.29934927821159363,-0.07558207213878632,0.38811421394348145,0.24973030388355255,-0.08427572250366211,4
0.257671594619751,0.6703428030014038,4.1303701436845586e-07,0.18803220987319946,0.6256434917449951,-0.023671748116612434,0.13396821916103363,0.5076819658279419,-0.03069348819553852,0.09681597352027893,0.41586536169052124,-0.03608888015151024,0.05856640636920929,0.36953362822532654,-0.04200105369091034,0.19394844770431519,0.3618900179862976,-0.014437999576330185,0.17872360348701477,0.24245208501815796,-0.0275080818682909,0.1674136519432068,0.17032912373542786,-0.03934583440423012,0.15741175413131714,0.10733345150947571,-0.05012417957186699,0.2390252649784088,0.35139161348342896,-0.018869953230023384,0.24532248079776764,0.21449579298496246,-0.031073270365595818,0.24720963835716248,0.12592652440071106,-0.04556296393275261,0.2490827739238739,0.050520092248916626,-0.05717133358120918,0.2772231996059418,0.3731197118759155,-0.027155162766575813,0.2999294102191925,0.2486521601676941,-0.04813384264707565,0.31401708722114563,0.17249417304992676,-0.06665126234292984,0.3251698613166809,0.10261213779449463,-0.07965945452451706,0.3092867136001587,0.4191649556159973,-0.0370064377784729,0.34534040093421936,0.34981757402420044,-0.061769191175699234,0.37052643299102783,0.30280008912086487,-0.07533294707536697,0.39192110300064087,0.25424709916114807,-0.08408363163471222,4
0.25587230920791626,0.6752281188964844,4.1595180277909094e-07,0.18621380627155304,0.6310549378395081,-0.024110201746225357,0.13320782780647278,0.5127898454666138,-0.031397633254528046,0.09689712524414062,0.42082494497299194,-0.03701230138540268,0.05935521423816681,0.3720768690109253,-0.04302554950118065,0.19336704909801483,0.3652855455875397,-0.014377647079527378,0.17859983444213867,0.24519814550876617,-0.027597513049840927,0.16738060116767883,0.1727500557899475,-0.039588943123817444,0.15738487243652344,0.10932844877243042,-0.05048030987381935,0.2387547343969345,0.3547627925872803,-0.018759872764348984,0.24539825320243835,0.21802391111850739,-0.030964002013206482,0.24733002483844757,0.1294231414794922,-0.045634180307388306,0.24916033446788788,0.053703099489212036,-0.0574105829000473,0.2772599458694458,0.3765607178211212,-0.027068456634879112,0.30029764771461487,0.25173646211624146,-0.047919172793626785,0.3141298294067383,0.17583385109901428,-0.0662844181060791,0.3249368667602539,0.10586920380592346,-0.07924283295869827,0.30966490507125854,0.42291781306266785,-0.0370279885828495,0.34577587246894836,0.3534316122531891,-0.061670877039432526,0.3708418011665344,0.30623960494995117,-0.07510928064584732,0.3920833170413971,0.2574913203716278,-0.08376903831958771,4
0.2551996409893036,0.6788461208343506,4.0107772747433046e-07,0.1854633390903473,0.633564293384552,-0.02282997965812683,0.13220317661762238,0.5112187266349792,-0.02854040265083313,0.09557703137397766,0.41790908575057983,-0.03283734992146492,0.057439401745796204,0.37141406536102295,-0.03762398660182953,0.19272203743457794,0.3650003969669342,-0.01131226122379303,0.17819535732269287,0.24562977254390717,-0.02304188720881939,0.1673681139945984,0.17328213155269623,-0.03431735187768936,0.15774719417095184,0.11009791493415833,-0.04493819922208786,0.23820121586322784,0.3544367551803589,-0.015943383798003197,0.24504247307777405,0.2175266593694687,-0.026684829965233803,0.2467333823442459,0.12913095951080322,-0.04064902290701866,0.2482093870639801,0.05442988872528076,-0.05208200588822365,0.27697592973709106,0.37673723697662354,-0.024521224200725555,0.3003709018230438,0.25190281867980957,-0.04407946392893791,0.3143284022808075,0.17638333141803741,-0.061895132064819336,0.32517462968826294,0.10677492618560791,-0.07470265030860901,0.30936872959136963,0.4237547516822815,-0.03473857045173645,0.3452886939048767,0.3542757034301758,-0.05834406614303589,0.370024710893631,0.3064122796058655,-0.07141374796628952,0.3909732699394226,0.25665611028671265,-0.08006840199232101,4
0.2558194696903229,0.9382214546203613,5.150591846359021e-07,0.18552884459495544,0.8742802143096924,-0.029481293633580208,0.13558264076709747,0.7657801508903503,-0.0461118258535862,0.09696455299854279,0.6777389645576477,-0.06050760671496391,0.056585028767585754,0.619072437286377,-0.07564271986484528,0.20180338621139526,0.6208620071411133,-0.033416230231523514,0.1879553645849228,0.48625510931015015,-0.05660341680049896,0.1771605908870697,0.40675389766693115,-0.07384677231311798,0.1677844226360321,0.3344191312789917,-0.08749545365571976,0.2513779401779175,0.6208899021148682,-0.039069779217243195,0.26303738355636597,0.4742109775543213,-0.060374677181243896,0.2677060067653656,0.3789428174495697,-0.07971523702144623,0.27184155583381653,0.29447537660598755,-0.09443644434213638,0.2919442653656006,0.6556700468063354,-0.048299916088581085,0.3236832022666931,0.5314869284629822,-0.07720480114221573,0.34263312816619873,0.44932979345321655,-0.09826132655143738,0.35784780979156494,0.3703412413597107,-0.11241578310728073,0.3244676887989044,0.7159348726272583,-0.05907168984413147,0.3683314919471741,0.6516240239143372,-0.0894542932510376,0.3979432284832001,0.6060653328895569,-0.10368399322032928,0.42278850078582764,0.5568041801452637,-0.11234941333532333,4
0.2585112154483795,0.944725751876831,5.119807156006573e-07,0.18740126490592957,0.8816524744033813,-0.029578691348433495,0.13666823506355286,0.7730011940002441,-0.045737676322460175,0.09810085594654083,0.683039128780365,-0.05959312617778778,0.057909831404685974,0.6221669316291809,-0.074002206325531,0.2028125524520874,0.6258062124252319,-0.032095152884721756,0.18868593871593475,0.4908376932144165,-0.05471181496977806,0.1777537316083908,0.41183868050575256,-0.07168811559677124,0.1680826097726822,0.340038925409317,-0.08516901731491089,0.25261521339416504,0.6259192824363708,-0.03746017813682556,0.2636176347732544,0.47896167635917664,-0.05804983153939247,0.2682202458381653,0.3840227723121643,-0.07716540992259979,0.2723810374736786,0.3000994622707367,-0.09174898266792297,0.2932491898536682,0.6604819297790527,-0.04651188105344772,0.32400739192962646,0.5363510847091675,-0.07516589760780334,0.34319639205932617,0.4543342590332031,-0.09640758484601974,0.35885095596313477,0.37551626563072205,-0.11066123098134995,0.3259468376636505,0.720515251159668,-0.05711020529270172,0.3693787455558777,0.6556705832481384,-0.08775424212217331,0.3992888927459717,0.6111161708831787,-0.1022900715470314,0.42446720600128174,0.562835693359375,-0.11105328798294067,4
0.2573421001434326,0.9443793296813965,5.255518544799997e-07,0.18746298551559448,0.8790308237075806,-0.02816225402057171,0.13748666644096375,0.7698261141777039,-0.04316876828670502,0.0993758887052536,0.6820716857910156,-0.05622749403119087,0.0600409209728241,0.6235815286636353,-0.0699404776096344,0.20432040095329285,0.6252553462982178,-0.029533568769693375,0.1920391321182251,0.49069756269454956,-0.05101282522082329,0.181830495595932,0.4120420217514038,-0.06726502627134323,0.17240871489048004,0.3405574858188629,-0.08038471639156342,0.25404536724090576,0.6256909966468811,-0.035232581198215485,0.2671014666557312,0.47861889004707336,-0.05490303412079811,0.27225637435913086,0.38334330916404724,-0.073488250374794,0.2763790488243103,0.2990259528160095,-0.08775132894515991,0.2943796217441559,0.660731852054596,-0.04458026587963104,0.3260990381240845,0.5366050601005554,-0.07246767729520798,0.3455221354961395,0.45497360825538635,-0.09328614175319672,0.36116456985473633,0.37643060088157654,-0.107283815741539,0.32679814100265503,0.7214902639389038,-0.05540680140256882,0.3710086941719055,0.6574671864509583,-0.08531056344509125,0.40110641717910767,0.6126917004585266,-0.09945249557495117,0.4263700842857361,0.5641089677810669,-0.10801327228546143,4
0.2610359489917755,0.9455980658531189,5.049488436270622e-07,0.19065716862678528,0.8806610107421875,-0.027837781235575676,0.13995078206062317,0.7706719040870667,-0.042819008231163025,0.10168182849884033,0.6818848848342896,-0.05580250918865204,0.062282562255859375,0.6233733296394348,-0.06953805685043335,0.20653143525123596,0.6271681189537048,-0.03046819381415844,0.19421231746673584,0.4931758940219879,-0.052021779119968414,0.18426287174224854,0.41444796323776245,-0.06821886450052261,0.1754276305437088,0.3433598279953003,-0.08117202669382095,0.25602275133132935,0.6278806924819946,-0.03623492270708084,0.26852336525917053,0.48126673698425293,-0.05542457476258278,0.2736077308654785,0.386944979429245,-0.07341697812080383,0.2780352532863617,0.30422163009643555,-0.08731165528297424,0.296535462141037,0.6628772616386414,-0.045563168823719025,0.32882100343704224,0.5388466119766235,-0.07247913628816605,0.3475777208805084,0.45776665210723877,-0.09273388236761093,0.3627103269100189,0.3801012635231018,-0.10657999664545059,0.32893475890159607,0.7233253121376038,-0.05639326572418213,0.37301936745643616,0.6598962545394897,-0.08532556891441345,0.40240246057510376,0.6146959662437439,-0.0991113930940628,0.42725974321365356,0.5656841993331909,-0.10758507996797562,4
0.256306529045105,0.9475418329238892,5.063457138021477e-07,0.1881805807352066,0.8827539682388306,-0.030360843986272812,0.13969573378562927,0.7767390012741089,-0.04730438441038132,0.101500004529953,0.6875162124633789,-0.06197139248251915,0.0616995245218277,0.6267048716545105,-0.07728582620620728,0.20773601531982422,0.632251501083374,-0.03300843760371208,0.19472265243530273,0.49802160263061523,-0.056192796677351,0.18445812165737152,0.41914573311805725,-0.0735037550330162,0.1760074496269226,0.34691447019577026,-0.08724106103181839,0.2569814622402191,0.6331116557121277,-0.03818058222532272,0.2689458727836609,0.48622143268585205,-0.05906901881098747,0.27413514256477356,0.39205312728881836,-0.07796906679868698,0.2789302170276642,0.3084886968135834,-0.09249432384967804,0.29704785346984863,0.6686596870422363,-0.0471523255109787,0.32865405082702637,0.5443587899208069,-0.07574451714754105,0.3476690351963043,0.46276456117630005,-0.09603489935398102,0.362895667552948,0.38417133688926697,-0.10966354608535767,0.32939478754997253,0.7295423150062561,-0.05783703550696373,0.37308046221733093,0.6636680960655212,-0.08781404048204422,0.40262293815612793,0.6170107126235962,-0.10161096602678299,0.42740827798843384,0.5669647455215454,-0.11000633984804153,4
0.255188912153244,0.9599220752716064,4.961103741152328e-07,0.1862284541130066,0.8922333717346191,-0.028501953929662704,0.13722383975982666,0.7823929190635681,-0.04450633376836777,0.09916581213474274,0.6951917409896851,-0.058515217155218124,0.060197457671165466,0.6360217332839966,-0.07328950613737106,0.20672832429409027,0.6408630609512329,-0.03189058229327202,0.19497600197792053,0.506405770778656,-0.05469511076807976,0.1853804886341095,0.4269573986530304,-0.07187576591968536,0.17667153477668762,0.35510963201522827,-0.0854620635509491,0.25569412112236023,0.6415319442749023,-0.03766737878322601,0.26909419894218445,0.49397313594818115,-0.05842867121100426,0.27415931224823,0.39834752678871155,-0.07737685739994049,0.2776676118373871,0.31428980827331543,-0.09190792590379715,0.29595255851745605,0.6755005717277527,-0.04707212746143341,0.3265865743160248,0.5506466031074524,-0.07489572465419769,0.3436455726623535,0.46734505891799927,-0.09553343802690506,0.3565509021282196,0.388260155916214,-0.10954297333955765,0.3287927210330963,0.7341216802597046,-0.05804945155978203,0.37181639671325684,0.6656328439712524,-0.08687642216682434,0.4006243646144867,0.6174927353858948,-0.10071489959955215,0.42442694306373596,0.5665217041969299,-0.10941119492053986,4
0.25593411922454834,0.967702329158783,5.010022618989751e-07,0.1854913979768753,0.9002017974853516,-0.02966579794883728,0.1358388364315033,0.7911144495010376,-0.046035267412662506,0.09748026728630066,0.7025796175003052,-0.06035405024886131,0.058319613337516785,0.6399437189102173,-0.07528820633888245,0.20585303008556366,0.6465880870819092,-0.031055651605129242,0.1949179619550705,0.5128766298294067,-0.05400809645652771,0.18577490746974945,0.4333289563655853,-0.07161103934049606,0.17717842757701874,0.36127153038978577,-0.0855659618973732,0.25488483905792236,0.6468607783317566,-0.03639090806245804,0.2682832181453705,0.5002725720405579,-0.05740992724895477,0.2730974555015564,0.404570072889328,-0.07694465667009354,0.2763653099536896,0.3196312189102173,-0.09193521738052368,0.2948899567127228,0.6802725195884705,-0.04559893533587456,0.32460108399391174,0.5540881752967834,-0.07372546195983887,0.3411629796028137,0.47068631649017334,-0.09468819200992584,0.35363656282424927,0.39118245244026184,-0.10893143713474274,0.3270663321018219,0.73927241563797,-0.056541699916124344,0.3699502944946289,0.6715428829193115,-0.08604544401168823,0.398847758769989,0.6222184896469116,-0.10056787729263306,0.4229838252067566,0.5699067711830139,-0.1096516102552414,4
0.2578074038028717,0.9656116962432861,5.148446575731214e-07,0.18627114593982697,0.9023257493972778,-0.030800696462392807,0.13511645793914795,0.7934566140174866,-0.047586098313331604,0.0965663492679596,0.7040408253669739,-0.06199241057038307,0.05644194781780243,0.642544686794281,-0.07705604285001755,0.2030390053987503,0.6463178396224976,-0.033068377524614334,0.19242402911186218,0.5133622884750366,-0.05626291036605835,0.18353362381458282,0.4344460070133209,-0.07396993786096573,0.17512331902980804,0.3626019358634949,-0.08801937848329544,0.2527872622013092,0.6466846466064453,-0.0378892682492733,0.26624128222465515,0.5007343888282776,-0.05886001139879227,0.2714819610118866,0.405687153339386,-0.0782262459397316,0.2751213312149048,0.32050132751464844,-0.0932101458311081,0.29360082745552063,0.6803056001663208,-0.046608779579401016,0.32331281900405884,0.5546172261238098,-0.0750388503074646,0.3399217128753662,0.4718620181083679,-0.096259206533432,0.35254979133605957,0.3925643563270569,-0.11068052053451538,0.32677897810935974,0.7391765713691711,-0.05710844323039055,0.369480699300766,0.6709718108177185,-0.08714751154184341,0.3987521529197693,0.6231119632720947,-0.10198726505041122,0.4230375289916992,0.5724985003471375,-0.11126910150051117,4
0.2534608542919159,0.9668466448783875,5.227371389082691e-07,0.18246671557426453,0.9030723571777344,-0.029813893139362335,0.13316893577575684,0.7957296967506409,-0.046482883393764496,0.09574280679225922,0.7067917585372925,-0.0610002800822258,0.056504979729652405,0.6449853181838989,-0.07614871859550476,0.20216912031173706,0.6466249227523804,-0.031397029757499695,0.1916017234325409,0.514359176158905,-0.054362110793590546,0.18206867575645447,0.4358886182308197,-0.07214374095201492,0.1729944795370102,0.3648941218852997,-0.08632024377584457,0.25122323632240295,0.647278904914856,-0.0369398333132267,0.26509350538253784,0.4998553991317749,-0.05749344825744629,0.26975250244140625,0.4045529365539551,-0.07661736756563187,0.2730008661746979,0.3204925060272217,-0.09136820584535599,0.29144948720932007,0.6821464896202087,-0.04638256877660751,0.32152706384658813,0.5540072321891785,-0.07449865341186523,0.3385813236236572,0.47091439366340637,-0.09514923393726349,0.35208597779273987,0.39185792207717896,-0.10925105959177017,0.3243052363395691,0.7434166073799133,-0.0575576052069664,0.36742275953292847,0.6765664219856262,-0.08762893825769424,0.3965662717819214,0.6292387247085571,-0.10200929641723633,0.42102617025375366,0.5790641903877258,-0.11087703704833984,4
0.25623196363449097,0.9683222770690918,5.218578849053301e-07,0.1843937486410141,0.9060602188110352,-0.030929895117878914,0.13329970836639404,0.7974869012832642,-0.04752831906080246,0.09520235657691956,0.7068506479263306,-0.061805274337530136,0.056035131216049194,0.6428417563438416,-0.07653120905160904,0.20218448340892792,0.6471596360206604,-0.03127667307853699,0.19143250584602356,0.5151414275169373,-0.05422167479991913,0.18194198608398438,0.4364786446094513,-0.07200036197900772,0.1726551055908203,0.36524733901023865,-0.08621731400489807,0.25123000144958496,0.6468855142593384,-0.03614812344312668,0.26484987139701843,0.5005688667297363,-0.057060375809669495,0.2698821723461151,0.4053818881511688,-0.07654302567243576,0.2732203006744385,0.32032492756843567,-0.09148949384689331,0.29146701097488403,0.6802873611450195,-0.04508151859045029,0.3207724988460541,0.5540852546691895,-0.07379855960607529,0.33747753500938416,0.4715574085712433,-0.09509255737066269,0.35047149658203125,0.3924211263656616,-0.1094837337732315,0.32432666420936584,0.7398681044578552,-0.055853717029094696,0.36736932396888733,0.6740683317184448,-0.08666593581438065,0.39692097902297974,0.6276297569274902,-0.1018248200416565,0.42172467708587646,0.5780009031295776,-0.11111956834793091,4
0.2551874816417694,0.9685550928115845,5.244473300081154e-07,0.18360108137130737,0.9050014019012451,-0.029584666714072227,0.13267290592193604,0.7940247654914856,-0.04506305977702141,0.0945909172296524,0.7038235068321228,-0.05839577317237854,0.05529375374317169,0.6414994597434998,-0.07223717123270035,0.20194360613822937,0.6450164318084717,-0.029331374913454056,0.1912543773651123,0.5131690502166748,-0.05121081694960594,0.1818493902683258,0.43439149856567383,-0.0683392733335495,0.17282424867153168,0.36330267786979675,-0.08218459784984589,0.2511369585990906,0.6451258659362793,-0.03452599421143532,0.2652278542518616,0.49832576513290405,-0.054269637912511826,0.2704106569290161,0.40274301171302795,-0.07309063524007797,0.2739604413509369,0.31788718700408936,-0.08763498067855835,0.29141852259635925,0.678925633430481,-0.04369381442666054,0.32151827216148376,0.5522120594978333,-0.07144670933485031,0.33850744366645813,0.46967992186546326,-0.09234176576137543,0.3518112599849701,0.3908346891403198,-0.10654924809932709,0.3240727484226227,0.7392030954360962,-0.05460917949676514,0.3673364222049713,0.6734331250190735,-0.08467072993516922,0.396827757358551,0.6265398859977722,-0.09945204108953476,0.42157110571861267,0.5764182209968567,-0.10855632275342941,4
0.2537176311016083,0.9685474634170532,5.206437663218821e-07,0.18339356780052185,0.9044672846794128,-0.028780220076441765,0.13282787799835205,0.7936625480651855,-0.04393298178911209,0.09495791792869568,0.704074501991272,-0.057040996849536896,0.056126877665519714,0.6428192853927612,-0.07065673917531967,0.20216524600982666,0.6452649235725403,-0.02851407788693905,0.19141782820224762,0.5123207569122314,-0.05002391338348389,0.1819346398115158,0.4333961308002472,-0.06681802123785019,0.17292644083499908,0.36267411708831787,-0.08031062036752701,0.2515212893486023,0.6448621153831482,-0.033834900707006454,0.2651546895503998,0.49726343154907227,-0.053055550903081894,0.269911527633667,0.40140318870544434,-0.07151547074317932,0.273198664188385,0.3170505464076996,-0.08577027916908264,0.2918846011161804,0.6781942844390869,-0.04304102435708046,0.32161012291908264,0.5505114793777466,-0.07001602649688721,0.3384585678577423,0.46797651052474976,-0.0904366672039032,0.35173308849334717,0.38964611291885376,-0.10439902544021606,0.3246377408504486,0.7379595637321472,-0.05394207313656807,0.3678438365459442,0.6723452210426331,-0.08316351473331451,0.396981418132782,0.6257418990135193,-0.09738001227378845,0.4214693605899811,0.576106071472168,-0.10612550377845764,4
0.2569930851459503,0.9653518199920654,5.187928877603554e-07,0.18564017117023468,0.9020798802375793,-0.029841989278793335,0.13404598832130432,0.7923755049705505,-0.04587572440505028,0.095597043633461,0.7030486464500427,-0.05974099785089493,0.056632623076438904,0.6413124799728394,-0.07416968047618866,0.2017948478460312,0.644271731376648,-0.031048759818077087,0.19125568866729736,0.5112432241439819,-0.053668953478336334,0.18212854862213135,0.4328523278236389,-0.07108460366725922,0.17314413189888,0.361796110868454,-0.08495312184095383,0.25117504596710205,0.6442784667015076,-0.03617112338542938,0.26518702507019043,0.49781283736228943,-0.05657050013542175,0.270109087228775,0.40294569730758667,-0.07549065351486206,0.27313750982284546,0.3185049593448639,-0.09001864492893219,0.29177892208099365,0.677611231803894,-0.04520026221871376,0.32163166999816895,0.5510363578796387,-0.07311005890369415,0.3383180797100067,0.46903616189956665,-0.09387973695993423,0.35111507773399353,0.3908197283744812,-0.10799036920070648,0.3247815668582916,0.7368818521499634,-0.056001946330070496,0.3681609034538269,0.6718538403511047,-0.08606989681720734,0.3977513313293457,0.6259216070175171,-0.1008269265294075,0.4225301444530487,0.576915979385376,-0.10988061130046844,4
0.2534814774990082,0.964521050453186,5.272423209135013e-07,0.18310517072677612,0.8998774886131287,-0.030583873391151428,0.13355188071727753,0.791014552116394,-0.0471482090651989,0.09559448063373566,0.7020984888076782,-0.061466626822948456,0.05676569044589996,0.6397575736045837,-0.07620172202587128,0.20212456583976746,0.642864465713501,-0.030812958255410194,0.19218000769615173,0.5096603631973267,-0.05380648374557495,0.1829305738210678,0.43161100149154663,-0.07155802845954895,0.17347455024719238,0.3609963059425354,-0.0855536162853241,0.2512570917606354,0.643477201461792,-0.03570942580699921,0.2656158208847046,0.49704593420028687,-0.0565355159342289,0.27046287059783936,0.40180158615112305,-0.0760292112827301,0.2732629179954529,0.31613218784332275,-0.0908338874578476,0.29154446721076965,0.6772233843803406,-0.04462873935699463,0.3213883936405182,0.5510155558586121,-0.07307454198598862,0.33818379044532776,0.46877509355545044,-0.09425224363803864,0.35096409916877747,0.38949054479599,-0.10842902213335037,0.32436883449554443,0.7366836071014404,-0.05534598231315613,0.3677179217338562,0.6713441014289856,-0.0855151116847992,0.3973161280155182,0.6252323389053345,-0.10021990537643433,0.421989768743515,0.5757386088371277,-0.10914234817028046,4
0.25641173124313354,0.9660948514938354,5.095671440358274e-07,0.18489813804626465,0.9024808406829834,-0.029847390949726105,0.13335320353507996,0.7913316488265991,-0.045440688729286194,0.09512576460838318,0.7009543776512146,-0.058814141899347305,0.05678516626358032,0.6376733183860779,-0.072574682533741,0.20212318003177643,0.6423442363739014,-0.029518157243728638,0.19210030138492584,0.5094667673110962,-0.051782459020614624,0.18275479972362518,0.43139371275901794,-0.06913119554519653,0.1731051504611969,0.36100345849990845,-0.08288908004760742,0.2516043484210968,0.6424148082733154,-0.03432081267237663,0.2652572989463806,0.4961555004119873,-0.054326776415109634,0.269980251789093,0.40114322304725647,-0.07332905381917953,0.2729114294052124,0.3163590431213379,-0.08785992115736008,0.29235514998435974,0.6755296587944031,-0.04311699792742729,0.3217698037624359,0.5497452020645142,-0.07071492075920105,0.33833861351013184,0.46749067306518555,-0.0916019082069397,0.35117146372795105,0.38900429010391235,-0.10571525990962982,0.32563698291778564,0.7345258593559265,-0.05368698760867119,0.36799561977386475,0.6691457629203796,-0.0833573117852211,0.3972908854484558,0.6232864856719971,-0.09794667363166809,0.42199763655662537,0.5743885040283203,-0.10683432966470718,4
0.2570285201072693,0.9643809795379639,5.177157618163619e-07,0.184703528881073,0.9008085131645203,-0.02938198484480381,0.1326448619365692,0.7903628945350647,-0.0448618158698082,0.09422016143798828,0.7010763883590698,-0.05825221166014671,0.05528096854686737,0.6382455825805664,-0.07217235863208771,0.20067687332630157,0.64252108335495,-0.0295666866004467,0.19045306742191315,0.5097814798355103,-0.05161178857088089,0.1813889443874359,0.4316197335720062,-0.0687507763504982,0.17216113209724426,0.36066579818725586,-0.08251896500587463,0.25013211369514465,0.642266035079956,-0.03482069820165634,0.26351669430732727,0.495281457901001,-0.054794639348983765,0.2683223783969879,0.3999655544757843,-0.07386035472154617,0.2712341248989105,0.31541207432746887,-0.08855216205120087,0.2908450961112976,0.6753265857696533,-0.044001251459121704,0.32008641958236694,0.5490182638168335,-0.07181302458047867,0.33678120374679565,0.46660658717155457,-0.09298728406429291,0.34959977865219116,0.3880133032798767,-0.1073990985751152,0.32411837577819824,0.7343181371688843,-0.05487986281514168,0.36679792404174805,0.6686165928840637,-0.08489580452442169,0.39629191160202026,0.6227487325668335,-0.099775530397892,0.420925498008728,0.5737417340278625,-0.108978770673275,4
0.251537561416626,0.9629603028297424,5.184617748454912e-07,0.18146587908267975,0.8946524858474731,-0.027877546846866608,0.13165085017681122,0.7844201326370239,-0.0427936352789402,0.0938931405544281,0.6968387365341187,-0.05592327564954758,0.055367887020111084,0.6363568305969238,-0.06971658021211624,0.20108148455619812,0.6405178308486938,-0.02766287699341774,0.1899930238723755,0.5079331398010254,-0.049258552491664886,0.1808098703622818,0.42877545952796936,-0.06605894863605499,0.1725025773048401,0.3575728237628937,-0.07961301505565643,0.2504797577857971,0.6401483416557312,-0.03354543074965477,0.26359254121780396,0.4925495982170105,-0.053086668252944946,0.26821497082710266,0.39664024114608765,-0.07179991155862808,0.2716025412082672,0.31185391545295715,-0.08622737973928452,0.2909072935581207,0.6735542416572571,-0.0432513989508152,0.32080215215682983,0.5450713634490967,-0.07072748988866806,0.33761295676231384,0.46246397495269775,-0.09124947339296341,0.35083431005477905,0.3837021589279175,-0.10520254820585251,0.32361069321632385,0.7334557175636292,-0.05452961102128029,0.3666216731071472,0.6676491498947144,-0.08420423418283463,0.3957635164260864,0.6203511357307434,-0.09847323596477509,0.4203430116176605,0.569701611995697,-0.1072312667965889,4
0.2569354772567749,0.9587969779968262,5.102072009322001e-07,0.18506889045238495,0.8968695998191833,-0.030959811061620712,0.13310465216636658,0.7873772382736206,-0.04725917428731918,0.0946359783411026,0.6967154741287231,-0.06105605140328407,0.05612488090991974,0.6339247226715088,-0.07537485659122467,0.2023511677980423,0.6386489868164062,-0.0321945883333683,0.19070285558700562,0.5051434636116028,-0.054744619876146317,0.18161460757255554,0.42628559470176697,-0.07189660519361496,0.17307965457439423,0.35456493496894836,-0.08556976169347763,0.2519019842147827,0.6378667950630188,-0.03654792159795761,0.2645309269428253,0.4909067749977112,-0.05700969323515892,0.26937296986579895,0.39595603942871094,-0.07596874982118607,0.2729489803314209,0.3111790418624878,-0.09053472429513931,0.2924216389656067,0.6709981560707092,-0.044830791652202606,0.32196366786956787,0.5460607409477234,-0.07286371290683746,0.3381560444831848,0.4635136127471924,-0.0939883291721344,0.35054686665534973,0.384114533662796,-0.10831868648529053,0.3253399431705475,0.7294755578041077,-0.05491974949836731,0.3677716553211212,0.6639528274536133,-0.08472264558076859,0.3967156708240509,0.6174362301826477,-0.0995795801281929,0.42099881172180176,0.5669602751731873,-0.10882630944252014,4
0.2557205557823181,0.956436276435852,5.083488190393837e-07,0.18448737263679504,0.8931407928466797,-0.03080200031399727,0.133713960647583,0.7839676141738892,-0.04741860553622246,0.09522990882396698,0.6939087510108948,-0.06165027245879173,0.05572681128978729,0.631324291229248,-0.07652311772108078,0.2034929394721985,0.6365907788276672,-0.032836366444826126,0.191595196723938,0.5020737648010254,-0.0558813139796257,0.1822284460067749,0.4225901961326599,-0.07337131351232529,0.17359909415245056,0.35048460960388184,-0.08728739619255066,0.252931147813797,0.6364157199859619,-0.037529971450567245,0.2660254240036011,0.4894977807998657,-0.058605022728443146,0.27091872692108154,0.3946082293987274,-0.07802722603082657,0.27444177865982056,0.30969157814979553,-0.09296528249979019,0.2933187782764435,0.6694053411483765,-0.04611406847834587,0.3234889507293701,0.5442476272583008,-0.07460412383079529,0.339919775724411,0.4614741802215576,-0.09600353240966797,0.3524397611618042,0.3817441165447235,-0.11058949679136276,0.32610732316970825,0.7276013493537903,-0.056479793041944504,0.3692457973957062,0.6621696352958679,-0.08652811497449875,0.398249089717865,0.6154696345329285,-0.10157455503940582,0.42232924699783325,0.5647209286689758,-0.11105071753263474,4
0.25397706031799316,0.9567251205444336,5.08188577441615e-07,0.1833989918231964,0.8920750021934509,-0.02867567352950573,0.1327112317085266,0.7815353870391846,-0.04372556507587433,0.0947171151638031,0.6932000517845154,-0.05682612583041191,0.056417882442474365,0.6312270164489746,-0.07046834379434586,0.2021099179983139,0.6327028274536133,-0.028234245255589485,0.19104601442813873,0.5003625154495239,-0.04974125325679779,0.18150776624679565,0.4220225512981415,-0.06653330475091934,0.17235273122787476,0.35156190395355225,-0.08007218688726425,0.2513374090194702,0.6328598260879517,-0.03363453224301338,0.26468631625175476,0.48684024810791016,-0.05328361690044403,0.26908862590789795,0.3920852243900299,-0.07214349508285522,0.2719142436981201,0.30809611082077026,-0.08666706085205078,0.2917025685310364,0.6662799119949341,-0.04294425621628761,0.32154029607772827,0.5408667325973511,-0.07052809000015259,0.33784234523773193,0.458248496055603,-0.09161243587732315,0.35043400526046753,0.37916409969329834,-0.10597154498100281,0.3243604898452759,0.725561261177063,-0.05389996990561485,0.3674650192260742,0.6602704524993896,-0.0836997926235199,0.39681732654571533,0.6142470836639404,-0.09847679734230042,0.4213818311691284,0.5648223757743835,-0.1076163724064827,4
0.25528308749198914,0.9555360078811646,5.100899329590902e-07,0.18370473384857178,0.8925199508666992,-0.029845165088772774,0.13255777955055237,0.7826191186904907,-0.045696403831243515,0.09464085102081299,0.6926022171974182,-0.05934252217411995,0.05609995126724243,0.6311909556388855,-0.07352454215288162,0.2018427550792694,0.6336754560470581,-0.030490119010210037,0.19092291593551636,0.5011346936225891,-0.05269167199730873,0.18169772624969482,0.42272984981536865,-0.06983045488595963,0.17269431054592133,0.35176947712898254,-0.08361954241991043,0.25122132897377014,0.6336840391159058,-0.035558994859457016,0.2643831968307495,0.48798346519470215,-0.05601182579994202,0.2689499855041504,0.3931012749671936,-0.07527469098567963,0.27189719676971436,0.30829623341560364,-0.0900694876909256,0.2917129695415497,0.666851282119751,-0.04452094808220863,0.32120728492736816,0.5415712594985962,-0.07273481786251068,0.33747056126594543,0.458919495344162,-0.09411695599555969,0.35000282526016235,0.37957581877708435,-0.10864822566509247,0.32467663288116455,0.7256492972373962,-0.05518978089094162,0.36762428283691406,0.6608020067214966,-0.08540800958871841,0.39687401056289673,0.6146126389503479,-0.10048375278711319,0.4214109182357788,0.5646940469741821,-0.1098562702536583,4
0.2547055780887604,0.9542547464370728,5.055403562437277e-07,0.1840856373310089,0.8903250694274902,-0.030169857665896416,0.13337460160255432,0.7804895639419556,-0.046447303146123886,0.09559470415115356,0.6902315616607666,-0.06052793562412262,0.056742072105407715,0.6285913586616516,-0.07523909211158752,0.20297867059707642,0.6333759427070618,-0.031486522406339645,0.19221538305282593,0.5003674030303955,-0.05456935986876488,0.18271508812904358,0.4215174615383148,-0.07235389202833176,0.1732187122106552,0.34969842433929443,-0.08649197220802307,0.252462774515152,0.6337880492210388,-0.03655003011226654,0.26597270369529724,0.4878794848918915,-0.05767819657921791,0.27036425471305847,0.3930480480194092,-0.07728863507509232,0.27298444509506226,0.30759820342063904,-0.09231424331665039,0.29310402274131775,0.667239785194397,-0.0455072820186615,0.3230026960372925,0.5426840782165527,-0.07404417544603348,0.3391721844673157,0.45974528789520264,-0.09530457109212875,0.35136282444000244,0.3797897398471832,-0.10972470045089722,0.32614633440971375,0.726123571395874,-0.056220490485429764,0.3686761260032654,0.6604024171829224,-0.08622228354215622,0.39765873551368713,0.6140298247337341,-0.10090045630931854,0.4217835068702698,0.5637207627296448,-0.11005008965730667,4
0.25640690326690674,0.9540024995803833,5.022866389481351e-07,0.1853446662425995,0.8895527124404907,-0.030088428407907486,0.13406459987163544,0.7808032035827637,-0.04651573300361633,0.09614555537700653,0.6909376382827759,-0.06062758341431618,0.05767621099948883,0.627467155456543,-0.07528529316186905,0.20338673889636993,0.6350617408752441,-0.03254252299666405,0.19260399043560028,0.5005906820297241,-0.055474236607551575,0.18316400051116943,0.42114758491516113,-0.07276994735002518,0.17390118539333344,0.34908705949783325,-0.08649018406867981,0.25308072566986084,0.6352578401565552,-0.037525538355112076,0.26595640182495117,0.4879169464111328,-0.05830008164048195,0.27085813879966736,0.3928789496421814,-0.07734765857458115,0.2741899788379669,0.3083542585372925,-0.09201742708683014,0.29383668303489685,0.6685126423835754,-0.046299975365400314,0.3239777386188507,0.5428279638290405,-0.07445471733808517,0.3405560851097107,0.4595995545387268,-0.09533369541168213,0.3531455099582672,0.3800213038921356,-0.10954520851373672,0.3268829584121704,0.7270580530166626,-0.05677831172943115,0.3692547678947449,0.660631000995636,-0.08657844364643097,0.39810240268707275,0.61372309923172,-0.10107852518558502,0.42209434509277344,0.563624382019043,-0.11008558422327042,4
0.5726659297943115,0.7100228071212769,3.9672386265010573e-07,0.49937117099761963,0.7385857105255127,-0.02726518176496029,0.4086572229862213,0.7169969081878662,-0.036965638399124146,0.3372490704059601,0.7144826054573059,-0.0456463024020195,0.2837848663330078,0.7369647026062012,-0.053630176931619644,0.39988869428634644,0.5236481428146362,-0.006427312269806862,0.3391532301902771,0.45717599987983704,-0.019727332517504692,0.30020251870155334,0.4203420877456665,-0.03277226537466049,0.2673839330673218,0.3888329863548279,-0.043835125863552094,0.4291563332080841,0.4609565734863281,-0.008642365224659443,0.3742366135120392,0.360496461391449,-0.018650278449058533,0.34128448367118835,0.2983793318271637,-0.030365154147148132,0.31417277455329895,0.24501994252204895,-0.0397331640124321,0.4693841338157654,0.4261202812194824,-0.016429416835308075,0.43564698100090027,0.3148747980594635,-0.035587191581726074,0.4149828851222992,0.24101188778877258,-0.05083198845386505,0.3945842385292053,0.17739740014076233,-0.06097952648997307,0.5150505304336548,0.41588884592056274,-0.026805324479937553,0.5127727389335632,0.3135101795196533,-0.04780391976237297,0.5134095549583435,0.24125123023986816,-0.058682214468717575,0.5115277171134949,0.17477864027023315,-0.06554833054542542,4
0.5700126886367798,0.714328408241272,3.98617828523129e-07,0.49593237042427063,0.7409346103668213,-0.02680506370961666,0.4052933156490326,0.7198045253753662,-0.036431360989809036,0.3346279561519623,0.7176891565322876,-0.04521702975034714,0.2821764647960663,0.739657998085022,-0.05329457297921181,0.39664721488952637,0.528734564781189,-0.006059282459318638,0.3348231315612793,0.464199960231781,-0.019601022824645042,0.29568958282470703,0.42854464054107666,-0.03262460231781006,0.2626541554927826,0.39795398712158203,-0.043489787727594376,0.4258451461791992,0.4649238884449005,-0.008681987412273884,0.37143340706825256,0.36441951990127563,-0.018759435042738914,0.3383054733276367,0.30274155735969543,-0.030373940244317055,0.3110402524471283,0.25022393465042114,-0.03954019770026207,0.465962290763855,0.4297395348548889,-0.016893010586500168,0.4327486753463745,0.31860682368278503,-0.035998810082674026,0.41189107298851013,0.24588724970817566,-0.050989191979169846,0.3913119435310364,0.1835538148880005,-0.060868311673402786,0.5118382573127747,0.419192373752594,-0.02769741415977478,0.5103340148925781,0.31707388162612915,-0.0483941026031971,0.5106683373451233,0.24502727389335632,-0.058950275182724,0.5084348320960999,0.17867448925971985,-0.06554684787988663,4
0.5688624382019043,0.7137548327445984,3.9467153101213626e-07,0.49509570002555847,0.7414795160293579,-0.026493381708860397,0.4044111967086792,0.7213634252548218,-0.03583356738090515,0.3343130350112915,0.7190730571746826,-0.044088855385780334,0.28207045793533325,0.7404852509498596,-0.051768023520708084,0.3968905210494995,0.5298177003860474,-0.007632704451680183,0.3350900411605835,0.4653392434120178,-0.021175481379032135,0.2961609959602356,0.4287113845348358,-0.03412819281220436,0.26322418451309204,0.39649736881256104,-0.045078344643116,0.42648643255233765,0.46558403968811035,-0.010335875675082207,0.3720857501029968,0.3642016649246216,-0.020820200443267822,0.3390507698059082,0.3014143705368042,-0.03292541205883026,0.3119354248046875,0.24794310331344604,-0.04254203662276268,0.4667736291885376,0.430587500333786,-0.01835702545940876,0.4339560866355896,0.31984567642211914,-0.03781260550022125,0.4131672978401184,0.2467900514602661,-0.053459230810403824,0.3924596309661865,0.18390920758247375,-0.06390219181776047,0.5126816630363464,0.42056336998939514,-0.028809359297156334,0.5107814073562622,0.31900107860565186,-0.04991072043776512,0.5110746622085571,0.2474641501903534,-0.06084476783871651,0.508374035358429,0.18133118748664856,-0.06781512498855591,4
0.570249080657959,0.7193143367767334,3.9479331803704554e-07,0.49644437432289124,0.7477238178253174,-0.025273114442825317,0.40503013134002686,0.7308336496353149,-0.03478517010807991,0.3352813720703125,0.7312769889831543,-0.0434914156794548,0.28404271602630615,0.753759503364563,-0.05184882879257202,0.39537087082862854,0.5405169725418091,-0.008359786123037338,0.3342517018318176,0.4770876467227936,-0.02256176434457302,0.2957930266857147,0.44084110856056213,-0.03612244129180908,0.26291173696517944,0.4096450209617615,-0.04746374487876892,0.4254204034805298,0.47523561120033264,-0.01197456382215023,0.37042176723480225,0.3738967180252075,-0.022893108427524567,0.3373098373413086,0.31089797616004944,-0.03533768281340599,0.3098126947879791,0.2577357292175293,-0.04523596912622452,0.4664987325668335,0.43845468759536743,-0.020715905353426933,0.43239712715148926,0.32809194922447205,-0.04019062966108322,0.41097578406333923,0.25385919213294983,-0.056082211434841156,0.38970452547073364,0.19013845920562744,-0.06676813960075378,0.5134556889533997,0.4267479181289673,-0.031755927950143814,0.510546088218689,0.3236567974090576,-0.05253739655017853,0.5105545520782471,0.25069156289100647,-0.06330273300409317,0.5077152252197266,0.18434950709342957,-0.07026117295026779,4
0.5748734474182129,0.726112961769104,4.309312089390005e-07,0.5020117163658142,0.7571485638618469,-0.028422754257917404,0.41346317529678345,0.7434107065200806,-0.04011809453368187,0.3421107232570648,0.7439149618148804,-0.05087294057011604,0.2875244617462158,0.7675933837890625,-0.06101944297552109,0.39826884865760803,0.5527564287185669,-0.007609751541167498,0.3365570604801178,0.4926799535751343,-0.022065037861466408,0.29629021883010864,0.4566693603992462,-0.03591686114668846,0.26244303584098816,0.42558562755584717,-0.04754103720188141,0.4269367456436157,0.4864029884338379,-0.010233704932034016,0.37142789363861084,0.38626495003700256,-0.021663354709744453,0.33680278062820435,0.32444584369659424,-0.034327417612075806,0.3072304129600525,0.2704474627971649,-0.04417409002780914,0.46697279810905457,0.44821643829345703,-0.018505621701478958,0.43116992712020874,0.3380920886993408,-0.039114538580179214,0.40847182273864746,0.2649056613445282,-0.05483042448759079,0.38577333092689514,0.20173576474189758,-0.06510183960199356,0.5133962035179138,0.4354240894317627,-0.02939818799495697,0.5097184181213379,0.33225345611572266,-0.05138382315635681,0.5089329481124878,0.2594832479953766,-0.062328945845365524,0.5052648782730103,0.1930522918701172,-0.06911611557006836,4
0.5795902013778687,0.7327156662940979,4.2027667745969666e-07,0.5073596835136414,0.764492392539978,-0.02782328985631466,0.4187084138393402,0.7493653297424316,-0.03907348960638046,0.3478671908378601,0.7506073117256165,-0.04923715069890022,0.293731153011322,0.7764068841934204,-0.05889684706926346,0.40235722064971924,0.5607271194458008,-0.008992472663521767,0.3406229615211487,0.5004153847694397,-0.023917192593216896,0.3009602427482605,0.46473678946495056,-0.03816835582256317,0.26727166771888733,0.43294283747673035,-0.050210416316986084,0.43073052167892456,0.49367445707321167,-0.01205066591501236,0.375193327665329,0.3937391936779022,-0.024248678237199783,0.34047389030456543,0.3324035406112671,-0.03759671375155449,0.3104449212551117,0.27955493330955505,-0.047976795583963394,0.47094425559043884,0.4554138481616974,-0.02052544802427292,0.4351235330104828,0.34331804513931274,-0.041693709790706635,0.41213110089302063,0.26993754506111145,-0.058028411120176315,0.3887331783771515,0.20671793818473816,-0.06887167692184448,0.517322838306427,0.4433383345603943,-0.0314592644572258,0.5146790742874146,0.3398740291595459,-0.053931936621665955,0.5131872892379761,0.26686936616897583,-0.06534673273563385,0.5083016157150269,0.1996861696243286,-0.07258792966604233,4
0.582850456237793,0.7321350574493408,4.1861710542434594e-07,0.5108669996261597,0.7660689353942871,-0.02885141409933567,0.42203372716903687,0.7524309754371643,-0.040459778159856796,0.35036179423332214,0.7521148324012756,-0.05071001127362251,0.296154260635376,0.7780623435974121,-0.06041249260306358,0.40682539343833923,0.5604739785194397,-0.010557861998677254,0.34441104531288147,0.5005217790603638,-0.025404077023267746,0.3038979172706604,0.46490317583084106,-0.03937550261616707,0.2699161171913147,0.4331679940223694,-0.051331229507923126,0.43502020835876465,0.49377766251564026,-0.013143379241228104,0.3785709738731384,0.3944055438041687,-0.02543739415705204,0.3434738516807556,0.33256420493125916,-0.03882598131895065,0.3137233853340149,0.27859365940093994,-0.04933110624551773,0.4748895764350891,0.4556853175163269,-0.02114114910364151,0.4387810230255127,0.344763845205307,-0.042647503316402435,0.41558077931404114,0.27016952633857727,-0.05954214930534363,0.3922679126262665,0.20512309670448303,-0.07088632881641388,0.5209745764732361,0.44316262006759644,-0.03164315223693848,0.5186891555786133,0.3412016034126282,-0.05473586916923523,0.5173291563987732,0.26836898922920227,-0.0668291300535202,0.5126291513442993,0.20076557993888855,-0.07461017370223999,4
0.58399897813797,0.7305998802185059,4.1539831840964325e-07,0.5117709636688232,0.7648911476135254,-0.02832382544875145,0.4222278892993927,0.7514210939407349,-0.039621010422706604,0.35071444511413574,0.7521273493766785,-0.049589551985263824,0.2968178391456604,0.7787638902664185,-0.05913727730512619,0.40800297260284424,0.5608068108558655,-0.011024526320397854,0.34517958760261536,0.5004636645317078,-0.026082109659910202,0.3046371340751648,0.46480458974838257,-0.04029862955212593,0.27006086707115173,0.4322718381881714,-0.05249866470694542,0.43618080019950867,0.49372434616088867,-0.013859551399946213,0.37947624921798706,0.39410412311553955,-0.02626001089811325,0.34422409534454346,0.3319706320762634,-0.03987733647227287,0.3139982223510742,0.27752649784088135,-0.05065942928195,0.47588446736335754,0.4558013081550598,-0.021983806043863297,0.4390053153038025,0.3446253538131714,-0.04353797435760498,0.4163012206554413,0.27015456557273865,-0.06051043048501015,0.3930395543575287,0.20502185821533203,-0.07193510979413986,0.5216788053512573,0.44367289543151855,-0.03254005312919617,0.5185551643371582,0.34111642837524414,-0.055695924907922745,0.5173648595809937,0.26830145716667175,-0.06771489977836609,0.5125717520713806,0.20047426223754883,-0.07547006756067276,4
0.5830584764480591,0.7293457984924316,4.216623494812666e-07,0.5115156173706055,0.7648448944091797,-0.028196735307574272,0.4215848445892334,0.7509211301803589,-0.03884085267782211,0.35054802894592285,0.7509872317314148,-0.0480843111872673,0.29751402139663696,0.778371274471283,-0.0568741112947464,0.40563106536865234,0.560511589050293,-0.010145708918571472,0.3434857428073883,0.5009771585464478,-0.024178296327590942,0.3033924698829651,0.46539193391799927,-0.037650931626558304,0.26934200525283813,0.43260782957077026,-0.0494496189057827,0.43419307470321655,0.4928017258644104,-0.012847349047660828,0.3780154585838318,0.3938756585121155,-0.024446265771985054,0.3427778482437134,0.3323839008808136,-0.037702273577451706,0.31257718801498413,0.2790251672267914,-0.04827934131026268,0.4744819104671478,0.4545748233795166,-0.02083205059170723,0.4384329319000244,0.3438628911972046,-0.04195147007703781,0.41551053524017334,0.2699844241142273,-0.05896380916237831,0.39225906133651733,0.20576533675193787,-0.07040642946958542,0.5206756591796875,0.44224080443382263,-0.03121761418879032,0.5174679160118103,0.3396318554878235,-0.05403126776218414,0.5160869359970093,0.2669001817703247,-0.0660930648446083,0.5111855268478394,0.19947674870491028,-0.07390950620174408,4
0.5825218558311462,0.7286064028739929,4.2640337483135227e-07,0.5112062096595764,0.7627089023590088,-0.02964601293206215,0.4222109019756317,0.7499257922172546,-0.04158372804522514,0.35046350955963135,0.7510988712310791,-0.05192453786730766,0.29661279916763306,0.776778519153595,-0.06172299012541771,0.4067825675010681,0.5594634413719177,-0.011964426375925541,0.3445175290107727,0.4990260899066925,-0.027211423963308334,0.30391940474510193,0.46301785111427307,-0.041408613324165344,0.2693626880645752,0.4302554130554199,-0.053590502589941025,0.4349534511566162,0.49199020862579346,-0.014226091094315052,0.37809279561042786,0.3925953805446625,-0.026796896010637283,0.3428301215171814,0.33107393980026245,-0.0402810201048851,0.3126085698604584,0.2772958278656006,-0.05087413266301155,0.4751511216163635,0.4535064399242401,-0.021914537996053696,0.43843400478363037,0.34271547198295593,-0.04366821050643921,0.41533344984054565,0.2686009705066681,-0.06059601530432701,0.39194679260253906,0.20355576276779175,-0.07186830788850784,0.5213562250137329,0.4408402740955353,-0.03213498741388321,0.5175777673721313,0.3386015295982361,-0.055306367576122284,0.5160596370697021,0.26600804924964905,-0.06727208197116852,0.5112090706825256,0.1984446942806244,-0.07493823021650314,4
0.5830650329589844,0.7303578853607178,4.2598193772391824e-07,0.5128499269485474,0.7661837339401245,-0.029472975060343742,0.4243030548095703,0.752347469329834,-0.04144202172756195,0.3522413969039917,0.750593900680542,-0.05196625366806984,0.2976163327693939,0.7758593559265137,-0.06197633594274521,0.40709301829338074,0.56154465675354,-0.01130955945700407,0.3442288339138031,0.5016550421714783,-0.026410358026623726,0.3034425377845764,0.4651334285736084,-0.04051709547638893,0.2691071033477783,0.4320383071899414,-0.052672892808914185,0.4351191222667694,0.4943764805793762,-0.013796781189739704,0.37818974256515503,0.3953994810581207,-0.02628357708454132,0.34255585074424744,0.3334631323814392,-0.039777010679244995,0.31211864948272705,0.27971112728118896,-0.05038156360387802,0.4751585125923157,0.4560072720050812,-0.02173554338514805,0.4384751319885254,0.3449709415435791,-0.0435192696750164,0.4149630069732666,0.2699785828590393,-0.06046871468424797,0.39137715101242065,0.20473548769950867,-0.0717652291059494,0.5213953256607056,0.44337403774261475,-0.03220450505614281,0.5178229212760925,0.3405866026878357,-0.05540606379508972,0.5161631107330322,0.26743486523628235,-0.067467100918293,0.511345624923706,0.20037055015563965,-0.0752415806055069,4
0.5838423371315002,0.7332577705383301,4.125907935303985e-07,0.5121828317642212,0.7684197425842285,-0.028103606775403023,0.4227326512336731,0.7564203143119812,-0.03941165283322334,0.35148632526397705,0.7563091516494751,-0.049313176423311234,0.29851192235946655,0.7822588682174683,-0.05891933664679527,0.4082704186439514,0.566802978515625,-0.012401885353028774,0.34505224227905273,0.5075080394744873,-0.027719877660274506,0.30416950583457947,0.4715621769428253,-0.04215274751186371,0.2694934010505676,0.43754640221595764,-0.0547189898788929,0.43620115518569946,0.4986713230609894,-0.01545823086053133,0.3785378336906433,0.40038609504699707,-0.02827833965420723,0.34283873438835144,0.33819884061813354,-0.04238400235772133,0.31258705258369446,0.28325551748275757,-0.05375909432768822,0.47599804401397705,0.4598197042942047,-0.023619111627340317,0.4391915202140808,0.3486121892929077,-0.04534531012177467,0.4158444404602051,0.2745211720466614,-0.06276828050613403,0.3923809230327606,0.2098640501499176,-0.07475044578313828,0.5220516324043274,0.4471113979816437,-0.03413531556725502,0.5184071660041809,0.3442801237106323,-0.05733909085392952,0.5164495706558228,0.2713135778903961,-0.06973331421613693,0.5110396146774292,0.20387518405914307,-0.07803644984960556,4
0.587646484375,0.731853187084198,4.211390773889434e-07,0.5156528353691101,0.7684444189071655,-0.02880832366645336,0.4255545735359192,0.7561718821525574,-0.040184278041124344,0.3538469672203064,0.7557570934295654,-0.049969632178545,0.30033305287361145,0.782008945941925,-0.05942121148109436,0.4113329350948334,0.5677601099014282,-0.013341343961656094,0.34751659631729126,0.50734943151474,-0.02881624735891819,0.30672192573547363,0.4711500406265259,-0.04320894554257393,0.2720572352409363,0.43677854537963867,-0.05564707890152931,0.43887993693351746,0.4985010325908661,-0.016013329848647118,0.3809623122215271,0.3983612060546875,-0.028770795091986656,0.34509479999542236,0.33453041315078735,-0.04283377155661583,0.3147687613964081,0.2776235044002533,-0.0541197843849659,0.4784638285636902,0.45871344208717346,-0.023779865354299545,0.4412687122821808,0.3462586998939514,-0.04510810598731041,0.4185541868209839,0.2723183333873749,-0.06218618154525757,0.3955329358577728,0.2075379192829132,-0.07398667186498642,0.5244215726852417,0.4453126788139343,-0.03402477875351906,0.5213100910186768,0.3435444235801697,-0.0570041686296463,0.5194385051727295,0.27129799127578735,-0.06915222108364105,0.5140672922134399,0.20360541343688965,-0.0772065669298172,4
0.5891371965408325,0.7325146794319153,4.2124202082050033e-07,0.5167810320854187,0.7662896513938904,-0.028349241241812706,0.4277467131614685,0.7527292966842651,-0.03972885385155678,0.356635183095932,0.7508628368377686,-0.04979212209582329,0.30329227447509766,0.7763674855232239,-0.05959922820329666,0.41554462909698486,0.5627102851867676,-0.012981202453374863,0.3526277244091034,0.499571293592453,-0.028882132843136787,0.3121362328529358,0.46185800433158875,-0.04361417144536972,0.27781641483306885,0.4269261360168457,-0.056194666773080826,0.4432696998119354,0.49534735083580017,-0.01601247675716877,0.3859226107597351,0.3939498960971832,-0.029415816068649292,0.35040706396102905,0.3288816809654236,-0.043865788727998734,0.32097017765045166,0.27118751406669617,-0.0553419254720211,0.4824866056442261,0.4571460485458374,-0.024150004610419273,0.4462188184261322,0.34363964200019836,-0.046178389340639114,0.42392730712890625,0.26913216710090637,-0.06378817558288574,0.4015273451805115,0.203971266746521,-0.07582100480794907,0.5280958414077759,0.44534218311309814,-0.034708671271800995,0.5260737538337708,0.343000590801239,-0.058294713497161865,0.5248290300369263,0.27065277099609375,-0.07090859860181808,0.5202577710151672,0.20318779349327087,-0.07923625409603119,4
0.5907338261604309,0.7365443706512451,4.143181229210313e-07,0.5196961164474487,0.772339940071106,-0.02976865880191326,0.4311366081237793,0.759046196937561,-0.042128875851631165,0.35899999737739563,0.7556535601615906,-0.05295547470450401,0.30448395013809204,0.7793589234352112,-0.06345131993293762,0.4169568419456482,0.5652028918266296,-0.01358995120972395,0.35315561294555664,0.5055555105209351,-0.029990479350090027,0.31213581562042236,0.46819525957107544,-0.04518614336848259,0.2775629162788391,0.4334961771965027,-0.05812157690525055,0.44437670707702637,0.49786967039108276,-0.01623074896633625,0.386438250541687,0.39774295687675476,-0.029959265142679214,0.3505513668060303,0.33383309841156006,-0.04442240297794342,0.3201599419116974,0.2781203091144562,-0.05580601468682289,0.48396679759025574,0.4599081873893738,-0.02423076704144478,0.44665321707725525,0.3485722541809082,-0.04694404825568199,0.4232861399650574,0.2730744779109955,-0.06484515964984894,0.3997783064842224,0.20712241530418396,-0.0768774077296257,0.5301615595817566,0.44844016432762146,-0.0347481407225132,0.5266185998916626,0.34524667263031006,-0.058860138058662415,0.5253448486328125,0.2715659439563751,-0.07169004529714584,0.520936131477356,0.20398077368736267,-0.08006902784109116,4
0.5927751064300537,0.7381453514099121,4.2808710531971883e-07,0.5208373069763184,0.773749828338623,-0.029515786096453667,0.4316926598548889,0.7616369724273682,-0.041999295353889465,0.3601696193218231,0.7594808340072632,-0.05292269587516785,0.3063499927520752,0.7841472625732422,-0.06355343014001846,0.41767391562461853,0.5715209245681763,-0.01510123535990715,0.35347265005111694,0.5110394358634949,-0.03200962021946907,0.31206071376800537,0.4738507866859436,-0.04733632132411003,0.27687838673591614,0.4383678436279297,-0.060396745800971985,0.44526761770248413,0.5030593276023865,-0.01808607392013073,0.3875586986541748,0.4023219347000122,-0.03240709379315376,0.35125648975372314,0.3380652070045471,-0.04724743962287903,0.32031816244125366,0.28049153089523315,-0.058992594480514526,0.4847913980484009,0.46441760659217834,-0.026242459192872047,0.4471198320388794,0.35174912214279175,-0.049082498997449875,0.42391470074653625,0.2769244313240051,-0.06681680679321289,0.40036946535110474,0.21089139580726624,-0.07890161126852036,0.5309718251228333,0.45199042558670044,-0.036894265562295914,0.5278269648551941,0.3489133417606354,-0.060818493366241455,0.5261410474777222,0.2759394645690918,-0.07341142743825912,0.5209409594535828,0.20807555317878723,-0.08177176117897034,4
0.5925968289375305,0.7398414015769958,4.2511183551141585e-07,0.5215297937393188,0.7761354446411133,-0.029653318226337433,0.43279701471328735,0.7636420130729675,-0.04234638810157776,0.36126625537872314,0.7601708769798279,-0.05344914644956589,0.30729028582572937,0.7835052013397217,-0.06421804428100586,0.4182801842689514,0.5709540247917175,-0.015321404673159122,0.35411033034324646,0.5113723874092102,-0.032122157514095306,0.3127591013908386,0.47455430030822754,-0.047356877475976944,0.2778083086013794,0.4394644498825073,-0.06037640571594238,0.4456919729709625,0.5031490921974182,-0.01827598549425602,0.3876090943813324,0.403018057346344,-0.032429348677396774,0.3513356149196625,0.3389955163002014,-0.047060057520866394,0.32065898180007935,0.2821347117424011,-0.05870689079165459,0.4849942922592163,0.46511489152908325,-0.02642071433365345,0.44731834530830383,0.352611243724823,-0.04917052388191223,0.4240742623806,0.27793383598327637,-0.06679791212081909,0.40058547258377075,0.2121787667274475,-0.0788891389966011,0.5309915542602539,0.45359987020492554,-0.037095263600349426,0.5282688736915588,0.35081014037132263,-0.06119702011346817,0.5266290903091431,0.27764442563056946,-0.07404543459415436,0.5214999914169312,0.20972850918769836,-0.08260076493024826,4
0.5944212079048157,0.739330530166626,4.3546586425691203e-07,0.5234116315841675,0.7770617604255676,-0.03137073665857315,0.4348512291908264,0.7661240100860596,-0.045080121606588364,0.3622666895389557,0.7617130875587463,-0.0569177009165287,0.30717164278030396,0.7838239073753357,-0.06820206344127655,0.41876500844955444,0.5736173391342163,-0.016054073348641396,0.35406410694122314,0.5131877660751343,-0.03338393196463585,0.31262052059173584,0.47577929496765137,-0.048924900591373444,0.27760452032089233,0.44062766432762146,-0.061994753777980804,0.44635599851608276,0.505062997341156,-0.018213870003819466,0.3884163498878479,0.40463775396347046,-0.032715775072574615,0.35188302397727966,0.3406032621860504,-0.047494884580373764,0.3205249309539795,0.28356802463531494,-0.05905682221055031,0.485733300447464,0.46624383330345154,-0.025762872770428658,0.44794586300849915,0.3541114032268524,-0.04877021163702011,0.42429912090301514,0.27871811389923096,-0.06635463982820511,0.4005237817764282,0.21260452270507812,-0.07818766683340073,0.5317060947418213,0.4538431167602539,-0.03599030524492264,0.5283747911453247,0.3514123558998108,-0.060134220868349075,0.526463508605957,0.2785295844078064,-0.07278599590063095,0.5213707685470581,0.21116504073143005,-0.0810028538107872,4
0.5940611958503723,0.741704523563385,4.301296314679348e-07,0.5234248638153076,0.7787251472473145,-0.03050512634217739,0.43526363372802734,0.7668875455856323,-0.04381733015179634,0.3632085621356964,0.7619573473930359,-0.055431876331567764,0.308788001537323,0.7842344045639038,-0.06665457040071487,0.4197086691856384,0.5743217468261719,-0.015579715371131897,0.3548552691936493,0.5156209468841553,-0.03268221765756607,0.3130626678466797,0.4791626036167145,-0.04814910516142845,0.27805423736572266,0.44442981481552124,-0.06129865720868111,0.4470907747745514,0.5059592127799988,-0.018230311572551727,0.3888295292854309,0.40590089559555054,-0.03283557668328285,0.35240936279296875,0.3414730429649353,-0.04789530858397484,0.3214389681816101,0.2836964726448059,-0.0597158819437027,0.4862698018550873,0.4672863781452179,-0.026153644546866417,0.44782426953315735,0.3548976182937622,-0.049346547573804855,0.42395952343940735,0.27888646721839905,-0.06739716976881027,0.40020421147346497,0.21186789870262146,-0.07965216785669327,0.5322253704071045,0.4546664357185364,-0.036634624004364014,0.5288091897964478,0.3521254062652588,-0.06105349212884903,0.526892900466919,0.27887463569641113,-0.07403312623500824,0.5217933058738708,0.21134278178215027,-0.0825774073600769,4
0.5951008200645447,0.7406094074249268,4.3610452848952264e-07,0.5246545672416687,0.7773324251174927,-0.0312521830201149,0.43748509883880615,0.7669358849525452,-0.045165274292230606,0.3652283251285553,0.7617322206497192,-0.05727815628051758,0.3097740709781647,0.782656192779541,-0.06886613368988037,0.42047592997550964,0.5752425789833069,-0.01577572524547577,0.3559826612472534,0.5163271427154541,-0.033205706626176834,0.3143831491470337,0.48003196716308594,-0.04897455498576164,0.2793162763118744,0.4455689787864685,-0.06227235868573189,0.4477861523628235,0.5065181255340576,-0.018079377710819244,0.3896929621696472,0.40588241815567017,-0.03278021886944771,0.35347700119018555,0.34130898118019104,-0.04788858816027641,0.3224104046821594,0.2832859754562378,-0.059718817472457886,0.48712658882141113,0.46758610010147095,-0.02575058862566948,0.44875338673591614,0.3553629517555237,-0.04891359061002731,0.42520609498023987,0.27973559498786926,-0.06673374027013779,0.40160948038101196,0.21309351921081543,-0.07878216356039047,0.5333163142204285,0.45485374331474304,-0.036050617694854736,0.5295990705490112,0.35266318917274475,-0.060323379933834076,0.5276175141334534,0.27972880005836487,-0.07301301509141922,0.5225603580474854,0.2124173939228058,-0.08129027485847473,4
0.877116858959198,0.5319169163703918,3.5646058904603706e-07,0.8238148093223572,0.5739679336547852,-0.02941400185227394,0.7469812631607056,0.5776112079620361,-0.04168982431292534,0.6855102777481079,0.5805438756942749,-0.05134114623069763,0.6388569474220276,0.601191520690918,-0.060564491897821426,0.7127440571784973,0.42102283239364624,-0.021915428340435028,0.6432355046272278,0.3896459639072418,-0.04056824371218681,0.6002078652381897,0.3652738928794861,-0.055924732238054276,0.5642565488815308,0.3376587927341461,-0.0683787614107132,0.7300102114677429,0.35143721103668213,-0.023362137377262115,0.6626667976379395,0.2816292643547058,-0.039422858506441116,0.6214744448661804,0.23460853099822998,-0.054575297981500626,0.5865433812141418,0.1912667155265808,-0.06621755659580231,0.7626542448997498,0.30411478877067566,-0.029068635776638985,0.7090508937835693,0.22651176154613495,-0.05080162361264229,0.6749979853630066,0.17511187493801117,-0.06698581576347351,0.6434739232063293,0.12930583953857422,-0.07824011892080307,0.8068872094154358,0.273525595664978,-0.037255361676216125,0.7910844683647156,0.18267802894115448,-0.058660950511693954,0.7812982797622681,0.11743223667144775,-0.06997483223676682,0.7693953514099121,0.05831795930862427,-0.07761400938034058,4
0.8766719102859497,0.5365896821022034,3.5198897307964216e-07,0.8233271837234497,0.5777091979980469,-0.028505826368927956,0.7463397979736328,0.5809670686721802,-0.040290310978889465,0.6850480437278748,0.5854488015174866,-0.04965469241142273,0.6389151215553284,0.6072908639907837,-0.05865277722477913,0.7117082476615906,0.42463868856430054,-0.020499788224697113,0.6426053047180176,0.39338770508766174,-0.0388665497303009,0.5995908379554749,0.36915871500968933,-0.05414842441678047,0.5637024641036987,0.34196123480796814,-0.06656844168901443,0.7290420532226562,0.35503169894218445,-0.02239045314490795,0.6615577936172485,0.2862338721752167,-0.03822041302919388,0.6202468276023865,0.23937581479549408,-0.053485970944166183,0.5849997997283936,0.19616137444972992,-0.06520713865756989,0.7618197798728943,0.30749183893203735,-0.028504544869065285,0.7081878185272217,0.23100072145462036,-0.05009794235229492,0.6738867163658142,0.17928187549114227,-0.06635036319494247,0.6418563723564148,0.13320916891098022,-0.07765267789363861,0.8060861229896545,0.276651531457901,-0.037007901817560196,0.7898478507995605,0.1860620528459549,-0.05807412043213844,0.7799743413925171,0.1205834150314331,-0.06911113113164902,0.7678532004356384,0.061338722705841064,-0.07660890370607376,4
0.8753987550735474,0.5398582220077515,3.6496018651632767e-07,0.8216423392295837,0.5818935036659241,-0.030065961182117462,0.7453727722167969,0.5865949392318726,-0.0427863672375679,0.6840134859085083,0.5918747186660767,-0.05289236456155777,0.6369045376777649,0.6133010387420654,-0.062493301928043365,0.7102903127670288,0.43086010217666626,-0.02164895087480545,0.6408464908599854,0.39983394742012024,-0.04083875194191933,0.5973702669143677,0.37590843439102173,-0.05667473003268242,0.5610879063606262,0.34845656156539917,-0.06942424178123474,0.7271433472633362,0.3609190285205841,-0.02295907586812973,0.659416913986206,0.2929533123970032,-0.039502836763858795,0.6176254153251648,0.24617797136306763,-0.055127713829278946,0.5820998549461365,0.20247581601142883,-0.06708784401416779,0.7595149874687195,0.3127637505531311,-0.028683479875326157,0.7054886221885681,0.2367357462644577,-0.05078632012009621,0.6707772612571716,0.18593819439411163,-0.06714026629924774,0.6384562253952026,0.14033007621765137,-0.07847107201814651,0.8035497069358826,0.28080955147743225,-0.03697251155972481,0.7871416807174683,0.19038532674312592,-0.05847503989934921,0.7767577171325684,0.12499359250068665,-0.06979960203170776,0.7642163634300232,0.06552687287330627,-0.07746411114931107,4
0.8769519329071045,0.5434800982475281,3.595066857542406e-07,0.8237980604171753,0.5872418880462646,-0.02977643720805645,0.7470554113388062,0.5932297706604004,-0.042383138090372086,0.685309886932373,0.5992578268051147,-0.05235016718506813,0.6373786330223083,0.6214067935943604,-0.06186310201883316,0.7091742157936096,0.43630194664001465,-0.021776072680950165,0.638753354549408,0.4065028429031372,-0.04089518263936043,0.5949223041534424,0.38359978795051575,-0.05671247839927673,0.5582650303840637,0.35771554708480835,-0.06943247467279434,0.7253961563110352,0.36676353216171265,-0.023175572976469994,0.6568453907966614,0.29971539974212646,-0.03971710428595543,0.6144434213638306,0.25435376167297363,-0.05543501675128937,0.5782244205474854,0.21254627406597137,-0.06744878739118576,0.7574799060821533,0.31881606578826904,-0.02892736718058586,0.7024219632148743,0.24332700669765472,-0.05117059499025345,0.6672555804252625,0.1931162327528,-0.06776032596826553,0.6344093680381775,0.1483018696308136,-0.07924994081258774,0.8014823198318481,0.28685256838798523,-0.03716246783733368,0.7840734720230103,0.1957387626171112,-0.05899164453148842,0.773281455039978,0.1300148069858551,-0.07057544589042664,0.7603974342346191,0.07043364644050598,-0.07837407290935516,4
0.8778685331344604,0.5377906560897827,3.5837280165651464e-07,0.8269301056861877,0.5836992263793945,-0.031532980501651764,0.7509279251098633,0.5945368409156799,-0.04529412463307381,0.6887827515602112,0.6042425632476807,-0.056131381541490555,0.6405843496322632,0.630626916885376,-0.06656315177679062,0.709255576133728,0.43974822759628296,-0.024096032604575157,0.6380101442337036,0.4159957468509674,-0.04408835619688034,0.5933587551116943,0.39611363410949707,-0.06056386977434158,0.5555626749992371,0.37198182940483093,-0.07381395995616913,0.723349392414093,0.36961933970451355,-0.02492551878094673,0.6531081795692444,0.3072595000267029,-0.04232645407319069,0.6096845865249634,0.2646943926811218,-0.05834797024726868,0.5723600387573242,0.22498682141304016,-0.07058510929346085,0.7543467879295349,0.3201751708984375,-0.030205758288502693,0.6975295543670654,0.24831674993038177,-0.052970755845308304,0.6613764762878418,0.2012500762939453,-0.06944616138935089,0.6273268461227417,0.15891984105110168,-0.0808829739689827,0.7978098392486572,0.2857789099216461,-0.03815513476729393,0.7780114412307739,0.19728915393352509,-0.06029355898499489,0.7656725645065308,0.132979154586792,-0.07184962183237076,0.7513855695724487,0.07410699129104614,-0.07967875897884369,4
0.876183032989502,0.5343018770217896,3.5021105304622324e-07,0.8269376754760742,0.5819652676582336,-0.03088594600558281,0.7506722807884216,0.5952560901641846,-0.04402179643511772,0.6885462999343872,0.6066036820411682,-0.05426220968365669,0.6412055492401123,0.6356452703475952,-0.06416673958301544,0.7071717381477356,0.44056957960128784,-0.023354344069957733,0.6363233923912048,0.41954270005226135,-0.042719900608062744,0.5920648574829102,0.4021090567111969,-0.05884522572159767,0.5546478629112244,0.3804078698158264,-0.07195444405078888,0.7202551364898682,0.37022480368614197,-0.02430811896920204,0.6492122411727905,0.3107339143753052,-0.04092196002602577,0.6057819724082947,0.27019980549812317,-0.05651411414146423,0.5687450766563416,0.2326083779335022,-0.06852506101131439,0.7506468892097473,0.3199290633201599,-0.029650231823325157,0.6932392120361328,0.25022774934768677,-0.05182016268372536,0.656992495059967,0.20399145781993866,-0.06819803267717361,0.6230922341346741,0.16277316212654114,-0.07969772815704346,0.7938134670257568,0.2842761278152466,-0.03761390596628189,0.7738020420074463,0.19674567878246307,-0.05946269631385803,0.7608873248100281,0.13307806849479675,-0.07107395678758621,0.7460671067237854,0.07508400082588196,-0.07899879664182663,4
0.8762296438217163,0.5241455435752869,3.5967227063338214e-07,0.8283646106719971,0.5758746862411499,-0.031597819179296494,0.754623532295227,0.5965819358825684,-0.04583732783794403,0.693651556968689,0.6122660636901855,-0.05715247616171837,0.6469897031784058,0.6436489820480347,-0.06810876727104187,0.7070416212081909,0.4455571472644806,-0.02520005777478218,0.6348670125007629,0.4309421479701996,-0.04530922323465347,0.5901281833648682,0.41617318987846375,-0.06169203296303749,0.5522237420082092,0.3962053656578064,-0.07483845204114914,0.7181895971298218,0.375034362077713,-0.026117995381355286,0.6451976895332336,0.3206048607826233,-0.043735235929489136,0.6004402041435242,0.2827374339103699,-0.059675272554159164,0.5621767640113831,0.24749179184436798,-0.07180026918649673,0.746828019618988,0.32308751344680786,-0.0314619317650795,0.6872519254684448,0.2585639953613281,-0.05449675768613815,0.6494284868240356,0.21636953949928284,-0.07119357585906982,0.6140216588973999,0.17903874814510345,-0.08274559676647186,0.788429319858551,0.28422558307647705,-0.039449796080589294,0.7657245397567749,0.19856324791908264,-0.06188460811972618,0.7513429522514343,0.1364280879497528,-0.07373705506324768,0.7351759076118469,0.08014330267906189,-0.08176200091838837,4
0.8798189163208008,0.5080440044403076,3.542940305578668e-07,0.8340028524398804,0.5602855682373047,-0.0316242054104805,0.7615559101104736,0.583634078502655,-0.04606195166707039,0.7014428973197937,0.6029683947563171,-0.05770023167133331,0.6553463935852051,0.6350886821746826,-0.068996861577034,0.7109838128089905,0.4368003308773041,-0.025743143633008003,0.6385011076927185,0.42363107204437256,-0.04664201661944389,0.5930713415145874,0.41061022877693176,-0.06350130587816238,0.5543201565742493,0.3926268219947815,-0.07690338045358658,0.7211439609527588,0.36672163009643555,-0.026783468201756477,0.6481889486312866,0.31546276807785034,-0.04519830271601677,0.6028412580490112,0.2809497117996216,-0.06157096475362778,0.5637418627738953,0.2487088441848755,-0.07397285848855972,0.7486080527305603,0.3137821853160858,-0.03223344311118126,0.6878998279571533,0.25227996706962585,-0.05547628179192543,0.6490985155105591,0.2126244455575943,-0.07199112325906754,0.612926721572876,0.17694947123527527,-0.08347075432538986,0.7891473174095154,0.2732822299003601,-0.04039829224348068,0.7655419111251831,0.18926531076431274,-0.0628322884440422,0.750042736530304,0.12816032767295837,-0.07463216781616211,0.7328311800956726,0.07273086905479431,-0.08265617489814758,4
0.8803966045379639,0.49269235134124756,3.57301473741245e-07,0.8359941244125366,0.5462312698364258,-0.03223765268921852,0.7643076777458191,0.5731701254844666,-0.04706193879246712,0.7047802805900574,0.5961254835128784,-0.058867260813713074,0.6598851680755615,0.6287767887115479,-0.07032164931297302,0.711771547794342,0.4291574954986572,-0.02652863785624504,0.6398075819015503,0.42048126459121704,-0.04756437987089157,0.5943639874458313,0.40997496247291565,-0.06446870416402817,0.5558533668518066,0.39352256059646606,-0.07790260761976242,0.7200000286102295,0.357912540435791,-0.027400502935051918,0.6454389095306396,0.31210821866989136,-0.046157531440258026,0.5992292165756226,0.280106782913208,-0.06265085190534592,0.5598587989807129,0.2494516521692276,-0.07503659278154373,0.7461892366409302,0.3035565912723541,-0.03273320943117142,0.6843968033790588,0.24543698132038116,-0.0566532202064991,0.644564688205719,0.20925191044807434,-0.07384030520915985,0.6076281070709229,0.1772560030221939,-0.08561910688877106,0.7854834198951721,0.2615945339202881,-0.04074454307556152,0.7601841688156128,0.1787530481815338,-0.06412642449140549,0.7435903549194336,0.11866521835327148,-0.07661221921443939,0.7253540754318237,0.06460908055305481,-0.0849752277135849,4
0.8801975846290588,0.48101627826690674,3.350703252635867e-07,0.836851954460144,0.5388797521591187,-0.030571701005101204,0.7658368349075317,0.572766125202179,-0.04495418071746826,0.70704185962677,0.6004672646522522,-0.05669769272208214,0.6638097763061523,0.6385372877120972,-0.06824049353599548,0.7098958492279053,0.4291093945503235,-0.025302723050117493,0.6379157900810242,0.42769938707351685,-0.0454719141125679,0.5926659107208252,0.4218103289604187,-0.061920177191495895,0.5542450547218323,0.40976786613464355,-0.07523781806230545,0.7164608240127563,0.3582656681537628,-0.026937538757920265,0.640503466129303,0.3193516135215759,-0.04491244629025459,0.5941969752311707,0.2912258505821228,-0.060888003557920456,0.5546134114265442,0.26382505893707275,-0.07309940457344055,0.7415342330932617,0.30224543809890747,-0.03287864848971367,0.6761807799339294,0.24985644221305847,-0.0563231036067009,0.635858416557312,0.2169053703546524,-0.0731537938117981,0.598588764667511,0.18760603666305542,-0.08485458791255951,0.780367910861969,0.2572552561759949,-0.04137494042515755,0.7529206871986389,0.1771600991487503,-0.06441359221935272,0.7348702549934387,0.11866599321365356,-0.0768107920885086,0.7154396772384644,0.06613495945930481,-0.08526872098445892,4
0.878833532333374,0.47370898723602295,3.343368746300257e-07,0.8378496170043945,0.5340608358383179,-0.032051827758550644,0.7676106095314026,0.5726099014282227,-0.04683087766170502,0.7091349959373474,0.6065802574157715,-0.05856981873512268,0.6684452295303345,0.6521166563034058,-0.07027064263820648,0.7087176442146301,0.43275225162506104,-0.02767506241798401,0.6367402672767639,0.4415315091609955,-0.04852370545268059,0.590694785118103,0.44164544343948364,-0.06542427092790604,0.5512170791625977,0.4342101216316223,-0.07909147441387177,0.712512195110321,0.36157992482185364,-0.028623618185520172,0.6348063945770264,0.3290349245071411,-0.04724864661693573,0.5871467590332031,0.3053114116191864,-0.06344775855541229,0.5463919639587402,0.28144848346710205,-0.07571743428707123,0.7357686758041382,0.30379727482795715,-0.03387332335114479,0.6695415377616882,0.2584119439125061,-0.05766972154378891,0.6276629567146301,0.22967758774757385,-0.07469342648983002,0.5889878273010254,0.20352564752101898,-0.08650176972150803,0.7730751037597656,0.25623103976249695,-0.041808199137449265,0.743500828742981,0.18002073466777802,-0.06507387012243271,0.7241193652153015,0.12340396642684937,-0.0775502547621727,0.7035409212112427,0.07223832607269287,-0.08610788732767105,4
0.8764266967773438,0.46972811222076416,3.37607076517088e-07,0.835583508014679,0.5335534811019897,-0.03199227899312973,0.7657037973403931,0.5784561634063721,-0.04707760363817215,0.708725094795227,0.6181299090385437,-0.05913262814283371,0.6694476008415222,0.667598307132721,-0.07126455008983612,0.7033677697181702,0.44394049048423767,-0.028181346133351326,0.6324719786643982,0.45958417654037476,-0.049659181386232376,0.5866255760192871,0.4651196300983429,-0.06719135493040085,0.5466333627700806,0.4625941216945648,-0.08136238902807236,0.7056891322135925,0.371983140707016,-0.029636165127158165,0.6279121041297913,0.34522393345832825,-0.04885568842291832,0.5793997645378113,0.3265029788017273,-0.06559766829013824,0.5371419787406921,0.3070957660675049,-0.07831202447414398,0.7281107902526855,0.31270694732666016,-0.03537805750966072,0.6604443788528442,0.27184197306632996,-0.059686072170734406,0.617592990398407,0.24710041284561157,-0.07684346288442612,0.5775346159934998,0.22438190877437592,-0.08877979964017868,0.7652792930603027,0.2630603313446045,-0.04377727583050728,0.7324880361557007,0.18804310262203217,-0.06748352944850922,0.7107670307159424,0.13252830505371094,-0.07991515845060349,0.6876678466796875,0.08318808674812317,-0.08847379684448242,4
0.8703159689903259,0.46599382162094116,3.494357088129618e-07,0.8306878805160522,0.5310850739479065,-0.03264862298965454,0.7621909379959106,0.5788116455078125,-0.048382535576820374,0.7058117985725403,0.6194061040878296,-0.06107388436794281,0.667089581489563,0.6703354120254517,-0.07390338182449341,0.7006294131278992,0.44656360149383545,-0.03072742372751236,0.6287271976470947,0.46245837211608887,-0.052772972732782364,0.5826935768127441,0.4691735804080963,-0.07018908113241196,0.542094886302948,0.4685303866863251,-0.08416101336479187,0.7023592591285706,0.37454450130462646,-0.031855300068855286,0.6236255168914795,0.347875714302063,-0.051688771694898605,0.5747260451316833,0.32877248525619507,-0.06847251206636429,0.5324406027793884,0.30969876050949097,-0.08126792311668396,0.7234984040260315,0.3145012855529785,-0.03719126805663109,0.65543133020401,0.2749338150024414,-0.06179320812225342,0.612243115901947,0.2508724331855774,-0.07904612272977829,0.5724104046821594,0.229436993598938,-0.09109795093536377,0.7588121294975281,0.26275065541267395,-0.04522569105029106,0.7257428765296936,0.18768835067749023,-0.06886813789606094,0.7033901214599609,0.132207453250885,-0.08150331676006317,0.6800544261932373,0.08332198858261108,-0.09032866358757019,4
0.8668667674064636,0.4611549973487854,3.548103393313795e-07,0.8273411393165588,0.5284206867218018,-0.032798752188682556,0.7593550682067871,0.575794517993927,-0.04864759370684624,0.7030356526374817,0.6151958703994751,-0.06146048754453659,0.6630293130874634,0.6639949679374695,-0.07424129545688629,0.6969360709190369,0.440970242023468,-0.02983342669904232,0.6254025101661682,0.4561205208301544,-0.05215507373213768,0.5795814990997314,0.4625380039215088,-0.06997724622488022,0.5393410921096802,0.4613272547721863,-0.0841417908668518,0.6989327669143677,0.36874818801879883,-0.03092166967689991,0.620916485786438,0.34310925006866455,-0.0507025346159935,0.5722658038139343,0.3249514698982239,-0.06766141951084137,0.530107319355011,0.30676165223121643,-0.08053845912218094,0.7200178503990173,0.3086053729057312,-0.036326274275779724,0.6524784564971924,0.2685537338256836,-0.06073123216629028,0.6100256443023682,0.24373169243335724,-0.07756832987070084,0.5705806016921997,0.22186030447483063,-0.08927974849939346,0.7552977800369263,0.2569294571876526,-0.0445016473531723,0.7226729989051819,0.18166093528270721,-0.06786274909973145,0.7001206874847412,0.1265811026096344,-0.08013438433408737,0.676386296749115,0.07819250226020813,-0.08858790248632431,4
0.8660957217216492,0.45858439803123474,3.4721324482234195e-07,0.8258140683174133,0.5236161351203918,-0.03185011073946953,0.7567151188850403,0.5702415704727173,-0.046738795936107635,0.7001670002937317,0.6110426187515259,-0.05870611593127251,0.6604946255683899,0.6590290069580078,-0.07053196430206299,0.6953263282775879,0.437307745218277,-0.027665724977850914,0.6235079169273376,0.4519509971141815,-0.04912512004375458,0.5777988433837891,0.45750004053115845,-0.06629074364900589,0.5379587411880493,0.4556630849838257,-0.07994409650564194,0.6976245045661926,0.36480191349983215,-0.028731931000947952,0.6199653148651123,0.338263601064682,-0.047707583755254745,0.5712757110595703,0.31906354427337646,-0.06421033293008804,0.5292832851409912,0.30018413066864014,-0.07670816034078598,0.7189276814460754,0.30441296100616455,-0.03413801267743111,0.6520311236381531,0.26399049162864685,-0.05780177190899849,0.6095572710037231,0.23869448900222778,-0.07459409534931183,0.5703328847885132,0.2167535424232483,-0.0862266942858696,0.7542183995246887,0.25280773639678955,-0.04224570840597153,0.7221706509590149,0.17812499403953552,-0.06494692713022232,0.6997371315956116,0.12371951341629028,-0.07715052366256714,0.6762232780456543,0.0759502649307251,-0.08555291593074799,4
0.8635450005531311,0.4503615200519562,3.4292682471459557e-07,0.8240777254104614,0.5160722732543945,-0.03193298354744911,0.755516767501831,0.563780665397644,-0.04706604406237602,0.6987307071685791,0.6050455570220947,-0.0592198371887207,0.6584135890007019,0.6540042161941528,-0.07131800055503845,0.6948006749153137,0.4307774305343628,-0.02885764092206955,0.6229268908500671,0.44467809796333313,-0.05080325901508331,0.577267587184906,0.4493711292743683,-0.06816648691892624,0.5373391509056091,0.4466679096221924,-0.0819661095738411,0.6972172856330872,0.35863569378852844,-0.029979193583130836,0.6194121837615967,0.3328961133956909,-0.04939647018909454,0.5709757804870605,0.3146030902862549,-0.06614047288894653,0.5288759469985962,0.2964988350868225,-0.07886947691440582,0.7184559106826782,0.2983263432979584,-0.03533857315778732,0.6516907215118408,0.25825077295303345,-0.05935254693031311,0.6095113158226013,0.2325715869665146,-0.07597696781158447,0.5702930092811584,0.21012519299983978,-0.08753357082605362,0.7536579370498657,0.2465575933456421,-0.04336827993392944,0.7216888070106506,0.1718927025794983,-0.06630918383598328,0.6994209289550781,0.11715424060821533,-0.07843831181526184,0.6758113503456116,0.06916168332099915,-0.08681429922580719,4
0.8642632365226746,0.4494807720184326,3.485104969058739e-07,0.824491024017334,0.5146093964576721,-0.03256054222583771,0.7560712099075317,0.5602114796638489,-0.047924596816301346,0.6990197896957397,0.6011345386505127,-0.060307826846838,0.658068060874939,0.6498211622238159,-0.07259630411863327,0.6945632100105286,0.4278417229652405,-0.027977995574474335,0.6234604120254517,0.4417942762374878,-0.04976062849164009,0.5777101516723633,0.4459971785545349,-0.067351795732975,0.5375670194625854,0.4423109292984009,-0.08139371126890182,0.6964235305786133,0.3552565574645996,-0.02884097397327423,0.6190834641456604,0.3291175961494446,-0.047968167811632156,0.5704942345619202,0.30995163321495056,-0.0648011788725853,0.5284681916236877,0.29085981845855713,-0.07762095332145691,0.7176217436790466,0.29489463567733765,-0.03408663347363472,0.6514203548431396,0.25466591119766235,-0.05789651721715927,0.6091887950897217,0.22896549105644226,-0.07471612095832825,0.5700680613517761,0.20662634074687958,-0.08640071004629135,0.7529019117355347,0.24346572160720825,-0.042097076773643494,0.7210617065429688,0.16898609697818756,-0.06478926539421082,0.699150562286377,0.11449742317199707,-0.07682129740715027,0.6760460138320923,0.06675279140472412,-0.08511891216039658,4
0.8631784319877625,0.44841280579566956,3.515711739510152e-07,0.8235602378845215,0.5136870741844177,-0.033057574182748795,0.7554374933242798,0.5601382255554199,-0.048456475138664246,0.6987663507461548,0.6011284589767456,-0.06070692092180252,0.6579582095146179,0.6490358114242554,-0.07283913344144821,0.6946476697921753,0.4254528284072876,-0.028868379071354866,0.6233344674110413,0.4388839304447174,-0.050565071403980255,0.5778006315231323,0.44287070631980896,-0.06787942349910736,0.5378845930099487,0.4391270577907562,-0.08169557899236679,0.6970310807228088,0.3528794050216675,-0.029313184320926666,0.619804859161377,0.3260103762149811,-0.0484020970761776,0.5716070532798767,0.30669105052948,-0.06496221572160721,0.5297554135322571,0.2874150574207306,-0.07759485393762589,0.7184022068977356,0.2930034399032593,-0.03416506573557854,0.6525494456291199,0.2523688077926636,-0.058017052710056305,0.6108701825141907,0.2260364145040512,-0.0747579038143158,0.571993350982666,0.20293915271759033,-0.0863814726471901,0.7536699175834656,0.24203410744667053,-0.04181512072682381,0.7225058674812317,0.1673159897327423,-0.064724862575531,0.7010394334793091,0.11224815249443054,-0.0769897922873497,0.6781604290008545,0.06382688879966736,-0.08544543385505676,4
0.8651733994483948,0.4462970793247223,3.4748154575936496e-07,0.8258981704711914,0.5138615965843201,-0.032382577657699585,0.7569218873977661,0.5607216358184814,-0.047420699149370193,0.699671745300293,0.6013963222503662,-0.05940308794379234,0.6599024534225464,0.6515511274337769,-0.07130131870508194,0.696016788482666,0.4252140522003174,-0.02837797813117504,0.6246009469032288,0.43937546014785767,-0.04966868832707405,0.5789086818695068,0.4432971179485321,-0.06679818034172058,0.539027988910675,0.4396391808986664,-0.08057058602571487,0.6981784105300903,0.3529139459133148,-0.02916676737368107,0.6205846667289734,0.3260003924369812,-0.04775131866335869,0.5723312497138977,0.30580809712409973,-0.06390447169542313,0.530774712562561,0.2855782210826874,-0.07626429200172424,0.7196714282035828,0.29285120964050293,-0.0342843271791935,0.6535014510154724,0.25207728147506714,-0.05777161195874214,0.611594021320343,0.22533859312534332,-0.07446148991584778,0.5727882385253906,0.20166346430778503,-0.08609597384929657,0.7554380297660828,0.24153795838356018,-0.0421576090157032,0.7243345975875854,0.16626593470573425,-0.06485102325677872,0.702602207660675,0.11130815744400024,-0.07703986763954163,0.6793854832649231,0.06279519200325012,-0.08548686653375626,4
0.8655295372009277,0.44802090525627136,3.53060642055425e-07,0.8263611793518066,0.5155645608901978,-0.033096879720687866,0.7578887343406677,0.5622494220733643,-0.04837627336382866,0.700962245464325,0.6022716760635376,-0.06047046557068825,0.6606860160827637,0.6506828665733337,-0.07241340726613998,0.6974074840545654,0.42733433842658997,-0.028945457190275192,0.6264734864234924,0.4412961006164551,-0.050553616136312485,0.5806800127029419,0.4450000524520874,-0.06787854433059692,0.540742814540863,0.4408562183380127,-0.08176238089799881,0.6991425156593323,0.35492146015167236,-0.029434602707624435,0.6216189861297607,0.3286042809486389,-0.04826585203409195,0.573508083820343,0.30879178643226624,-0.06451024115085602,0.5320963859558105,0.2886834144592285,-0.07691270112991333,0.7201611399650574,0.2947333753108978,-0.034312330186367035,0.65421062707901,0.2538601756095886,-0.05811505392193794,0.6126419305801392,0.2271011620759964,-0.07468867301940918,0.5740786790847778,0.20333175361156464,-0.08618348836898804,0.755515992641449,0.24331362545490265,-0.04201497882604599,0.7246512770652771,0.1678496152162552,-0.06503768265247345,0.703202486038208,0.11239606142044067,-0.07726460695266724,0.6803509593009949,0.0633825957775116,-0.08565349876880646,4
0.8663874864578247,0.45057857036590576,3.4826825867639855e-07,0.8273500800132751,0.5163156986236572,-0.03282587602734566,0.7588834762573242,0.5621913075447083,-0.04823245108127594,0.7020462155342102,0.6010853052139282,-0.060501761734485626,0.6621432900428772,0.6496719121932983,-0.07282047718763351,0.6978904604911804,0.4269074499607086,-0.029908237978816032,0.6261792182922363,0.4417402744293213,-0.05185140296816826,0.5802716016769409,0.44585901498794556,-0.06929238885641098,0.5403298735618591,0.4419960677623749,-0.08320678025484085,0.7001714110374451,0.3551132082939148,-0.03069990687072277,0.622014045715332,0.3272971510887146,-0.05004994943737984,0.5736523270606995,0.30633533000946045,-0.06646290421485901,0.5320079922676086,0.28504282236099243,-0.07891003042459488,0.7218032479286194,0.2955874502658844,-0.03580043092370033,0.6557644605636597,0.25366103649139404,-0.05989950895309448,0.6138323545455933,0.22641070187091827,-0.07665342837572098,0.5748016238212585,0.2018890529870987,-0.08827650547027588,0.7576727867126465,0.2448635697364807,-0.04366634413599968,0.7265471816062927,0.17002902925014496,-0.06693318486213684,0.7052385210990906,0.1146332323551178,-0.07915795594453812,0.6824607849121094,0.06543254852294922,-0.0875580757856369,4
0.8664438724517822,0.4539078176021576,3.5369936313145445e-07,0.8272677063941956,0.5192365050315857,-0.03309222683310509,0.7590925097465515,0.564443826675415,-0.04875878617167473,0.7022771239280701,0.6030838489532471,-0.06123286113142967,0.661897599697113,0.6510710120201111,-0.07370106875896454,0.6982277035713196,0.4290708899497986,-0.03010757640004158,0.6267057061195374,0.44229772686958313,-0.051986124366521835,0.5810369849205017,0.44592076539993286,-0.06935813277959824,0.5411401391029358,0.44189292192459106,-0.08316832035779953,0.700876772403717,0.35652950406074524,-0.030746664851903915,0.6229365468025208,0.32782021164894104,-0.049928031861782074,0.5746750235557556,0.3067145347595215,-0.06631550937891006,0.5329949855804443,0.28558972477912903,-0.07874699681997299,0.7227089405059814,0.2966279089450836,-0.03569106012582779,0.6569350361824036,0.25433534383773804,-0.05968783423304558,0.6149414777755737,0.22690144181251526,-0.07644382119178772,0.575842022895813,0.2026200294494629,-0.08803413063287735,0.7585710287094116,0.24577568471431732,-0.043402016162872314,0.7272652983665466,0.17023035883903503,-0.06643718481063843,0.7060931324958801,0.11439967155456543,-0.07848472148180008,0.6835469603538513,0.06501951813697815,-0.0867360532283783,4
0.9194790124893188,0.7239160537719727,3.597417901346489e-07,0.8891300559043884,0.7999744415283203,-0.0296236090362072,0.8335593938827515,0.8495545387268066,-0.04471750184893608,0.7864944338798523,0.8880046010017395,-0.05699137598276138,0.7532572746276855,0.9351066946983337,-0.06935571879148483,0.7725321054458618,0.7391958236694336,-0.02908388338983059,0.7115882039070129,0.7487169504165649,-0.049129046499729156,0.6737945675849915,0.7551621794700623,-0.06492014229297638,0.6393826007843018,0.7584751844406128,-0.0772320106625557,0.7746365666389465,0.6728280782699585,-0.030378956347703934,0.708852231502533,0.6526737809181213,-0.048547957092523575,0.6661772131919861,0.6411961913108826,-0.06475905328989029,0.6271942257881165,0.6299310326576233,-0.07701729983091354,0.7922571301460266,0.6173658967018127,-0.035254593938589096,0.7351464629173279,0.5841700434684753,-0.05810430273413658,0.6974548697471619,0.5651692152023315,-0.07465066015720367,0.6610904335975647,0.5489293932914734,-0.08597002923488617,0.8213489055633545,0.5707882642745972,-0.04231343790888786,0.7905381917953491,0.505755603313446,-0.06462132930755615,0.7703630924224854,0.4590860605239868,-0.07618728280067444,0.7487444877624512,0.41912657022476196,-0.0838540717959404,4
0.9181134700775146,0.726763904094696,3.5547537891034153e-07,0.8873519897460938,0.8018686175346375,-0.028759609907865524,0.8323179483413696,0.8513209819793701,-0.043565429747104645,0.7860810160636902,0.8903902173042297,-0.05568582937121391,0.7537775039672852,0.9368986487388611,-0.06797199696302414,0.7723417282104492,0.7415623068809509,-0.028381288051605225,0.7121627330780029,0.7509061098098755,-0.04803469777107239,0.6744714975357056,0.7572082281112671,-0.063650943338871,0.640196681022644,0.7597663402557373,-0.07595907896757126,0.774652361869812,0.6749311089515686,-0.029947327449917793,0.7094181180000305,0.6558013558387756,-0.04764443635940552,0.6671016216278076,0.6446397304534912,-0.06370139867067337,0.6283987760543823,0.6330525279045105,-0.07599931955337524,0.792472779750824,0.6190462112426758,-0.03497683256864548,0.7353665828704834,0.5857716202735901,-0.0572938472032547,0.697843074798584,0.5664888620376587,-0.07357823103666306,0.661573052406311,0.5498566627502441,-0.08488913625478745,0.8218804597854614,0.5720020532608032,-0.04212002828717232,0.7913380861282349,0.506983757019043,-0.06406815350055695,0.7711105346679688,0.4603123068809509,-0.07545404136180878,0.7492717504501343,0.42023900151252747,-0.08307573944330215,4
0.9188395142555237,0.7266797423362732,3.5369973261367704e-07,0.8886480331420898,0.8019195199012756,-0.029336722567677498,0.8334978818893433,0.8512483239173889,-0.04462551325559616,0.7865711450576782,0.8891898393630981,-0.057183168828487396,0.7531598210334778,0.9355427026748657,-0.0698799416422844,0.7724437713623047,0.741200864315033,-0.028986144810914993,0.7121115922927856,0.750100314617157,-0.04904843121767044,0.6744550466537476,0.7561280131340027,-0.06493424624204636,0.6399920582771301,0.7584838271141052,-0.07742607593536377,0.774993360042572,0.6750450134277344,-0.03056538850069046,0.7098034620285034,0.6555695533752441,-0.04886878281831741,0.6675599217414856,0.6442735195159912,-0.06529828161001205,0.6286119222640991,0.6324649453163147,-0.07782230526208878,0.7930651307106018,0.6196630597114563,-0.03567783907055855,0.7364577651023865,0.5862686038017273,-0.058694515377283096,0.69891357421875,0.5663072466850281,-0.07530153542757034,0.6624208688735962,0.548909604549408,-0.08674530684947968,0.8225489854812622,0.5729047060012817,-0.04293353483080864,0.7917922735214233,0.507969856262207,-0.06541271507740021,0.7719264626502991,0.4607468843460083,-0.0769992545247078,0.7503162026405334,0.4201578199863434,-0.08473031967878342,4
0.9188202619552612,0.7301275134086609,3.611954753068858e-07,0.888392448425293,0.8035673499107361,-0.029344037175178528,0.8335511684417725,0.8519368171691895,-0.04487600922584534,0.786748468875885,0.8892911076545715,-0.057633597403764725,0.753109335899353,0.935391366481781,-0.07049275934696198,0.7726962566375732,0.7411307692527771,-0.029868504032492638,0.7119564414024353,0.7489024996757507,-0.050153739750385284,0.6743003129959106,0.7545800805091858,-0.06601624935865402,0.6399122476577759,0.7571666836738586,-0.07836291193962097,0.7755833268165588,0.6750273704528809,-0.031397685408592224,0.7101325988769531,0.6538870334625244,-0.049724455922842026,0.6678506135940552,0.6416842937469482,-0.06590308248996735,0.6290727853775024,0.6299335956573486,-0.07820051908493042,0.7938115000724792,0.6199176907539368,-0.0364181324839592,0.7373455762863159,0.5851011276245117,-0.05923575162887573,0.6999768018722534,0.5653137564659119,-0.07560480386018753,0.6638026237487793,0.5489593744277954,-0.0868978425860405,0.8234028220176697,0.5737886428833008,-0.043586667627096176,0.7930080890655518,0.5079232454299927,-0.06576576828956604,0.7732788324356079,0.460720419883728,-0.07719992101192474,0.7519146800041199,0.4206753075122833,-0.08484124392271042,4
0.9196575880050659,0.7326181530952454,3.5756616512117034e-07,0.8881425261497498,0.8056889772415161,-0.029769781976938248,0.8316648602485657,0.8512741327285767,-0.04478127509355545,0.7838580012321472,0.8859660029411316,-0.05688625946640968,0.749114990234375,0.9311112761497498,-0.06903010606765747,0.7719923257827759,0.7394384741783142,-0.029278431087732315,0.7103509306907654,0.7462525963783264,-0.049149129539728165,0.6720490455627441,0.751114010810852,-0.06474307924509048,0.6375241279602051,0.752469003200531,-0.0768885463476181,0.7754494547843933,0.6729397177696228,-0.03023715503513813,0.7094978094100952,0.6505509614944458,-0.047881901264190674,0.6673030853271484,0.6368757486343384,-0.06366652250289917,0.6293388605117798,0.6231064200401306,-0.07568999379873276,0.7942794561386108,0.6179288029670715,-0.03476089611649513,0.7375150918960571,0.5816965103149414,-0.056892018765211105,0.7002860307693481,0.5607457160949707,-0.07285337150096893,0.6643999218940735,0.5424221754074097,-0.0839340016245842,0.824458658695221,0.5722588300704956,-0.041521910578012466,0.7949275970458984,0.5062307119369507,-0.06328704208135605,0.7754788398742676,0.4589134454727173,-0.07452370971441269,0.7544429898262024,0.418114572763443,-0.08201424777507782,4
0.9195813536643982,0.7344709038734436,3.4069918797285936e-07,0.8868829607963562,0.8072291016578674,-0.02917393296957016,0.8291260600090027,0.8529361486434937,-0.043949827551841736,0.7801989316940308,0.8877396583557129,-0.05595054849982262,0.744443953037262,0.9321537017822266,-0.06794868409633636,0.7695826292037964,0.7393957376480103,-0.027200620621442795,0.7084910869598389,0.7452032566070557,-0.04679505154490471,0.670434832572937,0.7500733137130737,-0.0626307800412178,0.6357123851776123,0.7512751221656799,-0.07511413097381592,0.7733027338981628,0.6737414598464966,-0.028621310368180275,0.7082967162132263,0.6508060097694397,-0.046316325664520264,0.6663358807563782,0.637698769569397,-0.0626298263669014,0.627445638179779,0.6241403222084045,-0.07507362216711044,0.7925653457641602,0.6198058724403381,-0.03363087400794029,0.7363173365592957,0.5826569199562073,-0.05590258911252022,0.699111819267273,0.5605462789535522,-0.07198270410299301,0.6625419855117798,0.5410086512565613,-0.08311163634061813,0.8231477737426758,0.5747383832931519,-0.040837161242961884,0.7932372093200684,0.5082632899284363,-0.0625830888748169,0.773945689201355,0.4603537917137146,-0.07357162982225418,0.7528188824653625,0.41891390085220337,-0.08086983114480972,4
0.9178658723831177,0.7381545305252075,3.5276053722554934e-07,0.885271430015564,0.8099244832992554,-0.03017539530992508,0.8275355696678162,0.8546485304832458,-0.04554962366819382,0.77838134765625,0.8897379636764526,-0.05802040919661522,0.7426592111587524,0.9344879388809204,-0.07041416317224503,0.7683802843093872,0.7403231263160706,-0.02844058722257614,0.7066624164581299,0.7467254400253296,-0.04860500618815422,0.6681240797042847,0.7517130374908447,-0.06458848714828491,0.6332774758338928,0.7529455423355103,-0.07709444314241409,0.7720970511436462,0.6743443012237549,-0.029538605362176895,0.7061738967895508,0.6515915989875793,-0.04766254872083664,0.6638549566268921,0.6381255984306335,-0.06377290189266205,0.6253128051757812,0.6243069767951965,-0.07600516080856323,0.7913000583648682,0.6199406981468201,-0.034364379942417145,0.7342339754104614,0.583152174949646,-0.05704999715089798,0.6966950297355652,0.5614555478096008,-0.07296516001224518,0.6601986885070801,0.5421164035797119,-0.08393257856369019,0.821995735168457,0.5744391679763794,-0.04150870814919472,0.7920355796813965,0.5074008703231812,-0.06355755031108856,0.772426426410675,0.45928889513015747,-0.07470926642417908,0.7509387135505676,0.41777941584587097,-0.08212798088788986,4
0.9178699851036072,0.7353495955467224,3.4652674685275997e-07,0.8845145106315613,0.808425784111023,-0.029247015714645386,0.8264120817184448,0.8535755276679993,-0.04399283975362778,0.777826726436615,0.8893001675605774,-0.05600273236632347,0.7422075867652893,0.9338592886924744,-0.06791139394044876,0.7674182057380676,0.7407458424568176,-0.02654968947172165,0.7057784199714661,0.7472106218338013,-0.046059802174568176,0.6673651337623596,0.7524381875991821,-0.061760563403367996,0.6324970722198486,0.7541969418525696,-0.07410871982574463,0.7709313035011292,0.6741336584091187,-0.02794899418950081,0.7052884101867676,0.6515243053436279,-0.04534193128347397,0.6630432605743408,0.638415515422821,-0.06127359718084335,0.6241116523742676,0.6250787973403931,-0.07344207912683487,0.789974570274353,0.6193429231643677,-0.033036187291145325,0.7327176928520203,0.5828663110733032,-0.055053818970918655,0.6952067613601685,0.5614142417907715,-0.07071555405855179,0.6584347486495972,0.5424623489379883,-0.08158985525369644,0.8205186128616333,0.5737075209617615,-0.040387529879808426,0.7906428575515747,0.5071747303009033,-0.06190888211131096,0.7710250020027161,0.45921480655670166,-0.07268320769071579,0.7493746280670166,0.4178270995616913,-0.07987036556005478,4
0.9173606634140015,0.736883819103241,3.5615499882624135e-07,0.8848878145217896,0.8107056617736816,-0.02957148477435112,0.8266415596008301,0.8564664125442505,-0.04432668536901474,0.7776280641555786,0.892669141292572,-0.05629601702094078,0.7424726486206055,0.9390846490859985,-0.06827634572982788,0.7671250104904175,0.7456302046775818,-0.027186419814825058,0.705661952495575,0.7520217299461365,-0.046708036214113235,0.6672428250312805,0.7571876645088196,-0.062325406819581985,0.6326620578765869,0.7589142918586731,-0.074614018201828,0.7705851197242737,0.6785914301872253,-0.028438251465559006,0.7047356367111206,0.6565194129943848,-0.045971497893333435,0.6624771356582642,0.6433480381965637,-0.06194508448243141,0.6237832307815552,0.6302162408828735,-0.0741194561123848,0.7896131277084351,0.6232677698135376,-0.033381618559360504,0.7324821949005127,0.5871441960334778,-0.05579429864883423,0.694924533367157,0.5652883052825928,-0.07186557352542877,0.658286988735199,0.5463439226150513,-0.08297055959701538,0.8200323581695557,0.577134907245636,-0.040540240705013275,0.789646565914154,0.510669469833374,-0.0626458004117012,0.7701215147972107,0.4623331129550934,-0.07379788160324097,0.7487688660621643,0.42101195454597473,-0.08118151128292084,4
0.9169436693191528,0.7371566295623779,3.5263903441773436e-07,0.8834003210067749,0.8116071224212646,-0.029156308621168137,0.8251006603240967,0.8589661717414856,-0.04394007846713066,0.7764410376548767,0.8964268565177917,-0.056020405143499374,0.741710364818573,0.9427802562713623,-0.06811080127954483,0.7664190530776978,0.7474080324172974,-0.027126630768179893,0.70484459400177,0.7548418641090393,-0.04696048051118851,0.6664226055145264,0.7603855133056641,-0.06281232088804245,0.6315523982048035,0.7624144554138184,-0.07527262717485428,0.7695764303207397,0.6804509162902832,-0.028715696185827255,0.7037255167961121,0.6593233346939087,-0.046727195382118225,0.6612202525138855,0.6470878720283508,-0.063039630651474,0.6221527457237244,0.6345126628875732,-0.07542102783918381,0.7883208990097046,0.6249690055847168,-0.0339505597949028,0.7311521172523499,0.5897302627563477,-0.05665198341012001,0.693160891532898,0.5688357353210449,-0.07291650027036667,0.6562466025352478,0.5504467487335205,-0.08414499461650848,0.8186773061752319,0.578680157661438,-0.041372738778591156,0.788586437702179,0.5128483772277832,-0.06348314136266708,0.7686073780059814,0.46501511335372925,-0.074681356549263,0.7468137741088867,0.423840194940567,-0.08214408159255981,4
0.9157498478889465,0.7363608479499817,3.643570778422145e-07,0.8833006620407104,0.8121066689491272,-0.029840484261512756,0.8248693943023682,0.8591285943984985,-0.04475784674286842,0.7756881713867188,0.8967673182487488,-0.05690507963299751,0.7408348321914673,0.9441499710083008,-0.06904003024101257,0.7654750347137451,0.7472875714302063,-0.02732764557003975,0.7038536071777344,0.7538805603981018,-0.0474071204662323,0.6656094789505005,0.7590206265449524,-0.06335724890232086,0.6311050653457642,0.7610784769058228,-0.07581079751253128,0.7686075568199158,0.6801051497459412,-0.028612807393074036,0.7023614645004272,0.6585322618484497,-0.046793725341558456,0.6596784591674805,0.6458014249801636,-0.06310703605413437,0.6207268238067627,0.6330956220626831,-0.07540812343358994,0.7872028946876526,0.6241973638534546,-0.033667534589767456,0.7299973368644714,0.5893700122833252,-0.05667249113321304,0.692141056060791,0.5690673589706421,-0.07298877090215683,0.6554169654846191,0.5514185428619385,-0.08413396775722504,0.8172805905342102,0.5777426362037659,-0.04097221419215202,0.7870829701423645,0.5120985507965088,-0.06341004371643066,0.7670546174049377,0.4644959270954132,-0.07478257268667221,0.7451843619346619,0.42359817028045654,-0.08230329304933548,4
0.91548752784729,0.734833300113678,3.576327003429469e-07,0.8832472562789917,0.8098229765892029,-0.02980768494307995,0.8251180052757263,0.856715202331543,-0.044965341687202454,0.7760919332504272,0.8936725854873657,-0.05730694904923439,0.7409183979034424,0.9403373003005981,-0.06962017714977264,0.7652844190597534,0.7451008558273315,-0.027934180572628975,0.7036559581756592,0.7520911693572998,-0.04806447774171829,0.6653189063072205,0.7572113871574402,-0.06404509395360947,0.6306276321411133,0.7592273950576782,-0.07655509561300278,0.7682798504829407,0.6778358221054077,-0.029331063851714134,0.7020475268363953,0.6560264229774475,-0.047567084431648254,0.6594408750534058,0.6434097290039062,-0.06389237940311432,0.6203442215919495,0.631046712398529,-0.07626097649335861,0.7868512272834778,0.6220400929450989,-0.03443628177046776,0.7287649512290955,0.5870909094810486,-0.057565584778785706,0.690535843372345,0.5667080283164978,-0.07393261045217514,0.6534407138824463,0.5491765141487122,-0.08516915142536163,0.8170623183250427,0.575730562210083,-0.04175769165158272,0.7863670587539673,0.5093172788619995,-0.06434393674135208,0.7663367986679077,0.4612985849380493,-0.07579388469457626,0.7444650530815125,0.42032793164253235,-0.08339793235063553,4
0.9150407910346985,0.7349657416343689,3.6124714597463026e-07,0.8821601271629333,0.8101084232330322,-0.029130402952432632,0.8234003186225891,0.8572789430618286,-0.04367361590266228,0.7746114730834961,0.8950486779212952,-0.055490892380476,0.7403697967529297,0.9421900510787964,-0.06732973456382751,0.7644714713096619,0.74516361951828,-0.027049625292420387,0.7027249336242676,0.7519552111625671,-0.04666513949632645,0.6643833518028259,0.7569199204444885,-0.06219876557588577,0.6299271583557129,0.7588436603546143,-0.07441811263561249,0.767612874507904,0.6779140830039978,-0.028549935668706894,0.7012022137641907,0.6564121246337891,-0.046572767198085785,0.6587135791778564,0.6438589692115784,-0.06278052181005478,0.6198582053184509,0.6315480470657349,-0.07502550631761551,0.7860776782035828,0.6220684051513672,-0.03370599076151848,0.7282201647758484,0.5874575972557068,-0.056805022060871124,0.6900832056999207,0.5672726631164551,-0.07336805015802383,0.6531572341918945,0.5497960448265076,-0.08467396348714828,0.8160398602485657,0.5756518244743347,-0.04098141938447952,0.7853747010231018,0.5092624425888062,-0.06352963298559189,0.765278697013855,0.46110033988952637,-0.0751257911324501,0.7433682680130005,0.4198969602584839,-0.08283090591430664,4
0.9143753051757812,0.7313162088394165,3.557898082817701e-07,0.88277667760849,0.8075804710388184,-0.03059655986726284,0.824917197227478,0.8557419180870056,-0.04619565233588219,0.7756950855255127,0.8927624821662903,-0.05883407220244408,0.7401566505432129,0.9395015835762024,-0.07144337147474289,0.763856053352356,0.7444287538528442,-0.02908460795879364,0.7021291255950928,0.7518454790115356,-0.049695100635290146,0.6637802720069885,0.7578924298286438,-0.06599605828523636,0.6290699243545532,0.7605842351913452,-0.07871012389659882,0.7668130993843079,0.6773952841758728,-0.030178127810359,0.700654923915863,0.6571081876754761,-0.04886243864893913,0.6581907868385315,0.6451147794723511,-0.0654534101486206,0.6193504333496094,0.632678747177124,-0.07801855355501175,0.7853662967681885,0.6217218637466431,-0.03504128381609917,0.7277074456214905,0.5872668027877808,-0.058383822441101074,0.6896164417266846,0.5669251680374146,-0.07493174076080322,0.6526342630386353,0.5488651394844055,-0.08633194863796234,0.8154762387275696,0.57511305809021,-0.04218905419111252,0.7847095131874084,0.5095701217651367,-0.0649871826171875,0.7645700573921204,0.462230384349823,-0.07664698362350464,0.7425652146339417,0.42141109704971313,-0.08440902829170227,4
0.9133529663085938,0.7320834398269653,3.533210986006452e-07,0.8814455270767212,0.8082330822944641,-0.030109090730547905,0.8235301375389099,0.8571567535400391,-0.045377667993307114,0.7748693227767944,0.8939881324768066,-0.05773147568106651,0.7403759956359863,0.9408630132675171,-0.07017277926206589,0.7640507221221924,0.744304358959198,-0.02958713285624981,0.7023080587387085,0.7527691721916199,-0.05025794357061386,0.6638184785842896,0.7590627074241638,-0.06651598960161209,0.6288576126098633,0.7620418071746826,-0.0791962593793869,0.7666324377059937,0.6772176027297974,-0.030871635302901268,0.6997633576393127,0.657039999961853,-0.04963160306215286,0.6568307280540466,0.6455594897270203,-0.06611011922359467,0.6175358295440674,0.6340032815933228,-0.07857764512300491,0.7848471999168396,0.6214056015014648,-0.03579578176140785,0.7266432046890259,0.587116539478302,-0.059161048382520676,0.6885900497436523,0.5671807527542114,-0.0755663514137268,0.6518075466156006,0.5498623251914978,-0.08682378381490707,0.8147042989730835,0.57468581199646,-0.04296315833926201,0.7836669087409973,0.5092870593070984,-0.06569603085517883,0.7633547782897949,0.4616331160068512,-0.07724246382713318,0.7413979172706604,0.420785516500473,-0.08492278307676315,4
0.9146435856819153,0.7289528846740723,3.5023387567889586e-07,0.8829234838485718,0.8060389757156372,-0.03010314702987671,0.8250545859336853,0.8559901714324951,-0.04538833722472191,0.7759044766426086,0.8936057090759277,-0.05779765546321869,0.7409493327140808,0.9404216408729553,-0.07018257677555084,0.7644880414009094,0.7433798313140869,-0.0288960263133049,0.7026053667068481,0.75278639793396,-0.04945950582623482,0.6642009019851685,0.7595116496086121,-0.0657215341925621,0.6292885541915894,0.7625749111175537,-0.0784074142575264,0.7669560313224792,0.6766104698181152,-0.03015465848147869,0.7004709839820862,0.6572986841201782,-0.04868511110544205,0.6577835083007812,0.6458538770675659,-0.06500637531280518,0.618701696395874,0.63429194688797,-0.07741621881723404,0.7850263118743896,0.6209093332290649,-0.035147640854120255,0.7269535064697266,0.5873273611068726,-0.05833561345934868,0.6888993382453918,0.5679648518562317,-0.07465510815382004,0.6520594358444214,0.5512998700141907,-0.08589591085910797,0.8146942853927612,0.5739360451698303,-0.042414821684360504,0.7832998037338257,0.508298933506012,-0.06502005457878113,0.7629636526107788,0.4607176184654236,-0.07655958086252213,0.7408899664878845,0.42009085416793823,-0.0842631533741951,4
0.9140902757644653,0.7292635440826416,3.6119254787081445e-07,0.8832169771194458,0.8057419657707214,-0.03074716031551361,0.8257503509521484,0.855351448059082,-0.046515095978975296,0.7766733765602112,0.8927642703056335,-0.05925470218062401,0.742111086845398,0.9416004419326782,-0.07206606864929199,0.7648472785949707,0.7435226440429688,-0.03066277876496315,0.7029872536659241,0.7523201704025269,-0.05167993903160095,0.6645691990852356,0.7590362429618835,-0.0681038573384285,0.6295475363731384,0.7624071836471558,-0.0808623656630516,0.7674434185028076,0.6765232682228088,-0.03175985813140869,0.7006235718727112,0.6566209197044373,-0.050758879631757736,0.6577139496803284,0.6451214551925659,-0.06734950095415115,0.6182287335395813,0.6336070895195007,-0.07992211729288101,0.7856395244598389,0.6204986572265625,-0.03651437163352966,0.7275645136833191,0.5868232846260071,-0.06010112166404724,0.6893238425254822,0.56742262840271,-0.07662653923034668,0.652243971824646,0.5508943796157837,-0.08795663714408875,0.8153087496757507,0.5732426643371582,-0.043542902916669846,0.7834572792053223,0.5079634785652161,-0.06635892391204834,0.762994110584259,0.46041011810302734,-0.07791376858949661,0.7409148216247559,0.4198550581932068,-0.08560486137866974,4
0.913710355758667,0.7350246906280518,3.707949645104236e-07,0.8804364204406738,0.8089554309844971,-0.030939897522330284,0.8215811252593994,0.8542078733444214,-0.046590156853199005,0.7714488506317139,0.8862109184265137,-0.05905149132013321,0.735327422618866,0.9295083284378052,-0.07122542709112167,0.7622778415679932,0.7370182871818542,-0.030024200677871704,0.6996060013771057,0.741131067276001,-0.05048980563879013,0.6608412265777588,0.7456102967262268,-0.06638377159833908,0.6263751983642578,0.748166561126709,-0.07856860011816025,0.7663491368293762,0.6709389686584473,-0.030614493414759636,0.699791669845581,0.6445981860160828,-0.04908960312604904,0.6574665904045105,0.6290902495384216,-0.06486641615629196,0.6198229789733887,0.6148881912231445,-0.07648982107639313,0.785603404045105,0.6163021922111511,-0.03493882343173027,0.7285200357437134,0.577234148979187,-0.057794224470853806,0.690388560295105,0.5552384257316589,-0.07360965758562088,0.6536670923233032,0.535984992980957,-0.08429737389087677,0.8162114024162292,0.5706239938735962,-0.041600216180086136,0.7862528562545776,0.5030878782272339,-0.06372705101966858,0.7661420702934265,0.45556744933128357,-0.07484858483076096,0.7444311380386353,0.4141133725643158,-0.08206523209810257,4
0.9106348156929016,0.7480042576789856,3.719234484833578e-07,0.871487557888031,0.8146909475326538,-0.029562486335635185,0.8088565468788147,0.8484169840812683,-0.04404691234230995,0.7577130198478699,0.8737176656723022,-0.05570416897535324,0.7183781862258911,0.9076727032661438,-0.06707704067230225,0.7566550374031067,0.7227919101715088,-0.026693115010857582,0.6943025588989258,0.7159937620162964,-0.04654873535037041,0.6555392146110535,0.7133317589759827,-0.062247395515441895,0.6213346123695374,0.7103879451751709,-0.07434798032045364,0.7645031809806824,0.6577692627906799,-0.027992915362119675,0.699000358581543,0.620898425579071,-0.04648798704147339,0.6572254300117493,0.5993222594261169,-0.0627586767077446,0.6200182437896729,0.579616367816925,-0.07453187555074692,0.7871274352073669,0.606778621673584,-0.03307023644447327,0.7311273813247681,0.5582222938537598,-0.05681288614869118,0.6937649250030518,0.53021639585495,-0.07348671555519104,0.657710611820221,0.5049763917922974,-0.0844416469335556,0.8208373188972473,0.5675643682479858,-0.040264904499053955,0.7946293354034424,0.49427950382232666,-0.06376033276319504,0.7773641347885132,0.4423585534095764,-0.07555566728115082,0.7582308650016785,0.3964168429374695,-0.08292552828788757,4
0.9066857695579529,0.7624089121818542,3.475630023785925e-07,0.8620754480361938,0.8206654787063599,-0.028191203251481056,0.7978451251983643,0.8436370491981506,-0.04187445715069771,0.7453817129135132,0.8608816862106323,-0.053033117204904556,0.7039315700531006,0.8858395218849182,-0.06374610215425491,0.7540014982223511,0.7087513208389282,-0.023754119873046875,0.6914290189743042,0.6921115517616272,-0.04260745272040367,0.6525782346725464,0.6831634640693665,-0.05790303274989128,0.618449866771698,0.6733525395393372,-0.06990969181060791,0.7651293873786926,0.6463136076927185,-0.02538222260773182,0.7011408805847168,0.6002085208892822,-0.04248752444982529,0.6605830192565918,0.5721256136894226,-0.05802207067608833,0.624923050403595,0.5464556217193604,-0.06953779608011246,0.7900630831718445,0.5993491411209106,-0.03086910955607891,0.7361119389533997,0.5423531532287598,-0.053164876997470856,0.699903130531311,0.5083354711532593,-0.06935613602399826,0.6655660271644592,0.4777337908744812,-0.08033718168735504,0.8256725668907166,0.5649499893188477,-0.038509171456098557,0.8036593794822693,0.48764029145240784,-0.060890499502420425,0.7891868948936462,0.4328864812850952,-0.0725935623049736,0.7728723287582397,0.3839137554168701,-0.08017860352993011,4
0.9035768508911133,0.7714791893959045,3.506559949073562e-07,0.8566403388977051,0.8229431509971619,-0.027527227997779846,0.7906462550163269,0.8334797024726868,-0.04041953757405281,0.7375564575195312,0.8380101323127747,-0.05097715184092522,0.6960225105285645,0.8596352338790894,-0.0612793006002903,0.7537632584571838,0.696773111820221,-0.023281816393136978,0.6911268830299377,0.6707466840744019,-0.041569288820028305,0.6526013612747192,0.6553148627281189,-0.05637231469154358,0.6188070774078369,0.6398444175720215,-0.06810455769300461,0.7676981687545776,0.6354162693023682,-0.02517732046544552,0.7052420377731323,0.5800905227661133,-0.04191641882061958,0.6655871272087097,0.5454587340354919,-0.057292867451906204,0.630830705165863,0.5137546062469482,-0.06875169277191162,0.7948849201202393,0.5921680927276611,-0.030776387080550194,0.7433468103408813,0.5265854001045227,-0.05266104266047478,0.7093334794044495,0.48669034242630005,-0.06844538450241089,0.6769641637802124,0.45001763105392456,-0.07920017838478088,0.832103967666626,0.5625951290130615,-0.038500163704156876,0.8137136101722717,0.4821617007255554,-0.06065763533115387,0.8020282983779907,0.42556846141815186,-0.07195550203323364,0.7883024215698242,0.3742770850658417,-0.07926176488399506,4
0.8962388634681702,0.7792595624923706,3.375668882199534e-07,0.8449461460113525,0.8207912445068359,-0.02531055547297001,0.7771060466766357,0.8201236724853516,-0.03669748827815056,0.7239040732383728,0.817457914352417,-0.0461178719997406,0.6821857690811157,0.8300723433494568,-0.05539940670132637,0.7515997290611267,0.6771997809410095,-0.020920317620038986,0.6929059028625488,0.6379444599151611,-0.03866114094853401,0.6558723449707031,0.6157206892967224,-0.0530879907310009,0.6232799887657166,0.5955212712287903,-0.0645090788602829,0.7696414589881897,0.6188255548477173,-0.02355145290493965,0.7114332318305969,0.5521416664123535,-0.039739664644002914,0.6737539768218994,0.5109338760375977,-0.054882876574993134,0.6407021880149841,0.47282084822654724,-0.06614495068788528,0.7995438575744629,0.5803734064102173,-0.029716642573475838,0.7530104517936707,0.5052559971809387,-0.05105185881257057,0.7214374542236328,0.4595263600349426,-0.06678257882595062,0.6913845539093018,0.41726934909820557,-0.07749038189649582,0.8387044072151184,0.5576345920562744,-0.03780551254749298,0.826252281665802,0.47507819533348083,-0.05935249850153923,0.8177173137664795,0.4174266755580902,-0.07046321779489517,0.8066810965538025,0.36386191844940186,-0.07764949649572372,4
0.8890424370765686,0.7852474451065063,3.419958147787838e-07,0.837002694606781,0.8181240558624268,-0.026376869529485703,0.7711457014083862,0.8078078031539917,-0.03815537318587303,0.7185436487197876,0.7977323532104492,-0.04777883365750313,0.6763882637023926,0.8000848293304443,-0.057090748101472855,0.750998318195343,0.6587420701980591,-0.020647864788770676,0.692966639995575,0.612034022808075,-0.038322653621435165,0.656029462814331,0.5835124850273132,-0.052727025002241135,0.6242360472679138,0.5575475096702576,-0.06412605941295624,0.7716535925865173,0.6043891310691833,-0.02261931449174881,0.7167246341705322,0.5292240977287292,-0.03868095949292183,0.6820825934410095,0.48166733980178833,-0.05374680086970329,0.6522447466850281,0.43759214878082275,-0.06492400914430618,0.8029302954673767,0.5716826319694519,-0.02836313284933567,0.7599252462387085,0.49043405055999756,-0.049925170838832855,0.7305558323860168,0.438717246055603,-0.06618589907884598,0.702881932258606,0.3901498019695282,-0.07723245769739151,0.8427994251251221,0.5556731224060059,-0.036141958087682724,0.8355039954185486,0.47118550539016724,-0.058208681643009186,0.831202507019043,0.4109572768211365,-0.07005158066749573,0.824216902256012,0.3542773723602295,-0.07770248502492905,4
0.8836334943771362,0.7880904078483582,3.4949115956806054e-07,0.8308895826339722,0.8184770345687866,-0.0269441120326519,0.7663738131523132,0.8038455247879028,-0.039468854665756226,0.7136342525482178,0.7887921333312988,-0.04983268678188324,0.6708122491836548,0.7916474342346191,-0.059937600046396255,0.748313307762146,0.6540942192077637,-0.021002864465117455,0.6924034953117371,0.6038171052932739,-0.038735974580049515,0.6570830345153809,0.5728715658187866,-0.05347229540348053,0.6264688968658447,0.5432106256484985,-0.06520797312259674,0.7709699273109436,0.6006268858909607,-0.02271289750933647,0.7185534238815308,0.5224578380584717,-0.03871529549360275,0.6849170327186584,0.4722065031528473,-0.05421821027994156,0.6554255485534668,0.425417959690094,-0.06589152663946152,0.8037639856338501,0.5699645280838013,-0.02817538008093834,0.7641800045967102,0.48683664202690125,-0.04953766241669655,0.7366064190864563,0.4323809742927551,-0.0659642145037651,0.7100726366043091,0.3820868134498596,-0.07718916982412338,0.8443431258201599,0.5564689040184021,-0.0357091948390007,0.8395882844924927,0.4710327684879303,-0.0572989322245121,0.8369738459587097,0.4105154871940613,-0.06889091432094574,0.8314128518104553,0.35412004590034485,-0.07645032554864883,4
0.8851422667503357,0.7905126810073853,3.291245889158745e-07,0.8324732184410095,0.820656955242157,-0.026523001492023468,0.7669643759727478,0.8046727180480957,-0.03828627988696098,0.7139970064163208,0.788724422454834,-0.04793228209018707,0.6712408065795898,0.7915065288543701,-0.05734764412045479,0.7486943006515503,0.6541758179664612,-0.019640689715743065,0.6932494044303894,0.6035322546958923,-0.03722493723034859,0.6578910946846008,0.5724700689315796,-0.05206824466586113,0.6272391676902771,0.5430499315261841,-0.06387684494256973,0.7713060975074768,0.6000714302062988,-0.021378647536039352,0.7191737294197083,0.5219293832778931,-0.03678896650671959,0.6857534646987915,0.471588134765625,-0.05200096219778061,0.6566978693008423,0.4247688055038452,-0.06351905316114426,0.8044036030769348,0.5690585374832153,-0.02693179063498974,0.7647954225540161,0.4858044981956482,-0.04757040739059448,0.7379631996154785,0.43127739429473877,-0.06359708309173584,0.712321937084198,0.38059231638908386,-0.07463329285383224,0.8455041646957397,0.5556638240814209,-0.034620337188243866,0.8406983613967896,0.4714539647102356,-0.055670883506536484,0.838178813457489,0.41162484884262085,-0.0669812560081482,0.8328884243965149,0.3553355038166046,-0.07435346394777298,4
0.8872252702713013,0.789908230304718,3.179623320193059e-07,0.8352537751197815,0.8200883865356445,-0.025469934567809105,0.7695766091346741,0.8059689998626709,-0.03713678568601608,0.7170867323875427,0.7899161577224731,-0.046749476343393326,0.6744564771652222,0.7909507155418396,-0.05614107474684715,0.7516635656356812,0.654132068157196,-0.020355181768536568,0.6957133412361145,0.6032443046569824,-0.03789301961660385,0.6602770090103149,0.572842538356781,-0.05249752476811409,0.629655122756958,0.5446267127990723,-0.06399789452552795,0.7741203904151917,0.6010369658470154,-0.02258213236927986,0.7216684222221375,0.5217944979667664,-0.03798773139715195,0.6879823803901672,0.47185850143432617,-0.053084392100572586,0.658666729927063,0.42577147483825684,-0.064456045627594,0.8069553971290588,0.5705487132072449,-0.028386959806084633,0.7674436569213867,0.486833393573761,-0.04860007017850876,0.740166425704956,0.43249499797821045,-0.06437738239765167,0.7143107056617737,0.38230329751968384,-0.0752929076552391,0.8478339314460754,0.5572192072868347,-0.03620319068431854,0.8425835371017456,0.4728354215621948,-0.05655364319682121,0.8397848606109619,0.41293251514434814,-0.06739083677530289,0.8344907164573669,0.3568747341632843,-0.07446896284818649,4
0.338950514793396,0.464693546295166,2.8555419362419343e-07,0.2812053859233856,0.50361168384552,-0.018247129395604134,0.20701569318771362,0.49611136317253113,-0.02300010249018669,0.1507299244403839,0.49082624912261963,-0.02748919278383255,0.11150886118412018,0.5027188062667847,-0.031559377908706665,0.19115287065505981,0.3503910005092621,-0.0023037970531731844,0.13478173315525055,0.3147071599960327,-0.012265979312360287,0.10206212103366852,0.29203468561172485,-0.02221057377755642,0.07571771740913391,0.27104124426841736,-0.030711393803358078,0.21056048572063446,0.29255348443984985,-0.005412194412201643,0.15605005621910095,0.22694095969200134,-0.013145272620022297,0.12260982394218445,0.18547390401363373,-0.02274726703763008,0.09646135568618774,0.15303575992584229,-0.030498888343572617,0.24012021720409393,0.25414174795150757,-0.012686988338828087,0.20009392499923706,0.17839346826076508,-0.026991339400410652,0.1744534969329834,0.13148058950901031,-0.03967661410570145,0.1517762839794159,0.091934934258461,-0.04857832193374634,0.2768714427947998,0.23263442516326904,-0.021763157099485397,0.2677250802516937,0.1507977396249771,-0.03756779059767723,0.2632315754890442,0.0935799777507782,-0.04675910621881485,0.258069783449173,0.04253125190734863,-0.05299542844295502,4
0.3385883867740631,0.4637637436389923,2.872891400329536e-07,0.2815646529197693,0.5034017562866211,-0.018852058798074722,0.20745104551315308,0.4961826205253601,-0.02381432056427002,0.15068179368972778,0.4902486205101013,-0.028448771685361862,0.11081293225288391,0.5009121298789978,-0.03250737488269806,0.19018380343914032,0.35123157501220703,-0.002393735107034445,0.1339247226715088,0.31628650426864624,-0.012572159990668297,0.1010822132229805,0.2933565378189087,-0.022563185542821884,0.07478338479995728,0.2712400257587433,-0.031069518998265266,0.20947395265102386,0.2934744358062744,-0.005295718554407358,0.15580594539642334,0.22959405183792114,-0.013101793825626373,0.12251224368810654,0.18780367076396942,-0.022601300850510597,0.09630472958087921,0.15442302823066711,-0.030205870047211647,0.23905327916145325,0.25485244393348694,-0.012487153522670269,0.20023247599601746,0.17971459031105042,-0.027154847979545593,0.1752583384513855,0.13204002380371094,-0.039590127766132355,0.15301719307899475,0.0916900783777237,-0.0480867363512516,0.2758285403251648,0.2328440099954605,-0.021558135747909546,0.2668537199497223,0.15047958493232727,-0.03780350461602211,0.262164831161499,0.0927034318447113,-0.04701467975974083,0.2567518651485443,0.04113411903381348,-0.05305895581841469,4
0.3403991460800171,0.46459800004959106,2.934223175543593e-07,0.2832452654838562,0.503932774066925,-0.019021907821297646,0.2095223218202591,0.4967494606971741,-0.02437281422317028,0.1526825726032257,0.4907638430595398,-0.029436076059937477,0.11227358132600784,0.4997795820236206,-0.03380966559052467,0.19227077066898346,0.35045647621154785,-0.0022338228300213814,0.13581135869026184,0.31479233503341675,-0.012644275091588497,0.1026969701051712,0.29171159863471985,-0.022753385826945305,0.07627254724502563,0.26950162649154663,-0.031244363635778427,0.21134509146213531,0.29288482666015625,-0.0050822049379348755,0.15741875767707825,0.2285993993282318,-0.013015922158956528,0.12379859387874603,0.18671223521232605,-0.02228754758834839,0.09752482175827026,0.15348626673221588,-0.029621509835124016,0.24051561951637268,0.2542586028575897,-0.012312043458223343,0.20139119029045105,0.17886139452457428,-0.026940958574414253,0.176242396235466,0.13120312988758087,-0.03891310095787048,0.15414345264434814,0.09119431674480438,-0.04703017696738243,0.27696847915649414,0.23225785791873932,-0.02149961143732071,0.268204927444458,0.14985470473766327,-0.037649571895599365,0.26345714926719666,0.0922466516494751,-0.046668000519275665,0.25814107060432434,0.04087057709693909,-0.052501190453767776,4
0.3417571485042572,0.4654167592525482,2.837699071278621e-07,0.2846111059188843,0.5037639141082764,-0.01846066303551197,0.210695281624794,0.4959740936756134,-0.023412534967064857,0.1543932855129242,0.49039894342422485,-0.02808653749525547,0.11448432505130768,0.49962347745895386,-0.03215182200074196,0.19348721206188202,0.35080039501190186,-0.0026277692522853613,0.1368991583585739,0.3153625726699829,-0.012952744029462337,0.10415417701005936,0.29216620326042175,-0.02299109660089016,0.07787023484706879,0.26944518089294434,-0.0315307192504406,0.2125312238931656,0.293025940656662,-0.005677574314177036,0.15840259194374084,0.2294776439666748,-0.013807985000312328,0.12516704201698303,0.18746812641620636,-0.023413389921188354,0.09923113882541656,0.15389524400234222,-0.031054912135004997,0.24193565547466278,0.25421056151390076,-0.012950953096151352,0.20261676609516144,0.1794234812259674,-0.02769245207309723,0.17777428030967712,0.13215892016887665,-0.04009004309773445,0.15566392242908478,0.09213656187057495,-0.0485922135412693,0.2786766290664673,0.23199346661567688,-0.022072266787290573,0.26993870735168457,0.149911567568779,-0.03814273327589035,0.265279084444046,0.09276126325130463,-0.04731996729969978,0.2597922384738922,0.04162454605102539,-0.053394317626953125,4
0.34390851855278015,0.4655170440673828,2.8258688189453096e-07,0.2864881455898285,0.503950834274292,-0.018066752701997757,0.21215741336345673,0.49603936076164246,-0.022779962047934532,0.15607956051826477,0.49017566442489624,-0.027300748974084854,0.11636482924222946,0.4991680383682251,-0.03134048730134964,0.19576767086982727,0.3504122793674469,-0.00230846437625587,0.13964533805847168,0.3154374957084656,-0.012876227498054504,0.106689453125,0.2925967872142792,-0.023370809853076935,0.08003337681293488,0.2700531482696533,-0.03227681666612625,0.21460112929344177,0.2925410866737366,-0.0056754001416265965,0.16101092100143433,0.22773683071136475,-0.013939683325588703,0.12765809893608093,0.18548011779785156,-0.023902323096990585,0.10153934359550476,0.1520058959722519,-0.031849075108766556,0.24386020004749298,0.2538207769393921,-0.013231000863015652,0.20475904643535614,0.17811855673789978,-0.028061844408512115,0.17976945638656616,0.13063867390155792,-0.04064847528934479,0.15753722190856934,0.09065815806388855,-0.04932072386145592,0.2805464267730713,0.23214688897132874,-0.02261337637901306,0.27179086208343506,0.14961493015289307,-0.03885579854249954,0.2673380970954895,0.0921517163515091,-0.04806983470916748,0.2621895372867584,0.041096389293670654,-0.05416535586118698,4
0.34446030855178833,0.4661900997161865,2.7433424065748113e-07,0.28689953684806824,0.5028157234191895,-0.01758379116654396,0.2129722535610199,0.49356064200401306,-0.022174879908561707,0.15718966722488403,0.4876279830932617,-0.026583293452858925,0.11729028820991516,0.49603477120399475,-0.03048127144575119,0.1974835991859436,0.3486540615558624,-0.002237316919490695,0.14179342985153198,0.31310924887657166,-0.01257920078933239,0.10906602442264557,0.28958994150161743,-0.022834070026874542,0.08285674452781677,0.26665857434272766,-0.03156182914972305,0.2166503369808197,0.2917616069316864,-0.005643229000270367,0.16308757662773132,0.22691285610198975,-0.013783372938632965,0.12999922037124634,0.1849164515733719,-0.02363014593720436,0.10402510315179825,0.15164203941822052,-0.03147486224770546,0.24614202976226807,0.2536594271659851,-0.013113883323967457,0.2069701999425888,0.17749269306659698,-0.027685118839144707,0.18221628665924072,0.12993629276752472,-0.04004887118935585,0.16013631224632263,0.09008139371871948,-0.048581551760435104,0.28297099471092224,0.2327200174331665,-0.022336183115839958,0.2742707133293152,0.15020626783370972,-0.03813930228352547,0.2697490155696869,0.09280218183994293,-0.04708370938897133,0.26448097825050354,0.04191720485687256,-0.0530218631029129,4
0.3458378314971924,0.4665261507034302,2.7996296125820663e-07,0.288396954536438,0.5034074187278748,-0.0185560192912817,0.21497106552124023,0.4939645528793335,-0.02377903088927269,0.1588056981563568,0.4874289035797119,-0.028712185099720955,0.11901605129241943,0.49681469798088074,-0.033203255385160446,0.20017607510089874,0.34861287474632263,-0.003141015535220504,0.14407162368297577,0.3131406903266907,-0.013962522149085999,0.11073002964258194,0.2898060083389282,-0.02458590269088745,0.08402173221111298,0.2668408751487732,-0.033552538603544235,0.21901865303516388,0.2916634678840637,-0.006199320778250694,0.1654593050479889,0.22605976462364197,-0.014581526629626751,0.13224011659622192,0.1839216649532318,-0.02443712390959263,0.10631894320249557,0.15059475600719452,-0.032266974449157715,0.24826613068580627,0.25354427099227905,-0.013418608345091343,0.20894327759742737,0.17664888501167297,-0.02806265279650688,0.18370360136032104,0.12895582616329193,-0.04037223383784294,0.16144366562366486,0.08908030390739441,-0.04887942597270012,0.2848135232925415,0.2325463891029358,-0.02253011427819729,0.2764066755771637,0.14979100227355957,-0.03845861926674843,0.27195605635643005,0.09210813045501709,-0.047519098967313766,0.26701346039772034,0.04110577702522278,-0.05352045223116875,4
0.34507352113723755,0.46804654598236084,2.757169568212703e-07,0.2879886329174042,0.504464328289032,-0.018009761348366737,0.2138700932264328,0.4956044554710388,-0.022815465927124023,0.1579725742340088,0.4889058470726013,-0.02738245204091072,0.11866354942321777,0.49826914072036743,-0.03154878690838814,0.19958661496639252,0.34968703985214233,-0.003007282270118594,0.14375591278076172,0.31354624032974243,-0.01346500962972641,0.1108408197760582,0.2900792360305786,-0.023765552788972855,0.08423908054828644,0.2673661708831787,-0.03256924822926521,0.21860800683498383,0.29240134358406067,-0.006311934906989336,0.1648569256067276,0.22612620890140533,-0.014594043605029583,0.13159507513046265,0.1836421638727188,-0.0242924727499485,0.10551558434963226,0.15029753744602203,-0.03206482157111168,0.24798807501792908,0.25467610359191895,-0.01373241376131773,0.20865309238433838,0.17749303579330444,-0.028295664116740227,0.18333201110363007,0.12981130182743073,-0.040757954120635986,0.1607440710067749,0.08978182077407837,-0.04946758598089218,0.284506231546402,0.23427054286003113,-0.022971240803599358,0.27658817172050476,0.15161025524139404,-0.03879520669579506,0.2722407281398773,0.0937538743019104,-0.04799521714448929,0.2670678496360779,0.04216518998146057,-0.05424710735678673,4
0.3437456786632538,0.47083479166030884,2.8211152880430745e-07,0.2865592837333679,0.505534291267395,-0.018633268773555756,0.21368283033370972,0.4961835443973541,-0.02429349534213543,0.1580105721950531,0.48958730697631836,-0.02964860573410988,0.11822236329317093,0.49796509742736816,-0.03454908728599548,0.1995595246553421,0.351085901260376,-0.00390802975744009,0.14427870512008667,0.3146950900554657,-0.015030615031719208,0.11148235201835632,0.29111918807029724,-0.025779128074645996,0.0849168598651886,0.26811927556991577,-0.034827373921871185,0.21846434473991394,0.2939468026161194,-0.00705976877361536,0.1651204377412796,0.22719377279281616,-0.01588481478393078,0.13196462392807007,0.18463239073753357,-0.02578349970281124,0.10583603382110596,0.15091978013515472,-0.03367335721850395,0.24765624105930328,0.25620320439338684,-0.014364497736096382,0.20839810371398926,0.17878183722496033,-0.029214410111308098,0.18321944773197174,0.13101114332675934,-0.04157617688179016,0.16082879900932312,0.09095834195613861,-0.050187915563583374,0.28405463695526123,0.23580506443977356,-0.023559272289276123,0.27608925104141235,0.15308979153633118,-0.03937038034200668,0.2718672454357147,0.09517320990562439,-0.04844124615192413,0.2669065594673157,0.04382351040840149,-0.054599836468696594,4
0.34072819352149963,0.4721769690513611,2.838264663296286e-07,0.2827826738357544,0.5076201558113098,-0.017840268090367317,0.2104196697473526,0.4998099207878113,-0.023293089121580124,0.15539352595806122,0.492517352104187,-0.028513114899396896,0.11645790189504623,0.5015482902526855,-0.03333442658185959,0.19707049429416656,0.3541489541530609,-0.003495750715956092,0.14259961247444153,0.3169133961200714,-0.014452905394136906,0.1106213703751564,0.29298171401023865,-0.02526175230741501,0.08471740782260895,0.2700032591819763,-0.034330371767282486,0.21625858545303345,0.29758352041244507,-0.006953836884349585,0.16377070546150208,0.22982245683670044,-0.015695171430706978,0.13091900944709778,0.18681058287620544,-0.02587156742811203,0.10510166734457016,0.1526249498128891,-0.03402196988463402,0.24527010321617126,0.2603350281715393,-0.014436478726565838,0.2069397270679474,0.18209917843341827,-0.028936609625816345,0.18213894963264465,0.1340152621269226,-0.041325971484184265,0.16016000509262085,0.09366828203201294,-0.05001616105437279,0.28130438923835754,0.2404072880744934,-0.023718150332570076,0.27289602160453796,0.15798291563987732,-0.038926251232624054,0.2676815688610077,0.10105660557746887,-0.0476040355861187,0.2617259621620178,0.05048206448554993,-0.053577929735183716,4
0.3386203646659851,0.4761594533920288,2.792157260955719e-07,0.28120067715644836,0.5127278566360474,-0.017488986253738403,0.20893369615077972,0.5050128698348999,-0.022632261738181114,0.15429118275642395,0.49849995970726013,-0.027567606419324875,0.11553937196731567,0.5095230937004089,-0.03201161324977875,0.19329588115215302,0.36012187600135803,-0.002112440299242735,0.1400332897901535,0.3219718933105469,-0.012309951707720757,0.1087578758597374,0.298569917678833,-0.022690309211611748,0.08338494598865509,0.27689436078071594,-0.03150002658367157,0.21254298090934753,0.3042864203453064,-0.005624127574265003,0.16050176322460175,0.2380334585905075,-0.013608493842184544,0.1282256543636322,0.19536004960536957,-0.02330995723605156,0.10299184918403625,0.1611507087945938,-0.03121250495314598,0.24167506396770477,0.26773276925086975,-0.0132044218480587,0.20338822901248932,0.19008293747901917,-0.027067359536886215,0.17903660237789154,0.1419258564710617,-0.038914866745471954,0.15727218985557556,0.1010810136795044,-0.04731268435716629,0.2777549922466278,0.2479705959558487,-0.02257373370230198,0.26790526509284973,0.16619651019573212,-0.037300270050764084,0.26176515221595764,0.10954585671424866,-0.04552260786294937,0.25479015707969666,0.05839774012565613,-0.05123426020145416,4
0.335347980260849,0.47989392280578613,2.7346328579369583e-07,0.2770322859287262,0.5174282789230347,-0.017784127965569496,0.20637667179107666,0.5105781555175781,-0.023379046469926834,0.15212306380271912,0.5036865472793579,-0.028714986518025398,0.11331890523433685,0.5163204073905945,-0.03366251662373543,0.19068646430969238,0.3662688434123993,-0.001580551266670227,0.13817176222801208,0.3289386034011841,-0.011797936633229256,0.10685038566589355,0.30669018626213074,-0.022644082084298134,0.0809657871723175,0.2858514189720154,-0.031930916011333466,0.2098303735256195,0.31003227829933167,-0.005072555970400572,0.15846295654773712,0.2439064383506775,-0.013237346895039082,0.12626942992210388,0.20300212502479553,-0.023690231144428253,0.10042647272348404,0.1701461523771286,-0.032278671860694885,0.23872053623199463,0.27339598536491394,-0.012627337127923965,0.20022530853748322,0.1952180415391922,-0.026431236416101456,0.17602276802062988,0.1478043645620346,-0.038306087255477905,0.15406540036201477,0.10784931480884552,-0.04683482646942139,0.2746562957763672,0.2533062696456909,-0.021986069157719612,0.26317098736763,0.1721937358379364,-0.036132555454969406,0.25584033131599426,0.11741474270820618,-0.0437811054289341,0.24750089645385742,0.06825831532478333,-0.04925376549363136,4
0.3325185477733612,0.48275452852249146,2.775197174287314e-07,0.2750519812107086,0.5221200585365295,-0.017600512132048607,0.2041226029396057,0.5143309235572815,-0.022738764062523842,0.14971530437469482,0.5057439208030701,-0.02778802625834942,0.11037126183509827,0.5163062214851379,-0.03223476558923721,0.18735559284687042,0.3681861460208893,0.0007111255545169115,0.13512325286865234,0.3304048180580139,-0.008445330895483494,0.10400192439556122,0.30882447957992554,-0.018526429310441017,0.07828828692436218,0.2893180251121521,-0.027319131419062614,0.20627035200595856,0.31305283308029175,-0.0027463778387755156,0.15508557856082916,0.2478717863559723,-0.009791028685867786,0.12293150275945663,0.20760558545589447,-0.019341498613357544,0.0974690392613411,0.17581914365291595,-0.027233807370066643,0.23487551510334015,0.2771298587322235,-0.01047966256737709,0.19661152362823486,0.19911706447601318,-0.023636123165488243,0.17261090874671936,0.1515430212020874,-0.03502215817570686,0.1509535163640976,0.1112583726644516,-0.0431831069290638,0.27054232358932495,0.2570289671421051,-0.02010698802769184,0.2597005069255829,0.1758371740579605,-0.03434744477272034,0.25285762548446655,0.12053270637989044,-0.04224259406328201,0.24516333639621735,0.07043781876564026,-0.04774840548634529,4
0.33053088188171387,0.4821282625198364,2.7577524974731205e-07,0.2727074921131134,0.5209183692932129,-0.01697525754570961,0.20196053385734558,0.512903094291687,-0.021834012120962143,0.1482323408126831,0.5052551031112671,-0.02674081176519394,0.10970005393028259,0.5180131196975708,-0.031089458614587784,0.1853152960538864,0.36802151799201965,0.0010207394370809197,0.13316380977630615,0.3309463560581207,-0.008310382254421711,0.10225939750671387,0.30934786796569824,-0.018348364159464836,0.07686914503574371,0.29023975133895874,-0.026900552213191986,0.20452077686786652,0.31250178813934326,-0.0026079860981553793,0.15345823764801025,0.24745449423789978,-0.009515217505395412,0.12111645936965942,0.20770865678787231,-0.01868947595357895,0.0953136458992958,0.17706404626369476,-0.026189079508185387,0.2333495020866394,0.27621185779571533,-0.010482064448297024,0.19495739042758942,0.19858436286449432,-0.023435622453689575,0.1705290526151657,0.15210695564746857,-0.034259941428899765,0.14861711859703064,0.11348098516464233,-0.04188403859734535,0.26899415254592896,0.25626957416534424,-0.02021573670208454,0.25802749395370483,0.17511457204818726,-0.03404533863067627,0.25079163908958435,0.12000726163387299,-0.04139634594321251,0.2427607625722885,0.07055002450942993,-0.04641985520720482,4
0.3298919200897217,0.4800119698047638,2.8338547508610645e-07,0.2721444070339203,0.5214018821716309,-0.01757638156414032,0.20120637118816376,0.5137562155723572,-0.022541044279932976,0.1468927562236786,0.5047072172164917,-0.027426263317465782,0.10815875977277756,0.5160914063453674,-0.03162611648440361,0.18384604156017303,0.3683914244174957,0.0011961590498685837,0.13178351521492004,0.3306780457496643,-0.007746044080704451,0.10126636922359467,0.308960497379303,-0.01751270331442356,0.07633575797080994,0.2895314693450928,-0.02588055469095707,0.2032366245985031,0.31226813793182373,-0.0020835641771554947,0.15224936604499817,0.24735793471336365,-0.008630386553704739,0.12001686543226242,0.2076326161623001,-0.017685266211628914,0.09436845034360886,0.17640675604343414,-0.025123082101345062,0.2320006936788559,0.27555304765701294,-0.009688256308436394,0.19374452531337738,0.19788002967834473,-0.022566335275769234,0.16957327723503113,0.15143130719661713,-0.03348517790436745,0.1479695439338684,0.11290816962718964,-0.041158527135849,0.2675172984600067,0.25501883029937744,-0.019197748973965645,0.2565869390964508,0.17369143664836884,-0.033335134387016296,0.24950173497200012,0.118573397397995,-0.04096832126379013,0.2416786402463913,0.06899818778038025,-0.04609549418091774,4
0.32915180921554565,0.4799439013004303,2.7772748012466764e-07,0.27183154225349426,0.5215122103691101,-0.016792332753539085,0.20036056637763977,0.5137597918510437,-0.02094004862010479,0.14632031321525574,0.5051853060722351,-0.025110026821494102,0.10837958753108978,0.5173118114471436,-0.02869305945932865,0.18320615589618683,0.36957937479019165,0.001658333814702928,0.13134954869747162,0.3320305645465851,-0.006834645289927721,0.10090523213148117,0.3102153539657593,-0.01630246825516224,0.07593908905982971,0.2905580401420593,-0.024533988907933235,0.20209883153438568,0.314113587141037,-0.0018185216467827559,0.15095362067222595,0.24968189001083374,-0.008050733245909214,0.11873459070920944,0.20965027809143066,-0.016830962151288986,0.09328451007604599,0.17831596732139587,-0.02408914640545845,0.23055529594421387,0.27769431471824646,-0.009521754458546638,0.19219958782196045,0.19966045022010803,-0.022090427577495575,0.16813650727272034,0.1527358591556549,-0.03299776464700699,0.14658492803573608,0.11380346119403839,-0.04072296991944313,0.2659543454647064,0.25702255964279175,-0.01906425878405571,0.25512176752090454,0.1752701699733734,-0.03302740678191185,0.24817579984664917,0.11953669786453247,-0.040733084082603455,0.24038457870483398,0.06932082772254944,-0.04597655311226845,4
0.32839566469192505,0.48124825954437256,2.8117355554968526e-07,0.2705087661743164,0.5221467018127441,-0.016537433490157127,0.198800727725029,0.5148453712463379,-0.020642559975385666,0.1447223722934723,0.5074081420898438,-0.024935591965913773,0.10679327696561813,0.5204680562019348,-0.02867155894637108,0.1821410208940506,0.37051114439964294,0.0023628745693713427,0.12993638217449188,0.3332946300506592,-0.006176067050546408,0.09909308701753616,0.31179577112197876,-0.015678679570555687,0.07377558946609497,0.29280704259872437,-0.023977098986506462,0.2010066658258438,0.31501829624176025,-0.0014014075277373195,0.14975422620773315,0.2505410611629486,-0.007628991734236479,0.1174519807100296,0.21081456542015076,-0.016373125836253166,0.09189063310623169,0.18018992245197296,-0.023618875071406364,0.22947989404201508,0.27815917134284973,-0.00947840791195631,0.19063401222229004,0.2004370093345642,-0.022045843303203583,0.1662687510251999,0.1541893631219864,-0.03294065222144127,0.14457836747169495,0.11585372686386108,-0.04069876670837402,0.26497510075569153,0.25730249285697937,-0.019425738602876663,0.25424113869667053,0.17587558925151825,-0.033384718000888824,0.24721848964691162,0.12022879719734192,-0.041208233684301376,0.23950380086898804,0.07021772861480713,-0.04661880433559418,4
0.3290097713470459,0.48095211386680603,2.8044132704962976e-07,0.27157407999038696,0.5217604041099548,-0.01699904352426529,0.1999470293521881,0.5146520733833313,-0.021647827699780464,0.1457095593214035,0.5066121816635132,-0.026360999792814255,0.10707861185073853,0.5193058252334595,-0.03045535460114479,0.18246707320213318,0.36992865800857544,0.0015783722046762705,0.1302894949913025,0.3334282338619232,-0.007142417598515749,0.09959056973457336,0.3123384416103363,-0.01677646115422249,0.0742245614528656,0.29354727268218994,-0.025177761912345886,0.20126523077487946,0.31416910886764526,-0.002098914235830307,0.14976413547992706,0.25011658668518066,-0.00840076245367527,0.1174469068646431,0.21079140901565552,-0.017126379534602165,0.09158872067928314,0.18058429658412933,-0.02437717467546463,0.22991512715816498,0.2775195240974426,-0.010090879164636135,0.19106003642082214,0.1997195929288864,-0.022863516584038734,0.16675972938537598,0.1533106416463852,-0.03361867368221283,0.1448558270931244,0.11516770720481873,-0.0412326343357563,0.2656196653842926,0.25705066323280334,-0.019965140148997307,0.25438129901885986,0.17488691210746765,-0.03410092741250992,0.2472885549068451,0.11913134157657623,-0.04175221547484398,0.23935647308826447,0.06942105293273926,-0.04697294905781746,4
0.3293713629245758,0.48049312829971313,2.7649170419863367e-07,0.27180153131484985,0.5213714838027954,-0.01681547798216343,0.20027375221252441,0.5146403908729553,-0.021476414054632187,0.14625036716461182,0.5066038966178894,-0.02627561427652836,0.10763376951217651,0.5200623869895935,-0.030552102252840996,0.18276627361774445,0.37016016244888306,0.0011453707702457905,0.1304471492767334,0.33383288979530334,-0.007839049212634563,0.09957088530063629,0.31264030933380127,-0.01751883141696453,0.07434161007404327,0.29410263895988464,-0.025855552405118942,0.20164085924625397,0.31417012214660645,-0.0026468720752745867,0.14999151229858398,0.2503843903541565,-0.009288455359637737,0.11752673238515854,0.21072576940059662,-0.018151525408029556,0.09169691056013107,0.1798187792301178,-0.0254468135535717,0.2302858829498291,0.2773838937282562,-0.010708865709602833,0.19126035273075104,0.19996578991413116,-0.023923909291625023,0.1669713258743286,0.153344988822937,-0.03502028062939644,0.14530588686466217,0.11474056541919708,-0.04280846565961838,0.2658854126930237,0.25683391094207764,-0.02059122361242771,0.2550404667854309,0.1749882847070694,-0.03529548645019531,0.24833683669567108,0.1188398152589798,-0.043324198573827744,0.24085676670074463,0.06856739521026611,-0.0487334243953228,4
0.3303534984588623,0.48115307092666626,2.7220448828302324e-07,0.2720320224761963,0.5232542753219604,-0.01604611985385418,0.19981318712234497,0.5161400437355042,-0.019953757524490356,0.1459716558456421,0.5082459449768066,-0.023984532803297043,0.10838167369365692,0.5216628313064575,-0.027564339339733124,0.18305270373821259,0.372148334980011,0.0013116826303303242,0.1306251436471939,0.3348364233970642,-0.007286085281521082,0.09977813810110092,0.31310606002807617,-0.01680348441004753,0.07442405819892883,0.2940578758716583,-0.025122882798314095,0.20218917727470398,0.31611308455467224,-0.002654473530128598,0.15065866708755493,0.2513250410556793,-0.009130803868174553,0.1181514635682106,0.2111387550830841,-0.01816803589463234,0.09238062798976898,0.18005046248435974,-0.02566801756620407,0.2309136986732483,0.27924153208732605,-0.010721978731453419,0.19182173907756805,0.20049291849136353,-0.023677365854382515,0.16754987835884094,0.1534506231546402,-0.03512958809733391,0.1458023190498352,0.11457566916942596,-0.04327337443828583,0.2666283845901489,0.2583763003349304,-0.02049429342150688,0.2558036148548126,0.17542284727096558,-0.035025324672460556,0.24920284748077393,0.11893366277217865,-0.04318976029753685,0.24172934889793396,0.06849512457847595,-0.04877810180187225,4
0.3289325535297394,0.4821033179759979,2.8398318363542785e-07,0.2715314030647278,0.5239315032958984,-0.017079366371035576,0.2002764493227005,0.5177822113037109,-0.02176581136882305,0.14624038338661194,0.5110013484954834,-0.02642451599240303,0.10809136182069778,0.525000810623169,-0.030524658039212227,0.1820380985736847,0.37375494837760925,0.0004535772604867816,0.12940141558647156,0.337690532207489,-0.008542879484593868,0.09827598929405212,0.3164510428905487,-0.018110226839780807,0.07266770303249359,0.29758068919181824,-0.026354927569627762,0.2008271962404251,0.31786656379699707,-0.0030912961810827255,0.14934371411800385,0.2536439001560211,-0.009619849734008312,0.11676829308271408,0.21420365571975708,-0.018333949148654938,0.0908786728978157,0.1834615021944046,-0.025488929823040962,0.22954775393009186,0.2813427746295929,-0.010845953598618507,0.1907978504896164,0.20319855213165283,-0.023962389677762985,0.16641119122505188,0.15594632923603058,-0.034975580871105194,0.1446944624185562,0.11665219068527222,-0.042663175612688065,0.2651732563972473,0.26107969880104065,-0.020408758893609047,0.2544909119606018,0.1786191612482071,-0.03515022620558739,0.24768774211406708,0.12195447087287903,-0.04311557859182358,0.24014323949813843,0.07115182280540466,-0.04838591068983078,4
0.3357577919960022,0.7897890210151672,2.6642445050129027e-07,0.27563005685806274,0.834049642086029,-0.015504725277423859,0.2009619176387787,0.8361853361129761,-0.019972531124949455,0.1469930112361908,0.8429088592529297,-0.025099655613303185,0.10799124836921692,0.8576356172561646,-0.029691360890865326,0.18413230776786804,0.6836258769035339,0.0023511641193181276,0.13036894798278809,0.6486495733261108,-0.007470938842743635,0.09783532470464706,0.6288856863975525,-0.01743694581091404,0.0706682801246643,0.6117448806762695,-0.026061471551656723,0.2011052668094635,0.6267583966255188,-0.0030009292531758547,0.14607064425945282,0.5644918084144592,-0.010809986852109432,0.11118526756763458,0.5262053608894348,-0.019617324694991112,0.08298937976360321,0.4983450770378113,-0.02659645490348339,0.2288140505552292,0.5873916149139404,-0.012761478312313557,0.18354906141757965,0.5106778144836426,-0.027141060680150986,0.1558903455734253,0.46731433272361755,-0.037063535302877426,0.13035662472248077,0.43315863609313965,-0.04371754080057144,0.2642783522605896,0.565106987953186,-0.024339977651834488,0.24930721521377563,0.4854787588119507,-0.040081936866045,0.23744803667068481,0.4301912784576416,-0.04789137467741966,0.22486938536167145,0.3817618489265442,-0.053004682064056396,4
0.3388019800186157,0.7900382876396179,2.582027889275196e-07,0.2801053524017334,0.8350472450256348,-0.015820514410734177,0.20435939729213715,0.8369110226631165,-0.02012586034834385,0.14931973814964294,0.8441646695137024,-0.02483385056257248,0.11006180197000504,0.8610827326774597,-0.029041722416877747,0.18587841093540192,0.6835794448852539,0.0011465016286820173,0.13266780972480774,0.6471840143203735,-0.00864154752343893,0.10014582425355911,0.6271721124649048,-0.018614711239933968,0.0726408064365387,0.6105355024337769,-0.027425503358244896,0.20280303061008453,0.6282016038894653,-0.0041676792316138744,0.14766941964626312,0.5664172172546387,-0.012316448614001274,0.11275915056467056,0.528439998626709,-0.02153761126101017,0.08453325927257538,0.5002872347831726,-0.02890665829181671,0.23104339838027954,0.5904318690299988,-0.013773730024695396,0.18593114614486694,0.5147308111190796,-0.028855422511696815,0.1583995521068573,0.4708687663078308,-0.03981086239218712,0.1326853632926941,0.43505361676216125,-0.04732891544699669,0.2671970725059509,0.5695402026176453,-0.025099247694015503,0.2523775100708008,0.49041780829429626,-0.04227573797106743,0.24111053347587585,0.43445587158203125,-0.051222063601017,0.22895628213882446,0.38434356451034546,-0.057139601558446884,4
0.34280121326446533,0.7923943996429443,2.690933627036429e-07,0.2836521863937378,0.8348376750946045,-0.015919750556349754,0.20858825743198395,0.8357126712799072,-0.0210467129945755,0.1535368263721466,0.8433946371078491,-0.02678550034761429,0.11410626024007797,0.8600157499313354,-0.032006751745939255,0.19145329296588898,0.6831905841827393,0.0008754977025091648,0.13759073615074158,0.6473467946052551,-0.009619347751140594,0.10438088327646255,0.6279792785644531,-0.01993727870285511,0.0765540599822998,0.612093985080719,-0.028876997530460358,0.2082989513874054,0.6282981038093567,-0.004727475810796022,0.1527405083179474,0.5656228065490723,-0.013680875301361084,0.1175132766366005,0.5272805094718933,-0.02303367666900158,0.08912715315818787,0.49882078170776367,-0.030279338359832764,0.23635466396808624,0.5907688140869141,-0.014689167961478233,0.19053101539611816,0.5144224166870117,-0.03027338720858097,0.1628747433423996,0.4706568121910095,-0.04097285866737366,0.13723793625831604,0.4348696172237396,-0.04813430458307266,0.2721872627735138,0.5705738067626953,-0.026419799774885178,0.2580174207687378,0.491139680147171,-0.043484631925821304,0.24662858247756958,0.43470069766044617,-0.052185844630002975,0.2343868464231491,0.3840557634830475,-0.05789273977279663,4
0.3463447690010071,0.7920771837234497,2.6301137268092134e-07,0.2872324585914612,0.8353198766708374,-0.0152414096519351,0.21116410195827484,0.8344696760177612,-0.01934213377535343,0.15629321336746216,0.8417083621025085,-0.024164825677871704,0.11740576475858688,0.8585997223854065,-0.028495758771896362,0.19421295821666718,0.6822896599769592,0.002086902968585491,0.14084652066230774,0.6453723907470703,-0.008015602827072144,0.10756193101406097,0.6258867979049683,-0.018009692430496216,0.0793532133102417,0.6104493737220764,-0.02670106664299965,0.2110966145992279,0.628295361995697,-0.0036843547131866217,0.15646682679653168,0.5653339624404907,-0.012111143209040165,0.12105268985033035,0.5268402099609375,-0.020990367978811264,0.09178702533245087,0.4983104467391968,-0.027917571365833282,0.23908717930316925,0.5916128158569336,-0.01385556161403656,0.19414223730564117,0.5148095488548279,-0.02914227917790413,0.1664503514766693,0.47021484375,-0.03969960659742355,0.14036889374256134,0.43360310792922974,-0.046788375824689865,0.2744913697242737,0.5720280408859253,-0.025792239233851433,0.26064616441726685,0.49147358536720276,-0.04322583228349686,0.24970552325248718,0.43377798795700073,-0.0522637702524662,0.23763103783130646,0.38180023431777954,-0.05815590173006058,4
0.34807902574539185,0.7903403639793396,2.620184034185513e-07,0.28802934288978577,0.8291730880737305,-0.015136171132326126,0.21294933557510376,0.8261295557022095,-0.019470637664198875,0.1587935984134674,0.8316934108734131,-0.02453625202178955,0.12013351917266846,0.8437387347221375,-0.029154537245631218,0.19780433177947998,0.6753075122833252,0.001572515000589192,0.14544489979743958,0.6379073262214661,-0.009478062391281128,0.11274301260709763,0.61921226978302,-0.020476704463362694,0.08507105708122253,0.6046708822250366,-0.029703481122851372,0.2151241898536682,0.6222104430198669,-0.004128679633140564,0.16120004653930664,0.5583677291870117,-0.01335752010345459,0.12615671753883362,0.5200903415679932,-0.023224415257573128,0.09758234024047852,0.4920450448989868,-0.030760392546653748,0.2436104565858841,0.5861548781394958,-0.01414051279425621,0.19923971593379974,0.5085098147392273,-0.02986263856291771,0.17131517827510834,0.464275598526001,-0.04078323394060135,0.14546948671340942,0.4276411533355713,-0.04794246703386307,0.2798580527305603,0.5673248171806335,-0.025833431631326675,0.2659538984298706,0.48495548963546753,-0.04290067404508591,0.2550722360610962,0.4266825020313263,-0.05151313915848732,0.24327602982521057,0.374264121055603,-0.05702715367078781,4
0.3543134331703186,0.7770487070083618,2.647128667376819e-07,0.29285094141960144,0.8114945888519287,-0.014978865161538124,0.21828332543373108,0.8064116835594177,-0.020165733993053436,0.1637216955423355,0.8101277351379395,-0.02594696171581745,0.12531030178070068,0.8268516063690186,-0.031478215008974075,0.2036793977022171,0.6589811444282532,-0.0006812568753957748,0.15235614776611328,0.6185683608055115,-0.011767811141908169,0.12097171694040298,0.5976452827453613,-0.02281966432929039,0.09404405951499939,0.5807316899299622,-0.03217025101184845,0.22248512506484985,0.6052266955375671,-0.00657633226364851,0.1689683347940445,0.5388627648353577,-0.015281781554222107,0.1348457932472229,0.4996449947357178,-0.02524583227932453,0.10654827207326889,0.4701071083545685,-0.033208172768354416,0.25264784693717957,0.5690593123435974,-0.016437942162156105,0.2091810554265976,0.49108171463012695,-0.030857274308800697,0.18115118145942688,0.4461587071418762,-0.04187402129173279,0.15552601218223572,0.40960606932640076,-0.04966343939304352,0.29048147797584534,0.5503261685371399,-0.02792862057685852,0.27619150280952454,0.47005876898765564,-0.04282895848155022,0.2645410895347595,0.4136925935745239,-0.05040700361132622,0.25230398774147034,0.3631851077079773,-0.05574418604373932,4
0.35839927196502686,0.762670636177063,2.8359775683384214e-07,0.2970793545246124,0.797583281993866,-0.016901368275284767,0.22167052328586578,0.7904568314552307,-0.022814996540546417,0.16463622450828552,0.7904942631721497,-0.029014868661761284,0.12387843430042267,0.8103386759757996,-0.035034507513046265,0.20828719437122345,0.6397572159767151,-4.921722211292945e-05,0.15807417035102844,0.5975262522697449,-0.010438145138323307,0.12662768363952637,0.5753560066223145,-0.02174653299152851,0.0993703156709671,0.5567911267280579,-0.03157811239361763,0.22828784584999084,0.5864734649658203,-0.004971045069396496,0.17703509330749512,0.5178540349006653,-0.012690325267612934,0.14367416501045227,0.4773869216442108,-0.0227185245603323,0.11514607071876526,0.44524773955345154,-0.031181640923023224,0.2583716809749603,0.5516034364700317,-0.014105547219514847,0.21744456887245178,0.4711236357688904,-0.027586372569203377,0.19087615609169006,0.4261481761932373,-0.038000982254743576,0.16597309708595276,0.38935431838035583,-0.04568089544773102,0.29505282640457153,0.5343531370162964,-0.0251532644033432,0.28072312474250793,0.4544963836669922,-0.03913966193795204,0.2708097994327545,0.3995831608772278,-0.04584800824522972,0.26039716601371765,0.35053426027297974,-0.05079596862196922,4
0.3594176769256592,0.7575738430023193,2.820196982611378e-07,0.29835429787635803,0.7950482368469238,-0.0185245331376791,0.22218802571296692,0.7868971228599548,-0.024389037862420082,0.1649179458618164,0.7852828502655029,-0.03034103475511074,0.12463268637657166,0.8069925308227539,-0.03601778671145439,0.20957143604755402,0.6359917521476746,-1.3503714399121236e-05,0.15924176573753357,0.5931354761123657,-0.010704314336180687,0.12756270170211792,0.5710041522979736,-0.02177150920033455,0.10047928988933563,0.554170548915863,-0.031069671735167503,0.2296258956193924,0.581548810005188,-0.00395890511572361,0.1779419630765915,0.511955738067627,-0.011399919167160988,0.1443909853696823,0.47252553701400757,-0.020176813006401062,0.11570444703102112,0.4430215656757355,-0.02735111117362976,0.25945380330085754,0.5466639995574951,-0.012502077035605907,0.21914763748645782,0.4644089341163635,-0.026145897805690765,0.1926887035369873,0.4198131561279297,-0.035285238176584244,0.16800716519355774,0.3844550848007202,-0.04157240688800812,0.2950834035873413,0.5301631093025208,-0.023186219856142998,0.2810143232345581,0.4508034586906433,-0.0375671349465847,0.27173566818237305,0.39601337909698486,-0.043702561408281326,0.26193779706954956,0.3477599620819092,-0.04779371991753578,4
0.36003103852272034,0.7582259178161621,2.749242753452563e-07,0.29913049936294556,0.7963201999664307,-0.01817302405834198,0.2229159027338028,0.7868244647979736,-0.023608673363924026,0.16579942405223846,0.7829287052154541,-0.02916106767952442,0.12601560354232788,0.8045600056648254,-0.034552350640296936,0.21009664237499237,0.6352618932723999,0.00041464512469246984,0.16089797019958496,0.5916501879692078,-0.009959590621292591,0.12948721647262573,0.5691859722137451,-0.021235104650259018,0.10227668285369873,0.5511245131492615,-0.031006548553705215,0.23028457164764404,0.5813181400299072,-0.003847036976367235,0.17935045063495636,0.5127522945404053,-0.011536115780472755,0.14581763744354248,0.47288239002227783,-0.021211503073573112,0.1170579269528389,0.4420663118362427,-0.029319290071725845,0.260062038898468,0.5469741821289062,-0.012615467421710491,0.2203565388917923,0.4647935628890991,-0.02628505229949951,0.193792924284935,0.41962721943855286,-0.03637124225497246,0.16881099343299866,0.38365936279296875,-0.0436788946390152,0.29578664898872375,0.5304167866706848,-0.023487836122512817,0.2820439338684082,0.4504333734512329,-0.03769993409514427,0.2721395790576935,0.395544171333313,-0.04440261423587799,0.2615436911582947,0.3469982147216797,-0.04927597939968109,4
0.359412282705307,0.7581252455711365,2.758486914444802e-07,0.2992278039455414,0.7975060939788818,-0.01783299818634987,0.222467303276062,0.7882202863693237,-0.02248886413872242,0.1659139096736908,0.7841953635215759,-0.02736811526119709,0.12639549374580383,0.8047178387641907,-0.03197424113750458,0.2091425061225891,0.6366867423057556,0.0017313295975327492,0.15960513055324554,0.5932289361953735,-0.008066428825259209,0.12842148542404175,0.5706546306610107,-0.018686439841985703,0.10168111324310303,0.5529316663742065,-0.02781568095088005,0.2290256917476654,0.5816723704338074,-0.0022925857920199633,0.1780678927898407,0.5129584670066833,-0.009090427309274673,0.14478233456611633,0.4726293385028839,-0.017619721591472626,0.11671405285596848,0.4427822232246399,-0.02465735375881195,0.2586674094200134,0.5461046695709229,-0.010959318839013577,0.21909339725971222,0.46338194608688354,-0.02412865124642849,0.19313623011112213,0.41773563623428345,-0.033240821212530136,0.16895714402198792,0.38207346200942993,-0.039551589637994766,0.29415321350097656,0.5287154912948608,-0.02178700640797615,0.2808600664138794,0.44862231612205505,-0.035926997661590576,0.27187687158584595,0.3940999209880829,-0.04227309301495552,0.2622632384300232,0.34648945927619934,-0.046532176434993744,4
0.3580700755119324,0.760128915309906,2.836523833593674e-07,0.29690417647361755,0.8001818656921387,-0.018155209720134735,0.22088919579982758,0.7930188179016113,-0.023658424615859985,0.16441752016544342,0.7899954915046692,-0.029207056388258934,0.1246122494339943,0.8105303049087524,-0.0346173420548439,0.20778000354766846,0.6412710547447205,0.00011387708218535408,0.1579238325357437,0.5989602208137512,-0.010147429071366787,0.12648248672485352,0.5771303176879883,-0.021337173879146576,0.09911040961742401,0.5598339438438416,-0.031071724370121956,0.22821825742721558,0.5864681005477905,-0.004191211890429258,0.17680278420448303,0.5182256698608398,-0.012004571035504341,0.1429145336151123,0.4785546064376831,-0.02211810275912285,0.11382519453763962,0.4481792151927948,-0.03053741157054901,0.25805872678756714,0.5512586832046509,-0.012941118329763412,0.21808086335659027,0.46965575218200684,-0.026739882305264473,0.19085314869880676,0.42519116401672363,-0.03736858442425728,0.1652175784111023,0.38946765661239624,-0.045069992542266846,0.29390889406204224,0.534069299697876,-0.023719245567917824,0.279690146446228,0.4545787572860718,-0.037950895726680756,0.26958706974983215,0.40004396438598633,-0.04477972909808159,0.25881585478782654,0.35202571749687195,-0.04979529231786728,4
0.35951247811317444,0.7585357427597046,2.7692925641531474e-07,0.2990761697292328,0.7987647652626038,-0.017821474000811577,0.2222624272108078,0.7916038036346436,-0.02270662970840931,0.16579332947731018,0.7886728644371033,-0.02762121520936489,0.12613487243652344,0.8073953986167908,-0.03227905184030533,0.2083909660577774,0.6417184472084045,0.0003819397243205458,0.15887384116649628,0.5991460084915161,-0.009494699537754059,0.12751218676567078,0.5767345428466797,-0.02027115225791931,0.10011573135852814,0.5581878423690796,-0.029678765684366226,0.22820939123630524,0.5864752531051636,-0.0037712149787694216,0.17694003880023956,0.5184122920036316,-0.010843497700989246,0.14341789484024048,0.4780579209327698,-0.019979875534772873,0.11495606601238251,0.4471714496612549,-0.027671901509165764,0.25780826807022095,0.5507827401161194,-0.01236244197934866,0.21811488270759583,0.4692522883415222,-0.02549060620367527,0.19180965423583984,0.42385411262512207,-0.035277336835861206,0.16711461544036865,0.3876192271709442,-0.04235474392771721,0.2935115396976471,0.5328221917152405,-0.023026496171951294,0.2795819044113159,0.4532008171081543,-0.03706838935613632,0.2698003947734833,0.39847639203071594,-0.04363340884447098,0.2592630088329315,0.35006317496299744,-0.04830138012766838,4
0.3593916893005371,0.7558687329292297,2.804748078233388e-07,0.29884058237075806,0.7960041761398315,-0.018220141530036926,0.22118578851222992,0.7889323234558105,-0.023385560140013695,0.16356047987937927,0.7872564792633057,-0.02846694365143776,0.1234540194272995,0.8089175820350647,-0.03324798122048378,0.20892095565795898,0.6376029253005981,-0.00036713804001919925,0.15902408957481384,0.5945707559585571,-0.009960736148059368,0.1278044581413269,0.5720615983009338,-0.02027939260005951,0.10079686343669891,0.5541018843650818,-0.02934785932302475,0.2287856489419937,0.5827803611755371,-0.004139004275202751,0.17758908867835999,0.5146450996398926,-0.011083279736340046,0.1440921425819397,0.4749176502227783,-0.0198130514472723,0.11578822135925293,0.4447428584098816,-0.027133909985423088,0.2584080100059509,0.5475060343742371,-0.012327982112765312,0.21794798970222473,0.4665219187736511,-0.025554977357387543,0.19174590706825256,0.4219322204589844,-0.035231608897447586,0.16721579432487488,0.3860939145088196,-0.04215672239661217,0.2940196990966797,0.5302322506904602,-0.022575439885258675,0.2807534635066986,0.45100826025009155,-0.03708883374929428,0.27130746841430664,0.3961665630340576,-0.04408314824104309,0.26118385791778564,0.3472684621810913,-0.04892927035689354,4
0.3604182004928589,0.7554791569709778,2.7601456054071605e-07,0.2993590831756592,0.7951354384422302,-0.017832184210419655,0.22199508547782898,0.7880266904830933,-0.02272058092057705,0.16514572501182556,0.7860425114631653,-0.027661912143230438,0.12548723816871643,0.8075305819511414,-0.032415106892585754,0.20966382324695587,0.6376832723617554,0.00031880353344604373,0.15990030765533447,0.5946670770645142,-0.009578975848853588,0.1287885308265686,0.5721816420555115,-0.020336825400590897,0.10177065432071686,0.554415762424469,-0.02969336323440075,0.22978994250297546,0.5829694867134094,-0.003753808094188571,0.17908062040805817,0.5151744484901428,-0.01108673494309187,0.14560991525650024,0.475558340549469,-0.020487628877162933,0.11712081730365753,0.4456954002380371,-0.028329038992524147,0.25940969586372375,0.5477421283721924,-0.012264575809240341,0.21982517838478088,0.4667850136756897,-0.02580602653324604,0.19322434067726135,0.4221443831920624,-0.036076802760362625,0.16822358965873718,0.38636359572410583,-0.04340438172221184,0.29496127367019653,0.5304579138755798,-0.02279001846909523,0.2813374400138855,0.4509050250053406,-0.037219442427158356,0.27171728014945984,0.39617258310317993,-0.044251807034015656,0.26144906878471375,0.34786614775657654,-0.049240998923778534,4
0.3619152009487152,0.7538008689880371,2.7324855977894913e-07,0.3013480305671692,0.7945289611816406,-0.017346009612083435,0.2249138504266739,0.7897087335586548,-0.02231515944004059,0.1687207818031311,0.7882097959518433,-0.02729283645749092,0.12914222478866577,0.8075414299964905,-0.03210964426398277,0.21193410456180573,0.6397082209587097,-0.0005121036083437502,0.1627931296825409,0.5967748165130615,-0.01052328571677208,0.13172456622123718,0.5744637250900269,-0.02134491689503193,0.10473112761974335,0.5570356845855713,-0.03077615611255169,0.23178385198116302,0.5851117372512817,-0.004759074654430151,0.1802390068769455,0.5166175365447998,-0.012145168147981167,0.14699137210845947,0.476334810256958,-0.021564822643995285,0.11895091086626053,0.44537094235420227,-0.02951311506330967,0.26124608516693115,0.5498313903808594,-0.013246762566268444,0.22051900625228882,0.4693816304206848,-0.02661271020770073,0.19430924952030182,0.4241254925727844,-0.036929961293935776,0.16981849074363708,0.3875912129878998,-0.044495102018117905,0.29701611399650574,0.5321296453475952,-0.023656083270907402,0.2830508351325989,0.45323580503463745,-0.03788820654153824,0.27351486682891846,0.39887529611587524,-0.04481465369462967,0.26333901286125183,0.3508138358592987,-0.0498606339097023,4
0.3625732660293579,0.7534492015838623,2.8993505907237704e-07,0.3025667667388916,0.7944403886795044,-0.01849488914012909,0.2273571491241455,0.7899225354194641,-0.024407345801591873,0.1709938645362854,0.787677526473999,-0.030118022114038467,0.1305011808872223,0.8071635961532593,-0.03551686182618141,0.2122502475976944,0.6395455598831177,-0.0012322434922680259,0.1631854921579361,0.5958081483840942,-0.011530918069183826,0.13206668198108673,0.5729619264602661,-0.02244296856224537,0.10522831976413727,0.554909348487854,-0.03182489797472954,0.2322903573513031,0.5847315788269043,-0.005045048426836729,0.18074554204940796,0.5159822106361389,-0.01235665287822485,0.14754265546798706,0.47545766830444336,-0.021511778235435486,0.11941630393266678,0.44426459074020386,-0.029225675389170647,0.2618858814239502,0.5495320558547974,-0.013241278938949108,0.2217482626438141,0.4685932397842407,-0.026706313714385033,0.19593112170696259,0.4230893850326538,-0.036608364433050156,0.17167410254478455,0.38674741983413696,-0.04374570772051811,0.2976512908935547,0.531766414642334,-0.0234725009649992,0.283454954624176,0.4523990750312805,-0.037805307656526566,0.27383315563201904,0.39822959899902344,-0.04448828473687172,0.26341596245765686,0.3504493534564972,-0.04920496791601181,4
0.3618176579475403,0.7542311549186707,2.8589579414983746e-07,0.3018633723258972,0.7945449352264404,-0.01820589415729046,0.226210355758667,0.7892848253250122,-0.023882608860731125,0.16986699402332306,0.7887312173843384,-0.029515670612454414,0.12995152175426483,0.8092439770698547,-0.03488984331488609,0.212271049618721,0.6385032534599304,-0.0005438319640234113,0.1628234088420868,0.59637451171875,-0.010738711804151535,0.13179223239421844,0.5744074583053589,-0.021574046462774277,0.1050182431936264,0.5569720268249512,-0.030869485810399055,0.2320026010274887,0.5841432809829712,-0.004507753066718578,0.18037115037441254,0.5164955854415894,-0.01176439318805933,0.14706698060035706,0.4773294925689697,-0.020735951140522957,0.11891331523656845,0.44782185554504395,-0.02822314016520977,0.2613182067871094,0.5488497018814087,-0.012898317538201809,0.2214541733264923,0.4684327244758606,-0.026088422164320946,0.19512516260147095,0.4245600700378418,-0.035560812801122665,0.1705058515071869,0.38960161805152893,-0.04235539212822914,0.29664698243141174,0.5312783122062683,-0.02336791530251503,0.282419890165329,0.4526625871658325,-0.03715399280190468,0.27294158935546875,0.3991175889968872,-0.04330376535654068,0.26278626918792725,0.3521825969219208,-0.047659993171691895,4
0.3613552451133728,0.7533336281776428,2.677984412002843e-07,0.3010192811489105,0.7923729419708252,-0.016816791146993637,0.22537574172019958,0.7860656380653381,-0.02167631685733795,0.1693839281797409,0.7856089472770691,-0.0266936793923378,0.13050709664821625,0.8069023489952087,-0.031590916216373444,0.21208733320236206,0.6364356279373169,0.0002641888568177819,0.16224530339241028,0.5952717065811157,-0.009723806753754616,0.1308494508266449,0.5738560557365417,-0.02049974910914898,0.10348495841026306,0.5565729737281799,-0.02977852150797844,0.23179291188716888,0.5821934342384338,-0.004159518517553806,0.1802046298980713,0.515200674533844,-0.011269965209066868,0.14656147360801697,0.4763692021369934,-0.020235251635313034,0.11807741224765778,0.44711726903915405,-0.02775128185749054,0.26089099049568176,0.5469669103622437,-0.01282447762787342,0.22067216038703918,0.46663445234298706,-0.025713281705975533,0.19392503798007965,0.4229927659034729,-0.03513330593705177,0.16893768310546875,0.3882993161678314,-0.041920412331819534,0.2958821952342987,0.5294972658157349,-0.023457972332835197,0.2814929783344269,0.4502480626106262,-0.037082966417074203,0.2714322805404663,0.39601948857307434,-0.04330978915095329,0.26081612706184387,0.3483133018016815,-0.04771379753947258,4
0.36116307973861694,0.748696506023407,2.830209666626615e-07,0.30023425817489624,0.7882084250450134,-0.01743054948747158,0.22498179972171783,0.7830061912536621,-0.023009883239865303,0.1689850240945816,0.7824729084968567,-0.02858060412108898,0.12961432337760925,0.8049129843711853,-0.03410660848021507,0.21169820427894592,0.6335815191268921,-0.0013617363292723894,0.16261833906173706,0.5914229154586792,-0.01168524194508791,0.13158079981803894,0.5690024495124817,-0.022850068286061287,0.10419531166553497,0.5504789352416992,-0.032564304769039154,0.23144406080245972,0.5791938304901123,-0.005737386178225279,0.18069520592689514,0.5108792781829834,-0.013568188063800335,0.14720308780670166,0.47189533710479736,-0.0236238781362772,0.11829035729169846,0.44196105003356934,-0.03211849927902222,0.26070576906204224,0.5441357493400574,-0.01420504879206419,0.22103014588356018,0.4633193910121918,-0.027778327465057373,0.19485652446746826,0.4198397099971771,-0.038217511028051376,0.1700073480606079,0.3852548897266388,-0.045838359743356705,0.29612451791763306,0.5270097255706787,-0.024575551971793175,0.28200575709342957,0.4466456472873688,-0.038480427116155624,0.2722119092941284,0.3919457495212555,-0.045060962438583374,0.2617005705833435,0.3440363109111786,-0.0498976893723011,4
0.3610885739326477,0.7476449608802795,2.794099884795287e-07,0.300971120595932,0.7877629399299622,-0.01797429285943508,0.22521398961544037,0.7830914855003357,-0.023656584322452545,0.16872502863407135,0.7824631929397583,-0.029321957379579544,0.12941573560237885,0.8045201897621155,-0.034809134900569916,0.2116338312625885,0.6328052878379822,-0.001114712911657989,0.16208580136299133,0.5914419889450073,-0.011596535332500935,0.13102620840072632,0.5697901844978333,-0.022773949429392815,0.10369281470775604,0.5518562197685242,-0.032425884157419205,0.23127642273902893,0.5782638788223267,-0.005253402050584555,0.18018215894699097,0.5118939280509949,-0.013420452363789082,0.14653140306472778,0.4729989171028137,-0.023311050608754158,0.11748956143856049,0.44294431805610657,-0.0315268337726593,0.2602325677871704,0.5429314970970154,-0.013695255853235722,0.22063235938549042,0.4633902907371521,-0.02786833606660366,0.19416803121566772,0.41962921619415283,-0.03839258477091789,0.16912871599197388,0.38455653190612793,-0.04581113159656525,0.2949628233909607,0.5254959464073181,-0.024110307916998863,0.28079497814178467,0.4450937807559967,-0.03865610435605049,0.27123787999153137,0.38987624645233154,-0.04565836861729622,0.2609145939350128,0.34150493144989014,-0.050640035420656204,4
0.3608749806880951,0.7460902333259583,2.7969730354016065e-07,0.300533652305603,0.7868680357933044,-0.018158817663788795,0.22498704493045807,0.7819254398345947,-0.023743370547890663,0.16855692863464355,0.7813310623168945,-0.029356513172388077,0.12886032462120056,0.8038038611412048,-0.034682463854551315,0.21044579148292542,0.6319786906242371,9.63758648140356e-05,0.1611841470003128,0.5907565355300903,-0.01001163199543953,0.13025124371051788,0.568925142288208,-0.02099834568798542,0.10308623313903809,0.5510603189468384,-0.030577534809708595,0.2298092246055603,0.5766783952713013,-0.00394994905218482,0.17876946926116943,0.5106433629989624,-0.011421781964600086,0.1452980488538742,0.4726329445838928,-0.02081127092242241,0.11637739092111588,0.4438093304634094,-0.02871881239116192,0.2587442398071289,0.5408872365951538,-0.0124422712251544,0.21891513466835022,0.4616827368736267,-0.026096390560269356,0.19274117052555084,0.4180492162704468,-0.03597456216812134,0.16801416873931885,0.38355159759521484,-0.0430198609828949,0.2936353385448456,0.5233167409896851,-0.023010188713669777,0.27937906980514526,0.4445132613182068,-0.03745751455426216,0.26967737078666687,0.39027899503707886,-0.04419863969087601,0.25928282737731934,0.3427359163761139,-0.04894126206636429,4
0.3606483042240143,0.7446668148040771,2.8693145281977195e-07,0.29992759227752686,0.7848358154296875,-0.018318500369787216,0.22433938086032867,0.7806978225708008,-0.024210164323449135,0.16808965802192688,0.7810198664665222,-0.03005446307361126,0.12839773297309875,0.803466796875,-0.03566576540470123,0.21004441380500793,0.6318854093551636,-0.0010919810738414526,0.16113898158073425,0.5896508693695068,-0.011478959582746029,0.1301649659872055,0.5675469636917114,-0.022619251161813736,0.10291983187198639,0.5492976307868958,-0.03229367733001709,0.2296556532382965,0.5768868327140808,-0.005109596066176891,0.17890696227550507,0.5103802680969238,-0.012753334827721119,0.14569643139839172,0.47121405601501465,-0.022354856133461,0.11715216189622879,0.4407382905483246,-0.030495546758174896,0.25890547037124634,0.5412196516990662,-0.013483674265444279,0.2189798504114151,0.46281465888023376,-0.027129855006933212,0.1929706633090973,0.41871514916419983,-0.03725990280508995,0.16845929622650146,0.3831748068332672,-0.04460134357213974,0.2942918837070465,0.523345410823822,-0.023906931281089783,0.2796374559402466,0.44452548027038574,-0.038177698850631714,0.2697787880897522,0.39007607102394104,-0.044914718717336655,0.2593286335468292,0.34187769889831543,-0.04978649318218231,4
0.36050301790237427,0.745934784412384,2.8712719313261914e-07,0.2998507022857666,0.7871074080467224,-0.018593566492199898,0.2243371456861496,0.782584547996521,-0.024427350610494614,0.16780155897140503,0.7820582389831543,-0.03019907884299755,0.12788574397563934,0.8044497966766357,-0.03566250950098038,0.20982152223587036,0.6324793100357056,-0.0002915379300247878,0.16057221591472626,0.5895559787750244,-0.010291089303791523,0.129646897315979,0.5672453045845032,-0.021170372143387794,0.10257691144943237,0.5492679476737976,-0.030665121972560883,0.22968769073486328,0.577447235584259,-0.004031962715089321,0.17928911745548248,0.5111653208732605,-0.011346732266247272,0.14622245728969574,0.47296157479286194,-0.02075245790183544,0.11779351532459259,0.4437388777732849,-0.02877185493707657,0.25878655910491943,0.5415897369384766,-0.012243850156664848,0.21919196844100952,0.4625924527645111,-0.025690020993351936,0.19303347170352936,0.4187139570713043,-0.0357208326458931,0.16857661306858063,0.38374242186546326,-0.04303249344229698,0.29376086592674255,0.5237085819244385,-0.02256133034825325,0.2796449363231659,0.44563958048820496,-0.0369267575442791,0.2702779471874237,0.39186394214630127,-0.04377349093556404,0.26037660241127014,0.34446901082992554,-0.048676006495952606,4
0.36084049940109253,0.7485206127166748,2.770500202586845e-07,0.3008318543434143,0.788057267665863,-0.018808763474225998,0.22521257400512695,0.7857128977775574,-0.02527431957423687,0.16817864775657654,0.7871534824371338,-0.03161519393324852,0.12798714637756348,0.8075639009475708,-0.037626951932907104,0.2113947570323944,0.6349804997444153,-0.001859814627096057,0.1616964042186737,0.5941906571388245,-0.01276597660034895,0.13007664680480957,0.5729331374168396,-0.02392915077507496,0.10271115601062775,0.5555651783943176,-0.033389389514923096,0.23078793287277222,0.5799573659896851,-0.0056382217444479465,0.17956627905368805,0.513995885848999,-0.013418844901025295,0.14596447348594666,0.4756532311439514,-0.022327473387122154,0.117310531437397,0.44644778966903687,-0.029723836109042168,0.25962114334106445,0.5440562963485718,-0.013876830227673054,0.219706729054451,0.4648384749889374,-0.02747790701687336,0.193403959274292,0.4207589030265808,-0.036565642803907394,0.1688537746667862,0.38596460223197937,-0.04294013977050781,0.2945091426372528,0.5261375904083252,-0.024254489690065384,0.28005287051200867,0.4480140209197998,-0.03850854933261871,0.2698732912540436,0.39389586448669434,-0.0447055958211422,0.2594121992588043,0.34659042954444885,-0.04890752583742142,4
0.7883416414260864,0.9414041638374329,2.594091483842931e-07,0.7761390209197998,0.8595383167266846,-0.015157549642026424,0.7885065078735352,0.769890308380127,-0.02021513693034649,0.799529492855072,0.6988083124160767,-0.024480506777763367,0.8009548783302307,0.6437650322914124,-0.028568731620907784,0.8575208783149719,0.7550241351127625,-0.004773937165737152,0.8878641128540039,0.6910046935081482,-0.012641195207834244,0.9071601629257202,0.65312659740448,-0.02095094881951809,0.9251036643981934,0.6239930391311646,-0.02814059890806675,0.8805119395256042,0.7911718487739563,-0.0071783168241381645,0.9218984246253967,0.7350345253944397,-0.013414156623184681,0.9482421278953552,0.7002105116844177,-0.021859759464859962,0.9701300859451294,0.672217845916748,-0.02904791384935379,0.8932123184204102,0.8369465470314026,-0.012580693699419498,0.9379480481147766,0.7991869449615479,-0.02347114309668541,0.9664303660392761,0.7759276628494263,-0.03381451591849327,0.9909599423408508,0.7530266046524048,-0.041540950536727905,0.89748615026474,0.8885724544525146,-0.019372351467609406,0.9385202527046204,0.8837429881095886,-0.031599920243024826,0.9656563401222229,0.8827625513076782,-0.0385327972471714,0.9905387163162231,0.8792361617088318,-0.04340895637869835,4
0.7884385585784912,0.9447488188743591,2.6547169795776426e-07,0.7756893038749695,0.8640449047088623,-0.015552660450339317,0.7874515652656555,0.7735346555709839,-0.020830029621720314,0.7986634373664856,0.7027515769004822,-0.025110047310590744,0.8005557060241699,0.6484609246253967,-0.02924402244389057,0.8561875820159912,0.7571309208869934,-0.0064059169963002205,0.8870765566825867,0.6940962076187134,-0.014628377743065357,0.906563401222229,0.6567656993865967,-0.022948572412133217,0.9244666695594788,0.6278733015060425,-0.0300771351903677,0.8793734312057495,0.7939510345458984,-0.00858695711940527,0.9212618470191956,0.7387443780899048,-0.015184926800429821,0.9477940201759338,0.7040770649909973,-0.02371460758149624,0.9698188900947571,0.6761714816093445,-0.030917856842279434,0.8921356201171875,0.8401394486427307,-0.013686465099453926,0.937301754951477,0.8033352494239807,-0.024962784722447395,0.9660924077033997,0.7801955938339233,-0.03562012314796448,0.9906110763549805,0.7578257322311401,-0.04352026805281639,0.8963219523429871,0.8919508457183838,-0.02013552188873291,0.9370208978652954,0.8879985809326172,-0.03281538188457489,0.9639603495597839,0.8873893022537231,-0.04009368270635605,0.9885296821594238,0.8844269514083862,-0.045151736587285995,4
0.7856005430221558,0.9451802968978882,2.6902401373263274e-07,0.7728238105773926,0.8637990951538086,-0.01519839558750391,0.7847267389297485,0.7745338678359985,-0.020557954907417297,0.7959805727005005,0.7042046785354614,-0.025116344913840294,0.7975503206253052,0.6495439410209656,-0.02952444925904274,0.8546662926673889,0.7588865756988525,-0.005757024511694908,0.8858567476272583,0.6953333616256714,-0.013670267537236214,0.9054613709449768,0.6580244302749634,-0.021806111559271812,0.9233774542808533,0.6292109489440918,-0.028869139030575752,0.877639889717102,0.7957313656806946,-0.008344077505171299,0.9198947548866272,0.7404087781906128,-0.01487642340362072,0.9467355608940125,0.7056165933609009,-0.023453103378415108,0.9687834978103638,0.6778735518455505,-0.03072785586118698,0.8901766538619995,0.8416005373001099,-0.013858319260179996,0.9357831478118896,0.8039968013763428,-0.02510596439242363,0.9647379517555237,0.7807953953742981,-0.03581330180168152,0.989395797252655,0.7584061026573181,-0.04381537809967995,0.8942933678627014,0.8930795192718506,-0.020720895379781723,0.9354829788208008,0.8894957900047302,-0.033452507108449936,0.9628345370292664,0.888859212398529,-0.04083361476659775,0.9876328110694885,0.885847806930542,-0.04600628837943077,4
0.7809023261070251,0.9470779299736023,2.7456394491309766e-07,0.76714688539505,0.8653732538223267,-0.01550736278295517,0.7797142267227173,0.7750197649002075,-0.020831095054745674,0.7917335033416748,0.7049155831336975,-0.025270916521549225,0.7918288707733154,0.6500228643417358,-0.029671737924218178,0.8495141863822937,0.7598630785942078,-0.006145824678242207,0.8805496096611023,0.6958221197128296,-0.01398951094597578,0.9003745317459106,0.6584868431091309,-0.022093983367085457,0.9185077548027039,0.6299130916595459,-0.02910621464252472,0.8733333349227905,0.7970874309539795,-0.008710886351764202,0.9162212610244751,0.741989254951477,-0.015145896933972836,0.943747341632843,0.7066271901130676,-0.023885130882263184,0.9661774039268494,0.6785337924957275,-0.03131384402513504,0.8861884474754333,0.8428864479064941,-0.014173908159136772,0.9323139190673828,0.8059839606285095,-0.025484658777713776,0.9614588618278503,0.7830209136009216,-0.03629924729466438,0.9858760833740234,0.7609301209449768,-0.04433204606175423,0.8902665376663208,0.8939473032951355,-0.020983628928661346,0.9318889379501343,0.8899534940719604,-0.033727578818798065,0.9593017101287842,0.8898943066596985,-0.040880799293518066,0.9836114048957825,0.8875864148139954,-0.04585234820842743,4
0.7766087651252747,0.9487464427947998,2.734126951509097e-07,0.7621084451675415,0.865953803062439,-0.015229010954499245,0.7737111449241638,0.7734001874923706,-0.02035737782716751,0.7855877876281738,0.7032750844955444,-0.02463044784963131,0.7859415411949158,0.6480916738510132,-0.02884555608034134,0.844810426235199,0.7587175369262695,-0.006642041727900505,0.8763980865478516,0.6947245001792908,-0.014369193464517593,0.8964429497718811,0.6578237414360046,-0.02219037339091301,0.9147191047668457,0.6292362213134766,-0.02903718128800392,0.8687845468521118,0.7959315776824951,-0.009357089176774025,0.9115315079689026,0.7408891320228577,-0.01576285809278488,0.9387861490249634,0.7059411406517029,-0.02441895566880703,0.96142578125,0.6779488921165466,-0.03181373327970505,0.8817054629325867,0.8420373201370239,-0.014890998601913452,0.9278563261032104,0.8055325746536255,-0.026447419077157974,0.9571436047554016,0.7832424640655518,-0.03756377100944519,0.9820474982261658,0.7615798115730286,-0.045789286494255066,0.8857179880142212,0.8938908576965332,-0.021698065102100372,0.9277340173721313,0.8907911777496338,-0.03488338366150856,0.9555051326751709,0.8912525773048401,-0.04243704676628113,0.9804574251174927,0.8892189264297485,-0.04765141010284424,4
0.7730822563171387,0.9462305307388306,2.8369612437018077e-07,0.7582855820655823,0.8626720905303955,-0.016355782747268677,0.768558144569397,0.7722346782684326,-0.022848455235362053,0.7796761393547058,0.7027722001075745,-0.028283560648560524,0.7811917066574097,0.6461886763572693,-0.03359367325901985,0.8403749465942383,0.7556837797164917,-0.008783342316746712,0.871761679649353,0.6922811269760132,-0.017557675018906593,0.8916006684303284,0.6552270650863647,-0.02617284283041954,0.9101330041885376,0.6263217926025391,-0.03358016535639763,0.8646349906921387,0.7931122183799744,-0.011351214721798897,0.9070367813110352,0.7378333806991577,-0.018657123669981956,0.9345279335975647,0.7028799057006836,-0.027923692017793655,0.9580909013748169,0.6748454570770264,-0.03579777851700783,0.8777899146080017,0.839631974697113,-0.01676669344305992,0.9237297177314758,0.8024725317955017,-0.02916940301656723,0.9534726738929749,0.779865026473999,-0.040667977184057236,0.9791550636291504,0.7578095197677612,-0.04916926845908165,0.8820812702178955,0.8921031951904297,-0.023507043719291687,0.9238741993904114,0.8888590335845947,-0.0375983752310276,0.951862096786499,0.8891314268112183,-0.04551096633076668,0.9772531986236572,0.8871133923530579,-0.050909578800201416,4
0.7707685232162476,0.9445044994354248,2.8891838610434206e-07,0.7560645341873169,0.8606511950492859,-0.016775550320744514,0.7656001448631287,0.7700756788253784,-0.023620806634426117,0.7763422727584839,0.6999377012252808,-0.029332652688026428,0.7783635854721069,0.6430555582046509,-0.034911319613456726,0.8371070623397827,0.7549313306808472,-0.00969496089965105,0.8687493205070496,0.6910752058029175,-0.018966495990753174,0.8885037302970886,0.6534152626991272,-0.027849586680531502,0.9073353409767151,0.6236110925674438,-0.03541667014360428,0.8611656427383423,0.7921484112739563,-0.012167115695774555,0.9038797616958618,0.7350293397903442,-0.01989082060754299,0.9313337206840515,0.6990469694137573,-0.029284466058015823,0.9548451900482178,0.6700230240821838,-0.03726615011692047,0.8742907047271729,0.8384861946105957,-0.017522193491458893,0.9207288026809692,0.8007647395133972,-0.03024124540388584,0.9505363702774048,0.7773692607879639,-0.04181463643908501,0.9762024879455566,0.7542495727539062,-0.05035433918237686,0.8788217306137085,0.8908484578132629,-0.024230875074863434,0.9217120409011841,0.8872179985046387,-0.03844685107469559,0.9501746892929077,0.8870655298233032,-0.0464748814702034,0.9760249853134155,0.8839138746261597,-0.05203117057681084,4
0.7681726813316345,0.9430347681045532,2.8950262276339345e-07,0.7544640898704529,0.8594462871551514,-0.016563579440116882,0.7646747827529907,0.7687544822692871,-0.023478945717215538,0.7749786972999573,0.6985231637954712,-0.02924947813153267,0.776576578617096,0.6410789489746094,-0.034833863377571106,0.8360409736633301,0.7511627078056335,-0.009296483360230923,0.8676578998565674,0.6879183053970337,-0.018655484542250633,0.8873574137687683,0.6504819393157959,-0.027732130140066147,0.9060126543045044,0.6207415461540222,-0.03542480245232582,0.8602578639984131,0.788593053817749,-0.011841543950140476,0.9028182029724121,0.7329872250556946,-0.019454950466752052,0.9301407933235168,0.6976878046989441,-0.02883264794945717,0.9535881876945496,0.6687715649604797,-0.03675541654229164,0.87330162525177,0.8353034853935242,-0.01725313998758793,0.9194585084915161,0.7982299327850342,-0.02971542254090309,0.9494855999946594,0.775347888469696,-0.04099509119987488,0.9753900766372681,0.7525378465652466,-0.04936081916093826,0.877449095249176,0.8880994915962219,-0.02402419038116932,0.9194988012313843,0.8849104642868042,-0.03790611773729324,0.9475175738334656,0.8846169114112854,-0.04555727541446686,0.9731040596961975,0.8811817765235901,-0.0508110411465168,4
0.7649242281913757,0.9406781196594238,2.9090293196532e-07,0.7510793209075928,0.8576995134353638,-0.017198432236909866,0.7607914805412292,0.7671751379966736,-0.024956658482551575,0.7707592844963074,0.6961724162101746,-0.03147250786423683,0.7725778818130493,0.6372086405754089,-0.0378614142537117,0.8330113887786865,0.7497425675392151,-0.0113172996789217,0.864413857460022,0.6857323050498962,-0.02153339982032776,0.8843335509300232,0.6481844186782837,-0.03102339804172516,0.9033462405204773,0.6190226078033447,-0.03893033415079117,0.857221245765686,0.7871907949447632,-0.013925404287874699,0.8998960256576538,0.7298192381858826,-0.022427525371313095,0.9276455640792847,0.6945099234580994,-0.03210217133164406,0.9514341950416565,0.6663249731063843,-0.040160417556762695,0.8703219294548035,0.8344429731369019,-0.019374417141079903,0.9166401028633118,0.7971030473709106,-0.0325821153819561,0.9467507600784302,0.7737469673156738,-0.043962568044662476,0.9727292060852051,0.7505335211753845,-0.05231975018978119,0.874502956867218,0.8878811597824097,-0.026186678558588028,0.9170705676078796,0.8839402794837952,-0.040538638830184937,0.9454216957092285,0.8831717371940613,-0.04824552312493324,0.971177875995636,0.8790700435638428,-0.053525056689977646,4
0.7634621262550354,0.9440169930458069,2.868005424261355e-07,0.7487587332725525,0.8595086932182312,-0.01715368777513504,0.7583603858947754,0.76716548204422,-0.0242565106600523,0.7682974934577942,0.6938419342041016,-0.030152248218655586,0.7698525786399841,0.6339477300643921,-0.03582650050520897,0.8305948376655579,0.7503984570503235,-0.009386545978486538,0.8624704480171204,0.6859546899795532,-0.01867053098976612,0.882506787776947,0.6477223634719849,-0.027712382376194,0.9012433290481567,0.6176660656929016,-0.03541681542992592,0.8548906445503235,0.7874436378479004,-0.011728864163160324,0.8980604410171509,0.7303260564804077,-0.019350696355104446,0.9256547093391418,0.6940065622329712,-0.028748920187354088,0.9489985704421997,0.6645668745040894,-0.03668541461229324,0.8681145906448364,0.83415687084198,-0.017024829983711243,0.9147294759750366,0.7961721420288086,-0.02956405282020569,0.9450164437294006,0.7728440165519714,-0.04101158306002617,0.9711394309997559,0.7496665120124817,-0.04949604719877243,0.872432291507721,0.8870944380760193,-0.023725297302007675,0.914418637752533,0.8836402893066406,-0.03773555904626846,0.9423018097877502,0.8833189606666565,-0.0455675944685936,0.967710018157959,0.879938542842865,-0.05097416043281555,4
0.7622549533843994,0.943181574344635,2.87462114556547e-07,0.7479420900344849,0.8606850504875183,-0.01759231835603714,0.7574357986450195,0.7694204449653625,-0.025316083803772926,0.7675290703773499,0.6960269212722778,-0.03171462565660477,0.7691402435302734,0.6357166767120361,-0.03787621110677719,0.8296349048614502,0.7505765557289124,-0.010870211757719517,0.8615688681602478,0.6856458783149719,-0.020696058869361877,0.8812222480773926,0.6471904516220093,-0.02992962673306465,0.8998056650161743,0.6171658039093018,-0.037719354033470154,0.8539251685142517,0.7880999445915222,-0.013108027167618275,0.8968591690063477,0.7302404046058655,-0.02132362313568592,0.9242628812789917,0.694294810295105,-0.03091900423169136,0.9477678537368774,0.6652624011039734,-0.038993317633867264,0.8672954440116882,0.8351772427558899,-0.01825309358537197,0.914368212223053,0.7971553206443787,-0.031214624643325806,0.9446122050285339,0.7736647725105286,-0.04253034666180611,0.9707244634628296,0.7502976655960083,-0.0509178452193737,0.8717638254165649,0.8884990811347961,-0.02480274997651577,0.91463702917099,0.8848341107368469,-0.03904133662581444,0.9429020285606384,0.883866548538208,-0.0468316487967968,0.96857088804245,0.8794386982917786,-0.05220446735620499,4
0.7613803744316101,0.9432651400566101,2.9010905677751e-07,0.7472913861274719,0.8605014085769653,-0.016986427828669548,0.7569114565849304,0.7688512802124023,-0.024209532886743546,0.7671501040458679,0.6957947611808777,-0.03021220676600933,0.7687754034996033,0.6364076137542725,-0.03602246567606926,0.8290888071060181,0.7512783408164978,-0.010102640837430954,0.8610760569572449,0.6867726445198059,-0.019489698112010956,0.8809394836425781,0.6486286520957947,-0.028440050780773163,0.8997731804847717,0.6187264323234558,-0.036101143807172775,0.8530763387680054,0.7886056303977966,-0.012544235214591026,0.8963305950164795,0.7305481433868408,-0.020448744297027588,0.9240913391113281,0.6947467923164368,-0.029881328344345093,0.9478851556777954,0.6659112572669983,-0.03785549849271774,0.8662495613098145,0.8356457352638245,-0.017849372699856758,0.9132831692695618,0.7979481220245361,-0.030722344294190407,0.9438947439193726,0.7743736505508423,-0.04224047809839249,0.9703702926635742,0.750950813293457,-0.050753187388181686,0.8707627654075623,0.8889987468719482,-0.02449347823858261,0.9139461517333984,0.8854087591171265,-0.038743697106838226,0.94256591796875,0.8850510716438293,-0.046671751886606216,0.968607485294342,0.8812580704689026,-0.052172426134347916,4
0.7603648900985718,0.9440305233001709,2.95801669381035e-07,0.7461078763008118,0.8613569736480713,-0.017739590257406235,0.7557482123374939,0.769064724445343,-0.02565249241888523,0.7660868763923645,0.6950954794883728,-0.03219456598162651,0.7680972218513489,0.6343222260475159,-0.03848373517394066,0.8282910585403442,0.7500721216201782,-0.01125805638730526,0.8604421019554138,0.6856388449668884,-0.02129792422056198,0.8803907036781311,0.647689163684845,-0.030731527134776115,0.8994395732879639,0.6178863644599915,-0.03867977857589722,0.8525763154029846,0.7874735593795776,-0.013546020723879337,0.895809531211853,0.7296354174613953,-0.021904142573475838,0.9234256148338318,0.6938803195953369,-0.031505364924669266,0.9472064971923828,0.6649125814437866,-0.03959761559963226,0.8659205436706543,0.8347595930099487,-0.018751094117760658,0.9130376577377319,0.7972180247306824,-0.03185082972049713,0.9433088898658752,0.7738394141197205,-0.04310058429837227,0.9695464372634888,0.7505344748497009,-0.0514446459710598,0.8703405261039734,0.8883719444274902,-0.02539271116256714,0.9135765433311462,0.8847452998161316,-0.0397714301943779,0.9421068429946899,0.8842945694923401,-0.04755149036645889,0.9681237936019897,0.8802674412727356,-0.05291764810681343,4
0.7590067982673645,0.9423742294311523,2.9500694154194207e-07,0.7446345686912537,0.8597655296325684,-0.017590969800949097,0.7546491622924805,0.7680309414863586,-0.02526857703924179,0.7654218673706055,0.694556713104248,-0.03161662444472313,0.7664900422096252,0.6344993114471436,-0.03782316669821739,0.8267250657081604,0.7502835988998413,-0.011346426792442799,0.8588986992835999,0.686400830745697,-0.021358158439397812,0.8789297342300415,0.6484264135360718,-0.030741779133677483,0.8978946208953857,0.618780255317688,-0.03866414725780487,0.8510687947273254,0.7878418564796448,-0.013677327893674374,0.8947712182998657,0.7301229238510132,-0.022011887282133102,0.922758936882019,0.6943479776382446,-0.03164055570960045,0.9467899799346924,0.6655119061470032,-0.03974444419145584,0.8643383979797363,0.8352691531181335,-0.018865689635276794,0.912055492401123,0.7981217503547668,-0.03184257075190544,0.9424638748168945,0.7746167182922363,-0.04309733584523201,0.9686610698699951,0.7512769103050232,-0.05143747851252556,0.868597149848938,0.889011025428772,-0.025475747883319855,0.911981463432312,0.8859273195266724,-0.03969430550932884,0.9405680298805237,0.8849895000457764,-0.04742741212248802,0.9665501117706299,0.8806537985801697,-0.052768561989068985,4
0.756430983543396,0.9471919536590576,2.939126204637432e-07,0.7410891652107239,0.8635255098342896,-0.017947440966963768,0.7512502074241638,0.7703307867050171,-0.025658171623945236,0.7625350952148438,0.6956253051757812,-0.03199565410614014,0.7633430361747742,0.634300947189331,-0.038206856697797775,0.8235028386116028,0.7521499395370483,-0.011540880426764488,0.8557548522949219,0.6873834729194641,-0.021663011983036995,0.8761429786682129,0.6489880681037903,-0.031127527356147766,0.8952949643135071,0.6192250847816467,-0.03909222409129143,0.8481038212776184,0.7895064949989319,-0.013774305582046509,0.8920974135398865,0.7315908670425415,-0.022244073450565338,0.9202585816383362,0.6954218149185181,-0.03195406123995781,0.9442756175994873,0.6662014722824097,-0.04008982330560684,0.8616183996200562,0.8369108438491821,-0.018906190991401672,0.9094418287277222,0.7993333339691162,-0.032019831240177155,0.9399807453155518,0.7755101323127747,-0.04337908327579498,0.9661410450935364,0.7520830035209656,-0.05179378017783165,0.8659992814064026,0.8907896280288696,-0.025492055341601372,0.9089978933334351,0.8867655992507935,-0.03978597745299339,0.9374673366546631,0.8859068751335144,-0.047527968883514404,0.9630700349807739,0.8820129036903381,-0.05288320407271385,4
0.7527927756309509,0.9463350772857666,2.97365573942443e-07,0.738402783870697,0.8635891079902649,-0.018107132986187935,0.7485569715499878,0.7736619710922241,-0.026461990550160408,0.7592089176177979,0.6997621655464172,-0.03343884274363518,0.7607746124267578,0.6383501291275024,-0.04024972766637802,0.8216069936752319,0.7549468874931335,-0.012261314317584038,0.8543409705162048,0.6904264092445374,-0.02272895723581314,0.8747401237487793,0.6519622802734375,-0.03244379535317421,0.8940845727920532,0.622208833694458,-0.04054829105734825,0.8460151553153992,0.7927866578102112,-0.014615168794989586,0.8901029825210571,0.7347657680511475,-0.023349568247795105,0.9184146523475647,0.6984050869941711,-0.033240366727113724,0.9425424337387085,0.6691136956214905,-0.041471805423498154,0.8590458035469055,0.8407037258148193,-0.01984556019306183,0.9074645042419434,0.803218424320221,-0.03317858651280403,0.9381597638130188,0.780268132686615,-0.04446061700582504,0.9645552039146423,0.7571606636047363,-0.052750516682863235,0.862990140914917,0.8950610160827637,-0.02651718631386757,0.9066581726074219,0.8918552994728088,-0.04104259982705116,0.9353170990943909,0.8910302519798279,-0.048762403428554535,0.9611546993255615,0.886673092842102,-0.05399642884731293,4
0.7487093210220337,0.9545774459838867,2.916430901223066e-07,0.734196126461029,0.8709951639175415,-0.01736411638557911,0.7448163032531738,0.7802587151527405,-0.025108909234404564,0.7557459473609924,0.708063542842865,-0.03165239468216896,0.7581621408462524,0.648232102394104,-0.03813425451517105,0.8172516226768494,0.7647802829742432,-0.011926681734621525,0.8502215147018433,0.7000442743301392,-0.022513682022690773,0.8710888028144836,0.6615811586380005,-0.03220906853675842,0.8904393911361694,0.6319061517715454,-0.04019109904766083,0.841565728187561,0.8037341237068176,-0.01472543552517891,0.8868523240089417,0.7454065084457397,-0.023524126037955284,0.9158377051353455,0.7091661691665649,-0.03357880562543869,0.940384566783905,0.6798683404922485,-0.04182225838303566,0.8546003103256226,0.85212641954422,-0.020321283489465714,0.9037197828292847,0.813984215259552,-0.03383282199501991,0.934995710849762,0.7914199233055115,-0.045410796999931335,0.9615672826766968,0.7691524624824524,-0.053778309375047684,0.8582148551940918,0.9065952897071838,-0.027267267927527428,0.9017491936683655,0.9037789106369019,-0.0419219508767128,0.9303972125053406,0.9040043354034424,-0.04969574138522148,0.9559639096260071,0.9009097218513489,-0.05488845705986023,4
0.741933286190033,0.9593521356582642,3.116635411970492e-07,0.7282886505126953,0.8781225085258484,-0.01891905628144741,0.7386364936828613,0.7903465628623962,-0.028131509199738503,0.7496353983879089,0.7194912433624268,-0.03588029742240906,0.7515227794647217,0.660551905632019,-0.043674394488334656,0.8114232420921326,0.7750789523124695,-0.016051530838012695,0.8448826670646667,0.7107591032981873,-0.02819552645087242,0.86652010679245,0.6719448566436768,-0.03868843615055084,0.8869464993476868,0.6422594785690308,-0.047114938497543335,0.8358368873596191,0.8140496015548706,-0.018386360257864,0.8817654848098755,0.7580760717391968,-0.028650479391217232,0.9115015268325806,0.7220656871795654,-0.03925283998250961,0.9371906518936157,0.6925413608551025,-0.047828368842601776,0.8485035300254822,0.8627804517745972,-0.023449048399925232,0.8981934189796448,0.8271536827087402,-0.03817395493388176,0.9300997853279114,0.8056889772415161,-0.05003805831074715,0.9575044512748718,0.7841523289680481,-0.05841110646724701,0.851567804813385,0.9174593091011047,-0.029929103329777718,0.8965756297111511,0.9164958596229553,-0.04539715498685837,0.9261246919631958,0.9179596304893494,-0.05342180281877518,0.9524497985839844,0.915995717048645,-0.05867236480116844,4
0.7406322956085205,0.9662793874740601,3.0653077942588425e-07,0.7253133058547974,0.8837869167327881,-0.01788059063255787,0.7348122596740723,0.7930927872657776,-0.026131007820367813,0.7457201480865479,0.7222270965576172,-0.033109091222286224,0.7463191747665405,0.665382444858551,-0.040295667946338654,0.8084203600883484,0.7792717218399048,-0.015108435414731503,0.8423623442649841,0.714622437953949,-0.026532594114542007,0.8638948798179626,0.6761948466300964,-0.036552198231220245,0.8842153549194336,0.6464362144470215,-0.04482630267739296,0.8328258991241455,0.8180927634239197,-0.017828363925218582,0.8789883255958557,0.7612840533256531,-0.02768688276410103,0.9085396528244019,0.7256816625595093,-0.03806465491652489,0.9341821670532227,0.6965736746788025,-0.046634700149297714,0.8454488515853882,0.8659960627555847,-0.023211488500237465,0.8958376049995422,0.8305349946022034,-0.03772854804992676,0.9276994466781616,0.8089372515678406,-0.04992207512259483,0.9553314447402954,0.7871922254562378,-0.058730147778987885,0.848669171333313,0.9201676845550537,-0.029922688379883766,0.8940586447715759,0.9210761785507202,-0.04557494446635246,0.9240882396697998,0.9229528307914734,-0.05416436120867729,0.9513254165649414,0.9209456443786621,-0.06000586599111557,4
0.738126277923584,0.9660043716430664,3.1701793545835244e-07,0.7231602668762207,0.884674608707428,-0.02007499523460865,0.7323218584060669,0.7948013544082642,-0.029313404113054276,0.7430316805839539,0.7233303189277649,-0.03683618828654289,0.7442490458488464,0.665224552154541,-0.04444895312190056,0.8060470819473267,0.7807005643844604,-0.017477070912718773,0.8402082324028015,0.716083824634552,-0.02963205985724926,0.8619892001152039,0.6771863698959351,-0.04000641033053398,0.8828356266021729,0.6469355821609497,-0.04852883145213127,0.8309758305549622,0.8193660378456116,-0.019270772114396095,0.87688148021698,0.762610673904419,-0.02984727919101715,0.9066903591156006,0.726530134677887,-0.04053294658660889,0.9327727556228638,0.6969887018203735,-0.04935741424560547,0.8438392877578735,0.8674558401107788,-0.023888861760497093,0.8935224413871765,0.8330845832824707,-0.0390399768948555,0.9252045750617981,0.811338484287262,-0.05146944895386696,0.9529855847358704,0.7892021536827087,-0.060402147471904755,0.8472945690155029,0.9217276573181152,-0.030025579035282135,0.8923442363739014,0.9223226308822632,-0.046205464750528336,0.922165036201477,0.9241319894790649,-0.05511809140443802,0.9494082927703857,0.9219443202018738,-0.06119590252637863,4
0.7112551927566528,0.45497041940689087,2.947003565623163e-07,0.6891328692436218,0.3699547052383423,-0.012308391742408276,0.6960341930389404,0.26936811208724976,-0.013999780640006065,0.7059568166732788,0.1969025880098343,-0.015448923222720623,0.7045111656188965,0.1440487802028656,-0.017062289640307426,0.7712540030479431,0.2408607453107834,-0.00024078543356154114,0.8011553883552551,0.17503505945205688,-0.006149366497993469,0.8208239078521729,0.13589417934417725,-0.01327567920088768,0.8385263085365295,0.10470376908779144,-0.019887924194335938,0.79742830991745,0.27219071984291077,-0.0038433209992945194,0.8424264788627625,0.21156638860702515,-0.008716673590242863,0.8707204461097717,0.17360466718673706,-0.016531620174646378,0.8934051990509033,0.14451561868190765,-0.02337413839995861,0.8126229047775269,0.3136969208717346,-0.010421624407172203,0.8607250452041626,0.26948022842407227,-0.020907087251544,0.8905630111694336,0.24218332767486572,-0.03151990845799446,0.9154086112976074,0.2181241512298584,-0.03952258080244064,0.8189409971237183,0.36289405822753906,-0.018235595896840096,0.8626217842102051,0.35235393047332764,-0.031240634620189667,0.891849160194397,0.3463457524776459,-0.039052315056324005,0.9177625179290771,0.3394601345062256,-0.04457451403141022,4
0.7127498984336853,0.45998063683509827,3.023678800673224e-07,0.6901462078094482,0.3743872046470642,-0.012996392324566841,0.6975305676460266,0.2737603187561035,-0.014630822464823723,0.7081245183944702,0.20161335170269012,-0.015868768095970154,0.7074223756790161,0.14855827391147614,-0.017196035012602806,0.7741807699203491,0.2448357790708542,0.00035955398925580084,0.8045672178268433,0.1794954240322113,-0.004905999172478914,0.8240814805030823,0.14052584767341614,-0.011807234957814217,0.841815710067749,0.10921825468540192,-0.018413908779621124,0.7999773621559143,0.2771282494068146,-0.002930199494585395,0.8452518582344055,0.21702829003334045,-0.007147973403334618,0.8740740418434143,0.17915615439414978,-0.014739453792572021,0.8973500728607178,0.15061251819133759,-0.021596375852823257,0.8146561980247498,0.3193344175815582,-0.009391652420163155,0.8626860976219177,0.2758531868457794,-0.01938740350306034,0.8928158283233643,0.24818570911884308,-0.030177075415849686,0.9182087779045105,0.2237066924571991,-0.038547273725271225,0.8207926750183105,0.36886122822761536,-0.017223622649908066,0.8639158606529236,0.35899490118026733,-0.030111506581306458,0.8925397992134094,0.35344117879867554,-0.03823911398649216,0.918178915977478,0.3468557298183441,-0.04416116699576378,4
0.7139149308204651,0.46093419194221497,3.030568223039154e-07,0.6910505294799805,0.37517255544662476,-0.012981729581952095,0.6986117959022522,0.27466145157814026,-0.014584066346287727,0.709462583065033,0.2026190310716629,-0.015763066709041595,0.7084218263626099,0.14923638105392456,-0.017061777412891388,0.7749184370040894,0.24564889073371887,0.00023061629326548427,0.8054835796356201,0.18097573518753052,-0.0049951099790632725,0.8249545097351074,0.1421753615140915,-0.011843603104352951,0.8427841663360596,0.11083878576755524,-0.018439915031194687,0.8008456826210022,0.27788305282592773,-0.0030387695878744125,0.8463489413261414,0.21828889846801758,-0.00725637236610055,0.8753713965415955,0.18085245788097382,-0.014774271287024021,0.8988776803016663,0.15276217460632324,-0.021598361432552338,0.8155059218406677,0.32002055644989014,-0.009463213384151459,0.8635838031768799,0.277351051568985,-0.019484156742691994,0.8937139511108398,0.249800905585289,-0.03021129220724106,0.9191948771476746,0.22520491480827332,-0.0385555624961853,0.821654200553894,0.369294673204422,-0.017255887389183044,0.8648534417152405,0.3593490719795227,-0.03023824654519558,0.8933810591697693,0.3539614677429199,-0.038337383419275284,0.918984055519104,0.3473266661167145,-0.04424455016851425,4
0.7137144804000854,0.46179139614105225,3.0194894407031825e-07,0.6910349726676941,0.37638890743255615,-0.013158310204744339,0.6987242698669434,0.27580726146698,-0.014726321212947369,0.7094277739524841,0.20353016257286072,-0.01585758663713932,0.7086274027824402,0.15002521872520447,-0.01706319861114025,0.7750920057296753,0.24612294137477875,0.0004579387023113668,0.805674135684967,0.1817101240158081,-0.004673992749303579,0.8251534104347229,0.14319610595703125,-0.011507699266076088,0.8430374264717102,0.11214320361614227,-0.018123963847756386,0.800949215888977,0.27863240242004395,-0.002752766478806734,0.8462252616882324,0.219091534614563,-0.006885327864438295,0.8751431703567505,0.18164017796516418,-0.014364761300384998,0.8986701965332031,0.15353165566921234,-0.02119852788746357,0.8155342936515808,0.32097128033638,-0.009190075099468231,0.8635120391845703,0.2782330811023712,-0.019243577495217323,0.8936112523078918,0.25078487396240234,-0.030083343386650085,0.9192370772361755,0.22626066207885742,-0.03853569179773331,0.8216402530670166,0.3704540729522705,-0.017023561522364616,0.8649481534957886,0.3606204390525818,-0.030182257294654846,0.8936892747879028,0.35543394088745117,-0.03852881118655205,0.9197195172309875,0.3488151729106903,-0.04463789984583855,4
0.7140640616416931,0.4620088040828705,3.024009913588088e-07,0.6915087699890137,0.3769630789756775,-0.013102850876748562,0.699274480342865,0.27652421593666077,-0.014787286520004272,0.7098687291145325,0.2046492099761963,-0.016020944342017174,0.7089346051216125,0.15137939155101776,-0.017425427213311195,0.7755103707313538,0.2474270761013031,-3.907041173079051e-05,0.8061689734458923,0.18353962898254395,-0.00544015085324645,0.8258597254753113,0.14512798190116882,-0.012493723072111607,0.8437818288803101,0.11405178904533386,-0.01923699490725994,0.8012461066246033,0.27995380759239197,-0.003351026913151145,0.8468250632286072,0.22060436010360718,-0.007730007637292147,0.8759156465530396,0.1831766664981842,-0.015465471893548965,0.8995353579521179,0.15477657318115234,-0.022477859631180763,0.8155919313430786,0.32235193252563477,-0.009816835634410381,0.8639842867851257,0.2798698842525482,-0.020109497010707855,0.8942632675170898,0.25271522998809814,-0.031049015000462532,0.9199512600898743,0.22814702987670898,-0.03953513503074646,0.8213124871253967,0.37183821201324463,-0.017628857865929604,0.8648908138275146,0.3616609573364258,-0.030988460406661034,0.8936663866043091,0.35695138573646545,-0.03926710784435272,0.9195772409439087,0.3507286012172699,-0.045286282896995544,4
0.7142479419708252,0.4624929428100586,3.0074156143200526e-07,0.6921060085296631,0.37650907039642334,-0.012497815303504467,0.7003771662712097,0.2763565182685852,-0.013787070289254189,0.7115834951400757,0.20437771081924438,-0.014759299345314503,0.7107155919075012,0.15135517716407776,-0.015890322625637054,0.7765339016914368,0.24826648831367493,0.0009539325255900621,0.8077329397201538,0.1842731535434723,-0.004030139651149511,0.8276606202125549,0.14612050354480743,-0.010712672956287861,0.8457878232002258,0.1154433935880661,-0.017207372933626175,0.8021514415740967,0.28069785237312317,-0.0024195227306336164,0.8480130434036255,0.22230200469493866,-0.0064983852207660675,0.8769853115081787,0.18552294373512268,-0.014002819545567036,0.9004160165786743,0.1577029973268509,-0.020851217210292816,0.8165085911750793,0.32283779978752136,-0.008917201310396194,0.8652002811431885,0.28120502829551697,-0.018896030262112617,0.8954260945320129,0.2544591724872589,-0.02966291457414627,0.9209483861923218,0.23061639070510864,-0.03804946318268776,0.8222801685333252,0.3722136914730072,-0.0167302917689085,0.8662171363830566,0.36335867643356323,-0.02983776293694973,0.8953559994697571,0.3588489592075348,-0.03811890259385109,0.9215126633644104,0.3530356287956238,-0.04414542019367218,4
0.7137271761894226,0.46389418840408325,2.988335836562328e-07,0.6923279166221619,0.37812262773513794,-0.011589071713387966,0.700960099697113,0.2774514853954315,-0.012516486458480358,0.7120700478553772,0.20563635230064392,-0.013257019221782684,0.7113773822784424,0.1529867947101593,-0.014137573540210724,0.7779082655906677,0.24980279803276062,0.0014985062880441546,0.8092187643051147,0.18617209792137146,-0.0030476017855107784,0.8290059566497803,0.1481236219406128,-0.009419157169759274,0.8469138741493225,0.11761756241321564,-0.015714524313807487,0.8031026721000671,0.28251031041145325,-0.0023277634754776955,0.8494369387626648,0.2239886224269867,-0.005979898851364851,0.8787155747413635,0.18723711371421814,-0.013178627006709576,0.9021507501602173,0.15953779220581055,-0.019825920462608337,0.8171483874320984,0.3250197172164917,-0.00919120479375124,0.8662699460983276,0.2839110493659973,-0.018898434937000275,0.8968082666397095,0.2578011453151703,-0.029610607773065567,0.922330379486084,0.23425456881523132,-0.037955284118652344,0.8227160573005676,0.37455132603645325,-0.01727779023349285,0.8675421476364136,0.36612197756767273,-0.03018241934478283,0.8971239328384399,0.36214736104011536,-0.03840100020170212,0.9234881401062012,0.35675370693206787,-0.04439995065331459,4
0.7145715951919556,0.4672386646270752,2.964614509437524e-07,0.6931326985359192,0.3821164071559906,-0.012353600934147835,0.701933741569519,0.28171640634536743,-0.013727664947509766,0.712955892086029,0.2094772756099701,-0.014805860817432404,0.7119994163513184,0.15629473328590393,-0.016057465225458145,0.7789970636367798,0.25392967462539673,0.00061068992363289,0.8103160262107849,0.19017267227172852,-0.004338699858635664,0.8303060531616211,0.15198519825935364,-0.011001509614288807,0.8484048247337341,0.12165163457393646,-0.017485737800598145,0.8044505715370178,0.2865029573440552,-0.0029787381645292044,0.8507437705993652,0.2278394103050232,-0.006930558010935783,0.88006192445755,0.19100543856620789,-0.014248945750296116,0.903632402420044,0.16358380019664764,-0.020967798307538033,0.8185623288154602,0.32908761501312256,-0.009658755734562874,0.8680266737937927,0.2877102196216583,-0.019617795944213867,0.8986654281616211,0.2618376910686493,-0.030354518443346024,0.9244245290756226,0.2386905401945114,-0.038724567741155624,0.8238332867622375,0.37891674041748047,-0.017628345638513565,0.8680834770202637,0.3706774413585663,-0.03082643821835518,0.8972151279449463,0.36725008487701416,-0.0390523225069046,0.9231923222541809,0.36247026920318604,-0.045019958168268204,4
0.7157197594642639,0.46785062551498413,2.919643691257079e-07,0.6942519545555115,0.38253194093704224,-0.012463671155273914,0.7031663656234741,0.28273820877075195,-0.013978011906147003,0.7147130966186523,0.21073439717292786,-0.015145349316298962,0.7141662836074829,0.15724188089370728,-0.0166135523468256,0.7799323797225952,0.25562334060668945,-0.00015703553799539804,0.8114601373672485,0.1913621723651886,-0.00541134225204587,0.831585705280304,0.1527717411518097,-0.01216663233935833,0.8497705459594727,0.12209826707839966,-0.018651526421308517,0.8054141998291016,0.2880708873271942,-0.0036330102011561394,0.8521712422370911,0.22947269678115845,-0.007897703908383846,0.8815284967422485,0.1928340196609497,-0.015443963930010796,0.9050993919372559,0.16570790112018585,-0.022345243021845818,0.8195006251335144,0.33017033338546753,-0.010135862044990063,0.8692786693572998,0.2893538773059845,-0.020252728834748268,0.8999584317207336,0.2630212903022766,-0.031288325786590576,0.9255973696708679,0.23983046412467957,-0.03991146758198738,0.8248420357704163,0.37934622168540955,-0.017893649637699127,0.8691034913063049,0.37110185623168945,-0.03107190504670143,0.8981833457946777,0.36796024441719055,-0.03940995782613754,0.9239298105239868,0.3637238144874573,-0.04552392661571503,4
0.7169804573059082,0.4676843285560608,3.0236651582526974e-07,0.6951921582221985,0.38158032298088074,-0.012989556416869164,0.703887939453125,0.281156986951828,-0.014435476623475552,0.7149924039840698,0.20899200439453125,-0.015410706400871277,0.7150619626045227,0.15583816170692444,-0.016493244096636772,0.7806380987167358,0.2543690800666809,0.0002671132970135659,0.8122873306274414,0.190395325422287,-0.004802583251148462,0.8325291872024536,0.1524384766817093,-0.011448776349425316,0.850922703742981,0.1222495585680008,-0.01785142719745636,0.806225061416626,0.28732752799987793,-0.0029233614914119244,0.852942943572998,0.22882768511772156,-0.006899685133248568,0.8824809193611145,0.1923365294933319,-0.014133711345493793,0.9061259031295776,0.165521502494812,-0.020776545628905296,0.8203191161155701,0.3298274874687195,-0.009299607016146183,0.8698691725730896,0.2891262471675873,-0.01915893144905567,0.9005610942840576,0.26292720437049866,-0.029939522966742516,0.9263461828231812,0.239775151014328,-0.038369838148355484,0.8256481885910034,0.3792254328727722,-0.017034661024808884,0.8695176243782043,0.3712759017944336,-0.03019167296588421,0.8985063433647156,0.367474764585495,-0.038579996675252914,0.9245059490203857,0.36233094334602356,-0.0446990504860878,4
0.6381523013114929,0.6007053852081299,1.4758563793293433e-07,0.6264129281044006,0.5573230385780334,-0.00699956389144063,0.6273072361946106,0.5039005279541016,-0.00862452108412981,0.628672182559967,0.4636380970478058,-0.01006309874355793,0.6250996589660645,0.43429723381996155,-0.011443871073424816,0.6633617281913757,0.4852120280265808,-0.0007134703919291496,0.674662709236145,0.44544216990470886,-0.0038440031930804253,0.6825911402702332,0.42222362756729126,-0.0074531869031488895,0.6899040341377258,0.40442049503326416,-0.010733850300312042,0.6780256628990173,0.5005993843078613,-0.0022279012482613325,0.6973945498466492,0.4645267128944397,-0.0045843408443033695,0.7097982168197632,0.44362393021583557,-0.008586990647017956,0.719933271408081,0.42811423540115356,-0.011925666593015194,0.6876164674758911,0.5228068232536316,-0.0052507296204566956,0.7094777226448059,0.49704498052597046,-0.010673867538571358,0.7232745289802551,0.4819219708442688,-0.016285661607980728,0.7346622943878174,0.46858975291252136,-0.02034047618508339,0.692539393901825,0.5497534871101379,-0.008894857950508595,0.7132793068885803,0.5440895557403564,-0.01537590567022562,0.7273464202880859,0.5407415628433228,-0.01921766623854637,0.7399789094924927,0.536758542060852,-0.021786246448755264,4
0.6383671164512634,0.6032426953315735,1.4289237526554643e-07,0.6267731189727783,0.5604344010353088,-0.006999134086072445,0.6280180811882019,0.5067528486251831,-0.008511535823345184,0.6294963359832764,0.46610355377197266,-0.009896845556795597,0.6253889799118042,0.437093049287796,-0.011167962104082108,0.6640225052833557,0.48716485500335693,0.00019078906916547567,0.6754661202430725,0.44813072681427,-0.0027859769761562347,0.6834908723831177,0.4252164363861084,-0.006386568304151297,0.6907361149787903,0.4079451560974121,-0.009667900390923023,0.6788104176521301,0.5024944543838501,-0.0013333589304238558,0.6979727149009705,0.46622174978256226,-0.003643957432359457,0.7102701663970947,0.4453050196170807,-0.007654991000890732,0.7201424241065979,0.43025124073028564,-0.010969678871333599,0.6885697841644287,0.5248193144798279,-0.004435121547430754,0.7101706862449646,0.49861153960227966,-0.009813114069402218,0.7237569093704224,0.4835691452026367,-0.015238095074892044,0.7348617911338806,0.47065210342407227,-0.019139515236020088,0.6936565041542053,0.5521398782730103,-0.008200475946068764,0.7143233418464661,0.5463318824768066,-0.014614170417189598,0.7284182906150818,0.5427785515785217,-0.018386829644441605,0.7410885095596313,0.5388335585594177,-0.020889677107334137,4
0.6394945979118347,0.6071615219116211,1.4613010534958448e-07,0.6276064515113831,0.5639438033103943,-0.0072630951181054115,0.6281585097312927,0.5098897218704224,-0.00888888631016016,0.6291428208351135,0.468850702047348,-0.010312029160559177,0.6249378323554993,0.4396735429763794,-0.011582156643271446,0.663950502872467,0.4906572103500366,-6.901253800606355e-05,0.6751159429550171,0.45099204778671265,-0.0029758017044514418,0.6829681992530823,0.42821240425109863,-0.006503981538116932,0.6902361512184143,0.4110431373119354,-0.009721738286316395,0.6788065433502197,0.5061261653900146,-0.0013595829950645566,0.6976296901702881,0.46994268894195557,-0.0035223024897277355,0.7099005579948425,0.44930559396743774,-0.007460982073098421,0.7200681567192078,0.43445885181427,-0.010758268646895885,0.688633143901825,0.528411328792572,-0.004235835745930672,0.7095831036567688,0.5022417306900024,-0.009438246488571167,0.7229698896408081,0.4877699315547943,-0.014745495282113552,0.7341139912605286,0.47541123628616333,-0.018562594428658485,0.6939161419868469,0.5554664134979248,-0.007800108753144741,0.7139353156089783,0.5486371517181396,-0.013993714936077595,0.7276031374931335,0.5451808571815491,-0.017587173730134964,0.7399827241897583,0.5413028001785278,-0.01996615342795849,4
0.6395955681800842,0.6087981462478638,1.4807122283855279e-07,0.628020703792572,0.5655530691146851,-0.00718248076736927,0.6289024353027344,0.5110363364219666,-0.00862827617675066,0.6298338174819946,0.47010868787765503,-0.009889600798487663,0.6257890462875366,0.44097188115119934,-0.010919377207756042,0.6647313833236694,0.4915054440498352,0.0004907861584797502,0.676292896270752,0.45261138677597046,-0.0021123315673321486,0.6839700937271118,0.4300617575645447,-0.00544785987585783,0.6908895373344421,0.4126501679420471,-0.008575644344091415,0.6793022751808167,0.5070121884346008,-0.0007934400346130133,0.6983370780944824,0.4718168079853058,-0.0027833133935928345,0.7103124856948853,0.4514620900154114,-0.006572792772203684,0.7200072407722473,0.43642285466194153,-0.009746178984642029,0.6889284253120422,0.529181182384491,-0.0036985520273447037,0.7098764777183533,0.5040611028671265,-0.008850992657244205,0.7231178283691406,0.48978960514068604,-0.014152799732983112,0.7340930700302124,0.4773091971874237,-0.01794428750872612,0.6940197944641113,0.5559892058372498,-0.007303826976567507,0.7143568396568298,0.5502793192863464,-0.01361481286585331,0.7283463478088379,0.5474414229393005,-0.017357777804136276,0.7410847544670105,0.5441243052482605,-0.01980695128440857,4
0.6391469240188599,0.6078881025314331,1.4635421052844322e-07,0.6279527544975281,0.564523458480835,-0.007208534982055426,0.6291805505752563,0.5099372267723083,-0.008731369860470295,0.629787802696228,0.4692254364490509,-0.010096114128828049,0.6255791187286377,0.4401218593120575,-0.011235698126256466,0.6643632054328918,0.490874707698822,0.0005057314992882311,0.6753029823303223,0.45183759927749634,-0.0022848891094326973,0.6828734278678894,0.42926114797592163,-0.005684927571564913,0.6897984147071838,0.4120877981185913,-0.008808798156678677,0.6790047883987427,0.5062283873558044,-0.0007875493029132485,0.6974135041236877,0.4710395932197571,-0.0029699753504246473,0.7091916799545288,0.4504224956035614,-0.006887880619615316,0.7188835740089417,0.43512967228889465,-0.010093417018651962,0.6887006163597107,0.5282542705535889,-0.0036999224685132504,0.7091237306594849,0.5027763247489929,-0.008930598385632038,0.7221511006355286,0.4882615804672241,-0.014173694886267185,0.7331097722053528,0.4755586087703705,-0.01788456179201603,0.6937804222106934,0.5549206733703613,-0.007315364200621843,0.7134699821472168,0.5491542816162109,-0.013555429875850677,0.7270997762680054,0.5458933115005493,-0.0171972643584013,0.7396789789199829,0.5421198606491089,-0.019539181143045425,4
0.6395262479782104,0.6076581478118896,1.4651354263151006e-07,0.6276904344558716,0.5644564032554626,-0.007122629787772894,0.628595769405365,0.5101810693740845,-0.008444061502814293,0.629335343837738,0.4694836735725403,-0.009621390141546726,0.6249063014984131,0.44051647186279297,-0.01061832346022129,0.6637014150619507,0.4914415776729584,0.0007282415172085166,0.6745050549507141,0.4527263939380646,-0.0018800469115376472,0.682011604309082,0.43018701672554016,-0.005229380447417498,0.6890994310379028,0.4127691090106964,-0.008422419428825378,0.6785473227500916,0.5066157579421997,-0.0006060511223040521,0.6967315077781677,0.4713061451911926,-0.002661151345819235,0.7086512446403503,0.45068854093551636,-0.006654527969658375,0.7186719179153442,0.4353572726249695,-0.01002966146916151,0.6883169412612915,0.5285563468933105,-0.003562463913112879,0.7085828185081482,0.5035027265548706,-0.00885525718331337,0.7215588092803955,0.48894059658050537,-0.014390204101800919,0.7325223088264465,0.47601422667503357,-0.0183753352612257,0.6934981942176819,0.5550884008407593,-0.0071981861256062984,0.7132741808891296,0.5493804216384888,-0.013621017336845398,0.7269741892814636,0.5460668206214905,-0.017519446089863777,0.7396221160888672,0.5418637990951538,-0.02013366110622883,4
0.6399641633033752,0.6070672273635864,1.4217648924841342e-07,0.6286035180091858,0.5635374188423157,-0.006412721239030361,0.6298234462738037,0.5092617869377136,-0.0073820678517222404,0.6307045817375183,0.46903225779533386,-0.008323857560753822,0.6262801289558411,0.44065821170806885,-0.009146034717559814,0.6653339862823486,0.49189621210098267,0.0010451361304149032,0.6764971017837524,0.45384106040000916,-0.0014736657030880451,0.6838453412055969,0.43161720037460327,-0.0047126756981015205,0.6905115246772766,0.41438254714012146,-0.007750238291919231,0.679779052734375,0.5075571537017822,-0.0005010796012356877,0.6984483003616333,0.4726856052875519,-0.002414524322375655,0.7104426622390747,0.4523959755897522,-0.006144281011074781,0.7203629016876221,0.43737101554870605,-0.009272148832678795,0.6892947554588318,0.5296631455421448,-0.0035949808079749346,0.7102503776550293,0.5051476955413818,-0.008688325062394142,0.7232193946838379,0.4910006821155548,-0.013895331881940365,0.7339165210723877,0.4785902798175812,-0.017573166638612747,0.6942169070243835,0.5560114979743958,-0.007303306832909584,0.7143429517745972,0.5500957369804382,-0.013401553966104984,0.7280074954032898,0.5467831492424011,-0.016958290711045265,0.7403348088264465,0.5429617762565613,-0.01928708702325821,4
0.642246663570404,0.6062083840370178,1.4279616777912452e-07,0.6310433745384216,0.5617932677268982,-0.006042054388672113,0.6326131224632263,0.506964385509491,-0.006839213892817497,0.6335160732269287,0.46695053577423096,-0.007704822346568108,0.6292613744735718,0.4392406940460205,-0.008492359891533852,0.6672059893608093,0.49120327830314636,0.001083972631022334,0.6783976554870605,0.45308592915534973,-0.001412023906596005,0.6859909892082214,0.43106818199157715,-0.0046402872540056705,0.6929062604904175,0.41411495208740234,-0.007667480502277613,0.6815934777259827,0.5065805315971375,-0.0006136568845249712,0.7004088163375854,0.4720231592655182,-0.002339568454772234,0.712371289730072,0.4519640803337097,-0.0059847403317689896,0.722153902053833,0.43740710616111755,-0.009076044894754887,0.6911884546279907,0.5286539793014526,-0.0038030960131436586,0.7122223973274231,0.5039284229278564,-0.0085934242233634,0.725347638130188,0.48991885781288147,-0.0137789873406291,0.736185610294342,0.47806021571159363,-0.017526021227240562,0.696153461933136,0.555155873298645,-0.007592074107378721,0.7161520719528198,0.5499234795570374,-0.013514894992113113,0.729777455329895,0.5471373200416565,-0.017042165622115135,0.7420087456703186,0.5441408753395081,-0.019383389502763748,4
0.6482575535774231,0.6013907194137573,1.4296342953912244e-07,0.6378867626190186,0.5571838021278381,-0.006167429964989424,0.6394269466400146,0.5035184621810913,-0.0074333143420517445,0.6403870582580566,0.4635559320449829,-0.008729786612093449,0.6361464858055115,0.43550851941108704,-0.009961768984794617,0.6742140650749207,0.48818495869636536,4.3223008105996996e-05,0.6856306195259094,0.4507317841053009,-0.0028747012838721275,0.6932457685470581,0.42905646562576294,-0.006278560031205416,0.7000389695167542,0.4120880961418152,-0.009380720555782318,0.6885466575622559,0.5038110613822937,-0.0016776587581261992,0.7073637843132019,0.4703327417373657,-0.003785697277635336,0.7192434668540955,0.4508779048919678,-0.007445735391229391,0.7289277911186218,0.4361584782600403,-0.010494531132280827,0.6979048848152161,0.5260815620422363,-0.004830799996852875,0.719110369682312,0.5023964047431946,-0.009968327358365059,0.732001781463623,0.48903152346611023,-0.014955185353755951,0.7425442337989807,0.4772490859031677,-0.018439490348100662,0.7023716568946838,0.5526726245880127,-0.008557924069464207,0.7226329445838928,0.54789799451828,-0.014681940898299217,0.736167311668396,0.545173168182373,-0.01804177090525627,0.7481756806373596,0.5420545935630798,-0.020146436989307404,4
0.6529399752616882,0.5976459980010986,1.4277497939474415e-07,0.6429830193519592,0.5539037585258484,-0.006561906076967716,0.6448013186454773,0.5002436637878418,-0.007748780306428671,0.6458727121353149,0.46021315455436707,-0.008912074379622936,0.6420391201972961,0.4317472577095032,-0.009958387352526188,0.6795729398727417,0.48579949140548706,0.0005404835683293641,0.6911213397979736,0.4490390717983246,-0.002332529053092003,0.6988349556922913,0.42801177501678467,-0.0056969779543578625,0.7058069109916687,0.41155606508255005,-0.008734927512705326,0.6937097311019897,0.5018036365509033,-0.0009436792461201549,0.712902307510376,0.4690757095813751,-0.0030980678275227547,0.7252222895622253,0.4498811960220337,-0.006733125075697899,0.7353060841560364,0.4354751408100128,-0.009717554785311222,0.7028461694717407,0.5240625143051147,-0.003996520768851042,0.7243205904960632,0.5016311407089233,-0.009399604052305222,0.7377222776412964,0.4885338544845581,-0.014529823325574398,0.7488196492195129,0.4769708216190338,-0.018005773425102234,0.7072418332099915,0.5502395033836365,-0.0076573989354074,0.72745281457901,0.5458869338035583,-0.014013688080012798,0.7412137985229492,0.5435816645622253,-0.017529772594571114,0.7535039186477661,0.54063880443573,-0.019716134294867516,4
0.6541470885276794,0.595385730266571,1.4684924565244728e-07,0.6438339948654175,0.5514417886734009,-0.006438731215894222,0.646004319190979,0.49760571122169495,-0.0077175479382276535,0.6475983262062073,0.4580090045928955,-0.008966452442109585,0.6436976790428162,0.429424911737442,-0.010132999159395695,0.6814250349998474,0.48254141211509705,0.0004727632913272828,0.6934732794761658,0.4461475610733032,-0.0022035413421690464,0.7015419006347656,0.4251442849636078,-0.005541850347071886,0.7087253928184509,0.4089513421058655,-0.008657400496304035,0.6955307722091675,0.49919360876083374,-0.0012015398824587464,0.7152589559555054,0.4665698707103729,-0.003249593311920762,0.7277547717094421,0.44812536239624023,-0.007076572626829147,0.7378897666931152,0.43446972966194153,-0.010297469794750214,0.7045920491218567,0.5219586491584778,-0.004379046615213156,0.7263719439506531,0.49929437041282654,-0.009515482932329178,0.7398830056190491,0.48642417788505554,-0.014711116440594196,0.7508955001831055,0.4751664996147156,-0.01841139793395996,0.708842396736145,0.5487138032913208,-0.008163770660758018,0.7292441129684448,0.5441284775733948,-0.014201129786670208,0.7431294918060303,0.5418392419815063,-0.017633121460676193,0.7554296255111694,0.5391165018081665,-0.01990441605448723,4
0.6555638909339905,0.592006266117096,1.5181450407908414e-07,0.6455622911453247,0.5470601916313171,-0.006451282184571028,0.6474210023880005,0.4937461018562317,-0.007729141972959042,0.6485071778297424,0.45388364791870117,-0.009006448090076447,0.6449861526489258,0.42565861344337463,-0.010170971043407917,0.6829451322555542,0.47980764508247375,0.0005223035695962608,0.694974958896637,0.4422837197780609,-0.00231980555690825,0.7031012177467346,0.42063987255096436,-0.005715881008654833,0.7104876637458801,0.40403497219085693,-0.008800406008958817,0.6972966194152832,0.4961535632610321,-0.0011217176215723157,0.7173024415969849,0.4629106819629669,-0.003144289134070277,0.7300420999526978,0.4436105787754059,-0.006790980696678162,0.7403173446655273,0.42933136224746704,-0.009866095148026943,0.7064900398254395,0.51863694190979,-0.004315616097301245,0.7286384105682373,0.4950506389141083,-0.009517312049865723,0.7423036098480225,0.481848806142807,-0.014622985385358334,0.7533704042434692,0.4705083668231964,-0.018183937296271324,0.7107937932014465,0.5451006889343262,-0.008126407861709595,0.7317346930503845,0.5406016111373901,-0.014445577748119831,0.7459300756454468,0.5383211970329285,-0.017988668754696846,0.758465588092804,0.5357524156570435,-0.02022438868880272,4
0.6640100479125977,0.5814316272735596,1.6063881957961712e-07,0.6525282263755798,0.5366829633712769,-0.006263247691094875,0.6536277532577515,0.48216885328292847,-0.007650080136954784,0.655087947845459,0.4418709874153137,-0.009011175483465195,0.6510334014892578,0.4140385091304779,-0.010388946160674095,0.6886762976646423,0.4669567942619324,-0.0006817769026383758,0.7005016803741455,0.42972898483276367,-0.003704749047756195,0.7087952494621277,0.4088726043701172,-0.007133483421057463,0.7164420485496521,0.3927510976791382,-0.01021035760641098,0.7035625576972961,0.4829408526420593,-0.002309443661943078,0.7240153551101685,0.4509412348270416,-0.004101473838090897,0.7366127967834473,0.4320240616798401,-0.0074799261055886745,0.7468529343605042,0.4176604747772217,-0.01050189882516861,0.7133195400238037,0.5050619840621948,-0.005369651596993208,0.7355045080184937,0.48243477940559387,-0.010082216002047062,0.7484356164932251,0.4689112901687622,-0.014818224124610424,0.7589259147644043,0.4575543701648712,-0.018299348652362823,0.7183427214622498,0.5313887000083923,-0.009042533114552498,0.7393559813499451,0.5270265936851501,-0.014676576480269432,0.7530226111412048,0.5248080492019653,-0.017763923853635788,0.7648148536682129,0.522857666015625,-0.019812962040305138,4
0.6757844686508179,0.5541180372238159,1.670631206707185e-07,0.664215624332428,0.5080610513687134,-0.00630398141220212,0.6648935675621033,0.4544445276260376,-0.007745881099253893,0.665960967540741,0.4145292341709137,-0.00919300690293312,0.6620023846626282,0.38662055134773254,-0.010742751881480217,0.7013679146766663,0.441334992647171,-0.0005530263297259808,0.7136614322662354,0.404464989900589,-0.0034484881907701492,0.7221776247024536,0.38306427001953125,-0.0068421862088143826,0.7298164963722229,0.36607593297958374,-0.009987828321754932,0.7159894108772278,0.4577433466911316,-0.0022097129840403795,0.7370495796203613,0.42638036608695984,-0.004003005102276802,0.7495771646499634,0.4076847434043884,-0.007489811163395643,0.7597850561141968,0.3926689624786377,-0.010663466528058052,0.7252625226974487,0.479901522397995,-0.005311344750225544,0.7482063174247742,0.45771703124046326,-0.010222503915429115,0.7613765597343445,0.44447430968284607,-0.015094424597918987,0.7723008394241333,0.432386577129364,-0.018715044483542442,0.7296584844589233,0.5065900683403015,-0.009001080878078938,0.7511072158813477,0.5027985572814941,-0.014949165284633636,0.7648379802703857,0.5011532306671143,-0.01813005842268467,0.7767136693000793,0.49920016527175903,-0.020271366462111473,4
0.6917977333068848,0.51954585313797,1.7431145238333556e-07,0.6814656257629395,0.471299946308136,-0.005945865996181965,0.6824389100074768,0.41840261220932007,-0.007442122790962458,0.6828652620315552,0.3786510229110718,-0.00909732747823,0.6791796088218689,0.3509092926979065,-0.010877282358705997,0.7186903357505798,0.40683403611183167,0.0002654272539075464,0.7313135266304016,0.37109073996543884,-0.0028111126739531755,0.7400425672531128,0.3507048189640045,-0.0063906325958669186,0.7480963468551636,0.33446672558784485,-0.009612350724637508,0.7330039739608765,0.4236227571964264,-0.0016425077337771654,0.7545828223228455,0.3932408094406128,-0.00377503945492208,0.7674534320831299,0.3754943907260895,-0.007406699005514383,0.7782413959503174,0.36118826270103455,-0.010581879876554012,0.7419350147247314,0.44626086950302124,-0.005068317521363497,0.7654281258583069,0.4255827069282532,-0.010365795344114304,0.7790566086769104,0.41318225860595703,-0.01540469191968441,0.7906744480133057,0.4016212821006775,-0.018985111266374588,0.7460402250289917,0.4731532335281372,-0.00904136523604393,0.7682142853736877,0.4701912999153137,-0.015048346482217312,0.7822966575622559,0.468959778547287,-0.018215728923678398,0.7947113513946533,0.46698838472366333,-0.020319655537605286,4
0.7113693356513977,0.48214271664619446,1.7603923652131925e-07,0.7023917436599731,0.43272894620895386,-0.006096040830016136,0.7043362259864807,0.3808215856552124,-0.007960285991430283,0.7052212357521057,0.3411717414855957,-0.010122612118721008,0.7014865279197693,0.31315410137176514,-0.012415979988873005,0.741625189781189,0.37334364652633667,0.0004151810135226697,0.7550328969955444,0.33846521377563477,-0.002916950499638915,0.7643013596534729,0.31920427083969116,-0.006716335657984018,0.7729256749153137,0.30380308628082275,-0.010037391446530819,0.7559738159179688,0.39140763878822327,-0.0015805148286744952,0.7783403396606445,0.36274224519729614,-0.0037953732535243034,0.7915545701980591,0.3454861044883728,-0.007484123110771179,0.802547812461853,0.331389456987381,-0.010707146488130093,0.7645869255065918,0.41494664549827576,-0.005149569362401962,0.7887182235717773,0.3968161642551422,-0.010537782683968544,0.8025943040847778,0.38586845993995667,-0.015366783365607262,0.8141949772834778,0.3754626512527466,-0.01874750293791294,0.7679557204246521,0.4423678517341614,-0.00932264979928732,0.7905279397964478,0.4423861503601074,-0.01530905719846487,0.8048346638679504,0.44273465871810913,-0.01822533831000328,0.8172527551651001,0.44214606285095215,-0.020109813660383224,4
0.7315106987953186,0.4527799189090729,1.6539743796784023e-07,0.7237370610237122,0.4030139148235321,-0.005755018442869186,0.7266578078269958,0.3510048985481262,-0.007224620785564184,0.7283960580825806,0.31189030408859253,-0.009087847545742989,0.7249879240989685,0.2844461500644684,-0.011071734130382538,0.7647203207015991,0.34756046533584595,0.0012431872310116887,0.7789672613143921,0.3141171932220459,-0.0016612912295386195,0.7886494398117065,0.2958669066429138,-0.005139980930835009,0.797339916229248,0.2816801071166992,-0.008170912973582745,0.7788629531860352,0.36655911803245544,-0.0006264260155148804,0.8020550012588501,0.3404034972190857,-0.00199064239859581,0.8158611059188843,0.32543593645095825,-0.004847283475100994,0.8267179131507874,0.31447869539260864,-0.007438406813889742,0.7872027158737183,0.3907844126224518,-0.004095720127224922,0.812009334564209,0.37495794892311096,-0.00845995545387268,0.826056718826294,0.3659851849079132,-0.01237011980265379,0.8374502658843994,0.3583429455757141,-0.015121937729418278,0.7901269793510437,0.4184730648994446,-0.008241758681833744,0.8120815753936768,0.42077887058258057,-0.01347100455313921,0.826309859752655,0.42187848687171936,-0.015874942764639854,0.8384650945663452,0.4227261245250702,-0.017315726727247238,4
0.7499914765357971,0.42906180024147034,1.622672129997227e-07,0.7433213591575623,0.37825217843055725,-0.0053395978175103664,0.7468305230140686,0.3262813091278076,-0.00645076297223568,0.7485948801040649,0.2877417802810669,-0.008142242208123207,0.7455888390541077,0.2599713206291199,-0.010039632208645344,0.7855536937713623,0.32746583223342896,0.0023595804814249277,0.7998499870300293,0.2949420213699341,-0.0003624193777795881,0.8095815777778625,0.2770422697067261,-0.0038297525607049465,0.8181484937667847,0.26357531547546387,-0.00684746028855443,0.7992939352989197,0.3477960526943207,0.00017814415332395583,0.8231181502342224,0.3228999674320221,-0.0011748343240469694,0.837731122970581,0.3085712492465973,-0.004297158680856228,0.8493775725364685,0.2989729046821594,-0.007096483372151852,0.806977391242981,0.3726440668106079,-0.0036462615244090557,0.8323954343795776,0.35890746116638184,-0.008372499607503414,0.8468037247657776,0.3509349822998047,-0.012869114987552166,0.8586983680725098,0.344553679227829,-0.015971992164850235,0.8088337779045105,0.4003655016422272,-0.008075091056525707,0.8305226564407349,0.40537017583847046,-0.013901215977966785,0.844757080078125,0.40849003195762634,-0.016737738624215126,0.8570473790168762,0.41124922037124634,-0.01840793713927269,4
0.7625137567520142,0.4147265553474426,1.6118119106067752e-07,0.7573589086532593,0.36246636509895325,-0.0057109021581709385,0.762201189994812,0.3090144097805023,-0.00641975924372673,0.764439046382904,0.26934534311294556,-0.0075898123905062675,0.7620329856872559,0.24128714203834534,-0.008734438568353653,0.8004997968673706,0.3107448220252991,0.003005892736837268,0.815707802772522,0.27814987301826477,0.0004002400964964181,0.82558673620224,0.26081544160842896,-0.002662061247974634,0.8339253664016724,0.2479400336742401,-0.005095607601106167,0.814006507396698,0.3321598768234253,0.0014405703404918313,0.8383203744888306,0.3083529770374298,0.0004387008084449917,0.8529280424118042,0.2943486273288727,-0.0019701370038092136,0.8641542792320251,0.28498557209968567,-0.0039614117704331875,0.8215532302856445,0.35787686705589294,-0.001927415607497096,0.8465073108673096,0.3474252223968506,-0.006209657061845064,0.8604710102081299,0.34078946709632874,-0.010108361952006817,0.8716756105422974,0.335671603679657,-0.012470843270421028,0.8233644962310791,0.38565516471862793,-0.0059957727789878845,0.8442447185516357,0.392810583114624,-0.01110025867819786,0.8578302264213562,0.3961803615093231,-0.013538707047700882,0.8696140646934509,0.3992680609226227,-0.01470469031482935,4
0.768739640712738,0.4001002311706543,1.514259508894611e-07,0.7644145488739014,0.3472622334957123,-0.005397364962846041,0.7694228887557983,0.29339173436164856,-0.006226453464478254,0.7715859413146973,0.25452107191085815,-0.007500352803617716,0.7691832780838013,0.2261979579925537,-0.008788907900452614,0.8084077835083008,0.2962055504322052,0.0028757837135344744,0.8237727880477905,0.26412540674209595,0.0003129774995613843,0.8334625959396362,0.24667544662952423,-0.0030358145013451576,0.8414242267608643,0.23336338996887207,-0.0057546342723071575,0.8214651346206665,0.31848323345184326,0.0010206750594079494,0.8458517789840698,0.29422739148139954,3.627180558396503e-05,0.8608006834983826,0.2807316780090332,-0.0028100383933633566,0.8727983832359314,0.27148598432540894,-0.005272859241813421,0.82862389087677,0.34496229887008667,-0.002550013829022646,0.8536325097084045,0.3338697552680969,-0.006770336534827948,0.8682270050048828,0.3278323709964752,-0.011209024116396904,0.8801607489585876,0.32249632477760315,-0.014156344346702099,0.830535888671875,0.37363532185554504,-0.006759461015462875,0.8517507314682007,0.38027915358543396,-0.011753896251320839,0.8651668429374695,0.38461029529571533,-0.014240201562643051,0.8767157196998596,0.3880474269390106,-0.015619049780070782,4
0.770110547542572,0.39465510845184326,1.477095565860509e-07,0.7647629380226135,0.3408440947532654,-0.004973589442670345,0.7696378231048584,0.2866158187389374,-0.004856421146541834,0.7719467878341675,0.24764171242713928,-0.00536373071372509,0.7687302231788635,0.22004571557044983,-0.005862682592123747,0.8102376461029053,0.2888999879360199,0.0059170410968363285,0.8250271677970886,0.2563549876213074,0.004679400939494371,0.8346019387245178,0.23897376656532288,0.001970757031813264,0.8426414132118225,0.22551429271697998,-0.00044849852565675974,0.8233174681663513,0.3118715286254883,0.003999254200607538,0.8474928736686707,0.2874172329902649,0.004281172528862953,0.8622267842292786,0.27404534816741943,0.0020980779081583023,0.8739454746246338,0.2647077739238739,4.226040618959814e-05,0.8304548263549805,0.3387741148471832,0.00015743801486678421,0.8549035787582397,0.3273839056491852,-0.0032408719416707754,0.8692487478256226,0.3208240270614624,-0.00732247531414032,0.8812292218208313,0.31452780961990356,-0.010064797475934029,0.8325079679489136,0.36774829030036926,-0.004412292502820492,0.8536481857299805,0.3741224706172943,-0.008721002377569675,0.8669041991233826,0.3782269358634949,-0.010941644199192524,0.878706157207489,0.38111618161201477,-0.01224391907453537,4
0.7677425146102905,0.3938907980918884,1.5147257670378167e-07,0.7624515891075134,0.33968544006347656,-0.005297071300446987,0.7679765820503235,0.28454455733299255,-0.005025613587349653,0.7705263495445251,0.24505314230918884,-0.005319188814610243,0.7670338749885559,0.21765437722206116,-0.00559826148673892,0.810122549533844,0.2874011695384979,0.006193643435835838,0.8254848718643188,0.2549641728401184,0.0050421105697751045,0.8353357911109924,0.2375994324684143,0.002307439222931862,0.8434891104698181,0.22398491203784943,-0.00018187881505582482,0.8229112029075623,0.31029054522514343,0.004352405667304993,0.8478397727012634,0.28593507409095764,0.004674272611737251,0.8630096912384033,0.2723737061023712,0.00241960515268147,0.8750618100166321,0.26240861415863037,0.00030634491122327745,0.8297716379165649,0.33713120222091675,0.0005048729944974184,0.8548355102539062,0.3253936767578125,-0.0028771248180419207,0.8696187734603882,0.31841403245925903,-0.007175324950367212,0.8819681406021118,0.31152430176734924,-0.010108700953423977,0.8314393758773804,0.36607033014297485,-0.004124270752072334,0.8528618216514587,0.37246793508529663,-0.008550470694899559,0.8664665222167969,0.3763299286365509,-0.01102026179432869,0.8786356449127197,0.3788181245326996,-0.012547104619443417,4
0.7662258148193359,0.39287522435188293,1.545569006111691e-07,0.7616689205169678,0.33975908160209656,-0.0060704913921654224,0.7673754096031189,0.2849830389022827,-0.006560649257153273,0.769775927066803,0.24504758417606354,-0.007534219417721033,0.7664312124252319,0.21715600788593292,-0.008446333929896355,0.809218168258667,0.2874065041542053,0.004563260357826948,0.8249996304512024,0.2545967102050781,0.0024902946315705776,0.8353023529052734,0.2370111048221588,-0.0007238479447551072,0.8437126278877258,0.22331847250461578,-0.003454912453889847,0.8223476409912109,0.30996033549308777,0.002836263971403241,0.8477703928947449,0.2857207655906677,0.002204793505370617,0.8633303046226501,0.2719155550003052,-0.0004477600450627506,0.8757906556129456,0.261796772480011,-0.0027379076927900314,0.8295553922653198,0.33644887804985046,-0.0009129774407483637,0.8551906943321228,0.32487714290618896,-0.004956741351634264,0.870254635810852,0.3175789415836334,-0.00938319694250822,0.8828853368759155,0.31054630875587463,-0.012326889671385288,0.8313416242599487,0.36492919921875,-0.005497709382325411,0.8527799844741821,0.37207767367362976,-0.010374261997640133,0.8665896058082581,0.3761618733406067,-0.012971479445695877,0.8788159489631653,0.3790544867515564,-0.014509781263768673,4
0.766327977180481,0.39759179949760437,1.5578854117848095e-07,0.7615888714790344,0.3438573479652405,-0.005781038664281368,0.76711106300354,0.2886446714401245,-0.006419796030968428,0.7696153521537781,0.2484128475189209,-0.007558413781225681,0.7666852474212646,0.22041022777557373,-0.008779125288128853,0.8097003102302551,0.29104888439178467,0.0036578751169145107,0.8256273865699768,0.2574634850025177,0.0012537369038909674,0.8363189101219177,0.23973336815834045,-0.0022397723514586687,0.8452898263931274,0.22623704373836517,-0.005224169697612524,0.8231297731399536,0.314008891582489,0.001622509676963091,0.8489888906478882,0.28918224573135376,0.0006480052834376693,0.8650106191635132,0.27498164772987366,-0.0024454419035464525,0.8778700828552246,0.26464417576789856,-0.005142842885106802,0.8303475975990295,0.3411308825016022,-0.002294952515512705,0.8563052415847778,0.3295041620731354,-0.006470194552093744,0.8716955184936523,0.3219866454601288,-0.011179528199136257,0.8844885230064392,0.3146741986274719,-0.01444635447114706,0.8318637013435364,0.3704065978527069,-0.006977049168199301,0.8536357283592224,0.37684908509254456,-0.011769344098865986,0.8675983548164368,0.3803858757019043,-0.014303835108876228,0.8797165155410767,0.38277074694633484,-0.015917787328362465,4
0.7675487995147705,0.40139520168304443,1.538894309760508e-07,0.7628642916679382,0.3478822112083435,-0.005707837641239166,0.7682993412017822,0.2920902371406555,-0.0063635194674134254,0.7707191109657288,0.2517804503440857,-0.007513407617807388,0.7677889466285706,0.223836749792099,-0.008740832097828388,0.8108711242675781,0.29518118500709534,0.0036246583331376314,0.8274136185646057,0.2621622681617737,0.001243306789547205,0.8378664255142212,0.24418944120407104,-0.0023046317510306835,0.8463983535766602,0.22978167235851288,-0.005397169850766659,0.8238814473152161,0.3177965581417084,0.001432660035789013,0.8502486944198608,0.2933511435985565,0.00029823766089975834,0.8663986921310425,0.27937814593315125,-0.0030175454448908567,0.8793933987617493,0.26887065172195435,-0.005911053624004126,0.830889105796814,0.34450146555900574,-0.0026250705122947693,0.8573197722434998,0.33260267972946167,-0.007050245068967342,0.8735558390617371,0.3257317841053009,-0.012208196334540844,0.887152910232544,0.3189444839954376,-0.0158486720174551,0.8324816823005676,0.3732540011405945,-0.007414538413286209,0.8545869588851929,0.37961944937705994,-0.012615775689482689,0.8688979744911194,0.3836342692375183,-0.01551758497953415,0.8814387917518616,0.3864439129829407,-0.017445148900151253,4
0.7676457762718201,0.40369048714637756,1.5897754224170058e-07,0.7623971700668335,0.34994345903396606,-0.006108324509114027,0.7681154012680054,0.293714702129364,-0.006758905481547117,0.7709197998046875,0.2531817853450775,-0.007795519661158323,0.7675467729568481,0.2253197729587555,-0.008843771182000637,0.8102999925613403,0.2970643639564514,0.0033467868342995644,0.8270353674888611,0.2628987431526184,0.0010077463230118155,0.8377750515937805,0.24492454528808594,-0.0024270007852464914,0.8466597199440002,0.23095372319221497,-0.005389396101236343,0.8236242532730103,0.3194606900215149,0.0015271014999598265,0.8500133156776428,0.29440033435821533,0.0005342705990187824,0.8664355278015137,0.28014421463012695,-0.002665391657501459,0.8796534538269043,0.26992878317832947,-0.00548207014799118,0.8307924270629883,0.34575676918029785,-0.002172100590541959,0.8575193881988525,0.33347150683403015,-0.006346467416733503,0.8736891150474548,0.3266712725162506,-0.011331036686897278,0.8871294260025024,0.3203659951686859,-0.014863986521959305,0.8324564695358276,0.3740840256214142,-0.006648509297519922,0.8544219732284546,0.38052698969841003,-0.011685417033731937,0.8686102628707886,0.38461539149284363,-0.014568114653229713,0.881057620048523,0.3876441419124603,-0.016457051038742065,4
0.7666393518447876,0.40151458978652954,1.5481970194741734e-07,0.7611822485923767,0.34806346893310547,-0.005947774276137352,0.7664222717285156,0.292745441198349,-0.006526723969727755,0.7692723274230957,0.25309669971466064,-0.007573992013931274,0.7662473320960999,0.22594836354255676,-0.008660858497023582,0.8089159727096558,0.2958461344242096,0.003557361662387848,0.8253487944602966,0.26247477531433105,0.0010133566102012992,0.8361902236938477,0.244573712348938,-0.0026128978934139013,0.8452754020690918,0.230709969997406,-0.005714697763323784,0.8222020268440247,0.31857237219810486,0.001575726317241788,0.8480313420295715,0.2936438322067261,0.0005062060663476586,0.8641274571418762,0.27950772643089294,-0.002609953982755542,0.8770462870597839,0.2693897485733032,-0.0053614601492881775,0.8294780254364014,0.3453414738178253,-0.0023205967154353857,0.8558694124221802,0.33282411098480225,-0.006520151626318693,0.8715270757675171,0.32541847229003906,-0.011146281845867634,0.8845058679580688,0.3186005651950836,-0.01440200861543417,0.831224799156189,0.37431150674819946,-0.007024032063782215,0.8531542420387268,0.3802420198917389,-0.011941180564463139,0.8671118021011353,0.3837190568447113,-0.01453002355992794,0.8792482614517212,0.38640815019607544,-0.016203412786126137,4
0.7654128074645996,0.4017582833766937,1.5788461382726382e-07,0.7597269415855408,0.3497117757797241,-0.006511553190648556,0.7646753787994385,0.2943885326385498,-0.007847356610000134,0.7673888802528381,0.2542409300804138,-0.009405785240232944,0.7642931938171387,0.2264132797718048,-0.010992728173732758,0.8071287274360657,0.29471954703330994,0.0013819336891174316,0.8237490057945251,0.26165568828582764,-0.0014231688110157847,0.8346239924430847,0.24395862221717834,-0.005074357148259878,0.8436141610145569,0.23026292026042938,-0.008200101554393768,0.8204869031906128,0.3175904452800751,-0.0004113940231036395,0.8468169569969177,0.2928527891635895,-0.0019082335056737065,0.8630233407020569,0.27891865372657776,-0.005241591017693281,0.876221239566803,0.26873964071273804,-0.008220197632908821,0.8277103900909424,0.34441694617271423,-0.0039772107265889645,0.8541343212127686,0.33247193694114685,-0.008624226786196232,0.8698223233222961,0.3255869150161743,-0.013660374097526073,0.8829213976860046,0.3190646469593048,-0.017253996804356575,0.8294962048530579,0.3733829855918884,-0.008292198181152344,0.8515779972076416,0.37951818108558655,-0.013665414415299892,0.8657693266868591,0.38356485962867737,-0.016602739691734314,0.8782151937484741,0.3865450322628021,-0.018559332937002182,4
0.7730180025100708,0.8761860132217407,1.6746946585044498e-07,0.7737230658531189,0.819845974445343,-0.0068001034669578075,0.7863488793373108,0.7632291316986084,-0.007864907383918762,0.7948266267776489,0.7223802804946899,-0.009070495143532753,0.7949534058570862,0.6919476985931396,-0.010411982424557209,0.8287539482116699,0.7796193957328796,9.982702613342553e-05,0.8510380387306213,0.7490323185920715,-0.0031024154741317034,0.8650542497634888,0.7328964471817017,-0.006737941410392523,0.8768575191497803,0.7205492854118347,-0.009991312399506569,0.8397300243377686,0.8084965944290161,-0.0018560995813459158,0.8698391914367676,0.7910130023956299,-0.003966033924371004,0.8888307809829712,0.7819750905036926,-0.007783656474202871,0.9042595028877258,0.77580326795578,-0.011106264777481556,0.8437613844871521,0.8391506671905518,-0.005527994129806757,0.8721604943275452,0.8361331820487976,-0.011155800893902779,0.8892215490341187,0.8344388008117676,-0.017084287479519844,0.9036993980407715,0.8317064642906189,-0.021217312663793564,0.8419156670570374,0.8702431917190552,-0.009874227456748486,0.8636829853057861,0.8852230310440063,-0.016315294429659843,0.8775681257247925,0.8951785564422607,-0.020013313740491867,0.8900651931762695,0.902816891670227,-0.022450700402259827,4
0.7726966142654419,0.8747798204421997,1.7271479180180904e-07,0.7735220193862915,0.8191079497337341,-0.00722094252705574,0.7859801650047302,0.7626438736915588,-0.008547721430659294,0.794585108757019,0.7213221192359924,-0.010012764483690262,0.795034646987915,0.6906612515449524,-0.011595360934734344,0.8282952308654785,0.7786505222320557,-0.0002651195682119578,0.8508787751197815,0.7485454678535461,-0.0037515386939048767,0.8651686906814575,0.7325596809387207,-0.00750746950507164,0.8773247003555298,0.720569372177124,-0.0108424611389637,0.83954256772995,0.8078332543373108,-0.002149205654859543,0.8696286082267761,0.790213406085968,-0.00464865006506443,0.8887700438499451,0.7811737656593323,-0.008627506904304028,0.9042747020721436,0.7752783298492432,-0.012030196376144886,0.8438015580177307,0.8388296961784363,-0.005804885644465685,0.8719450235366821,0.8358113169670105,-0.011881707236170769,0.888929009437561,0.8343597650527954,-0.01784943975508213,0.9032288789749146,0.8320289850234985,-0.021904587745666504,0.8421472311019897,0.8703241348266602,-0.010173244401812553,0.8639962673187256,0.8852890133857727,-0.016946103423833847,0.877984344959259,0.8952580690383911,-0.020747395232319832,0.8905274868011475,0.9029245376586914,-0.023193521425127983,4
0.771830141544342,0.8742362856864929,1.7004478536364331e-07,0.7726441025733948,0.8188257813453674,-0.007403965573757887,0.7851718664169312,0.7621991634368896,-0.009138928726315498,0.7939649224281311,0.721329391002655,-0.010922173969447613,0.7947103977203369,0.6908177733421326,-0.012760057114064693,0.8286005258560181,0.7779150605201721,-0.0011571961222216487,0.8512017130851746,0.7482641339302063,-0.0047429511323571205,0.8654464483261108,0.7328033447265625,-0.008626230992376804,0.8776758313179016,0.7211784720420837,-0.012108102440834045,0.8395911455154419,0.8072319626808167,-0.0030672221910208464,0.869530975818634,0.789641797542572,-0.005533283576369286,0.8883710503578186,0.7809873223304749,-0.009437383152544498,0.9037123918533325,0.7752686142921448,-0.012875113636255264,0.8435894250869751,0.8385398983955383,-0.006708269938826561,0.8717948794364929,0.835597574710846,-0.012631944380700588,0.8888034820556641,0.8344347476959229,-0.018410399556159973,0.9031609296798706,0.8323631882667542,-0.022461913526058197,0.8416708707809448,0.8705189228057861,-0.011098907329142094,0.8636915683746338,0.8852883577346802,-0.01774558238685131,0.8778063058853149,0.8951382637023926,-0.021464146673679352,0.8904771208763123,0.9026845693588257,-0.023925794288516045,4
0.7713494300842285,0.8735106587409973,1.6957686455043586e-07,0.7724760174751282,0.8178037405014038,-0.006822343450039625,0.7849734425544739,0.76193767786026,-0.008129901252686977,0.7936985492706299,0.721326470375061,-0.009618883021175861,0.7946955561637878,0.6906728744506836,-0.011189178563654423,0.8284741044044495,0.7776665091514587,0.00031727211899124086,0.8510682582855225,0.7480906844139099,-0.0028690241742879152,0.8652905821800232,0.7328076958656311,-0.0065468912944197655,0.8774234652519226,0.7213075757026672,-0.00987081415951252,0.8393847346305847,0.8068758845329285,-0.0017661228775978088,0.8694072961807251,0.7894337773323059,-0.0039130570366978645,0.8882001042366028,0.7807954549789429,-0.007789764553308487,0.903505265712738,0.7749617099761963,-0.011167814955115318,0.8433369398117065,0.8379188776016235,-0.005595345515757799,0.8717076778411865,0.8351408839225769,-0.011395647190511227,0.8887497186660767,0.833748996257782,-0.01730489730834961,0.903213381767273,0.8312549591064453,-0.021408939734101295,0.8412909507751465,0.8696555495262146,-0.010104523971676826,0.8631990551948547,0.8846228122711182,-0.016709014773368835,0.8770664930343628,0.8948086500167847,-0.020400339737534523,0.8896068334579468,0.9024248719215393,-0.022798392921686172,4
0.7713172435760498,0.8738207817077637,1.7477987057645805e-07,0.7717107534408569,0.8181688189506531,-0.007412214297801256,0.7842608094215393,0.7619467973709106,-0.009014183655381203,0.7934380173683167,0.7207984924316406,-0.010722469538450241,0.7946712970733643,0.6900847554206848,-0.012509365566074848,0.8274170756340027,0.7780550718307495,-0.0007033394067548215,0.8502561450004578,0.7476372718811035,-0.004349667578935623,0.8648802638053894,0.7319535613059998,-0.008222443051636219,0.8772611618041992,0.7204008102416992,-0.011606747284531593,0.8385347127914429,0.8072502613067627,-0.002576539060100913,0.869106650352478,0.7897752523422241,-0.005144856404513121,0.888192892074585,0.7808770537376404,-0.009120525792241096,0.9036597013473511,0.7746877670288086,-0.012481064535677433,0.8428287506103516,0.8380165696144104,-0.006208217702805996,0.871738076210022,0.834617555141449,-0.012295751832425594,0.8889305591583252,0.8329511880874634,-0.018168648704886436,0.9033321738243103,0.8303459286689758,-0.02215822972357273,0.8411424160003662,0.8692439198493958,-0.01056849304586649,0.8632291555404663,0.8843212723731995,-0.017382824793457985,0.8773119449615479,0.8946942687034607,-0.021083422005176544,0.8897657990455627,0.902568519115448,-0.023402107879519463,4
0.7717238664627075,0.8742247223854065,1.7072831326458981e-07,0.7726178169250488,0.8188018202781677,-0.006985230837017298,0.7851094007492065,0.7630789279937744,-0.008687230758368969,0.7943785786628723,0.7226866483688354,-0.010566373355686665,0.7958865761756897,0.691846489906311,-0.012620202265679836,0.8278905153274536,0.7806187272071838,-0.0009840549901127815,0.8504564762115479,0.7507632374763489,-0.0047027794644236565,0.8648685812950134,0.7352460026741028,-0.008662172593176365,0.8769311308860779,0.7233781218528748,-0.012113413773477077,0.8388404846191406,0.8100675344467163,-0.0031355442479252815,0.8698093891143799,0.7940531373023987,-0.005653555504977703,0.8888590931892395,0.7854530215263367,-0.009700608439743519,0.9043797254562378,0.7790927886962891,-0.013181875459849834,0.8429333567619324,0.8409247398376465,-0.006939319893717766,0.8718796968460083,0.8380771279335022,-0.012782156467437744,0.8893783092498779,0.8362768292427063,-0.018651047721505165,0.9043174386024475,0.8333247900009155,-0.02278667502105236,0.8409328460693359,0.8720673322677612,-0.011422913521528244,0.8631093502044678,0.8876360654830933,-0.01794876903295517,0.8771141171455383,0.8983606696128845,-0.021388662979006767,0.8894824385643005,0.9063157439231873,-0.023612039163708687,4
0.7716091275215149,0.8766832947731018,1.707789749616495e-07,0.7732864022254944,0.8209462761878967,-0.006808075122535229,0.7862026691436768,0.7649352550506592,-0.008300417102873325,0.7951561212539673,0.7248396277427673,-0.00998762808740139,0.796600341796875,0.6946578025817871,-0.011790711432695389,0.8288570046424866,0.7825859785079956,-0.00035850671702064574,0.851547360420227,0.7536242008209229,-0.004128331318497658,0.865902841091156,0.7386196255683899,-0.00817930605262518,0.8779909014701843,0.7271472215652466,-0.011665375903248787,0.8396832346916199,0.8118723034858704,-0.0025279102846980095,0.8703207969665527,0.7963415384292603,-0.005179688334465027,0.8893141746520996,0.7881892323493958,-0.009313697926700115,0.9048366546630859,0.7823904752731323,-0.012812214903533459,0.8436069488525391,0.8427306413650513,-0.006405452266335487,0.872351884841919,0.8412522673606873,-0.012318667024374008,0.889723002910614,0.8402232527732849,-0.018163351342082024,0.9043161273002625,0.8380811214447021,-0.022210903465747833,0.8415884375572205,0.8736629486083984,-0.010970336385071278,0.8636976480484009,0.8894339203834534,-0.017409296706318855,0.8778994679450989,0.8997694253921509,-0.020880362018942833,0.8904539346694946,0.9076372385025024,-0.023131906986236572,4
0.7725472450256348,0.8791697025299072,1.6998134810819465e-07,0.7737011909484863,0.8230067491531372,-0.0069520482793450356,0.7864662408828735,0.7671338319778442,-0.008206951431930065,0.7955531477928162,0.7265434861183167,-0.009670249186456203,0.7971144914627075,0.6958889365196228,-0.011240615509450436,0.8295450806617737,0.7839656472206116,0.0004576405044645071,0.8519870638847351,0.7547997236251831,-0.0029292895924299955,0.8664222359657288,0.7398463487625122,-0.006763892713934183,0.8786579370498657,0.7285348176956177,-0.010143649764358997,0.8405249118804932,0.8134881258010864,-0.001510118250735104,0.8708121180534363,0.797691285610199,-0.00369505793787539,0.8896105289459229,0.7896040678024292,-0.007545380853116512,0.9049222469329834,0.7839028835296631,-0.010842209681868553,0.8445347547531128,0.8447097539901733,-0.005275932140648365,0.8728319406509399,0.8424361944198608,-0.010975838638842106,0.8899535536766052,0.8410227298736572,-0.016721056774258614,0.9045151472091675,0.8384890556335449,-0.020679911598563194,0.8425070643424988,0.876261830329895,-0.009763244539499283,0.8641170263290405,0.8918144702911377,-0.016105564311146736,0.8778740763664246,0.9021332263946533,-0.019536351785063744,0.8901863694190979,0.9098140597343445,-0.02173110470175743,4
0.7727402448654175,0.8802911639213562,1.691453093144446e-07,0.7749233245849609,0.8246515393257141,-0.006639698054641485,0.7879953384399414,0.7694467306137085,-0.007914581336081028,0.7968822121620178,0.7294065356254578,-0.009429092518985271,0.7982650399208069,0.6989102363586426,-0.011072345077991486,0.8307722210884094,0.786785364151001,0.0002141678996849805,0.8532741665840149,0.7577465176582336,-0.003283610101789236,0.8677681684494019,0.7427871227264404,-0.00719723803922534,0.880001962184906,0.7316135168075562,-0.010620754212141037,0.8414528369903564,0.8159439563751221,-0.001990183023735881,0.8719760775566101,0.8002375960350037,-0.004372138995677233,0.8909353613853455,0.792295515537262,-0.00835819449275732,0.9063395261764526,0.786773681640625,-0.011763399466872215,0.8451323509216309,0.8469119668006897,-0.005928954109549522,0.873763918876648,0.8450889587402344,-0.011812356300652027,0.8911073803901672,0.844062328338623,-0.017788825556635857,0.9058024883270264,0.8419058918952942,-0.021926995366811752,0.8428179025650024,0.8783496618270874,-0.010534204542636871,0.8648759722709656,0.8945295810699463,-0.017088837921619415,0.8788600564002991,0.9054350852966309,-0.020701151341199875,0.8912654519081116,0.9137539863586426,-0.023041045293211937,4
0.7726016640663147,0.8808742761611938,1.667660569637519e-07,0.7743362188339233,0.8240344524383545,-0.006582342088222504,0.7877306938171387,0.7686684727668762,-0.0076233698055148125,0.797141969203949,0.7287102341651917,-0.008909116499125957,0.7985334992408752,0.698677659034729,-0.010278861038386822,0.8310514092445374,0.7875773310661316,0.000956625328399241,0.8538225889205933,0.7587597370147705,-0.0022716678213328123,0.8681516051292419,0.7438384294509888,-0.00610089348629117,0.8801029920578003,0.7327759265899658,-0.009456067346036434,0.8414261341094971,0.8170780539512634,-0.0011638979194685817,0.8717103600502014,0.8015831708908081,-0.003243404207751155,0.890668511390686,0.7936111092567444,-0.0070638409815728664,0.9058778882026672,0.7884198427200317,-0.01036361139267683,0.8449687957763672,0.8480202555656433,-0.005095923785120249,0.8736427426338196,0.8463867902755737,-0.010672684758901596,0.891099214553833,0.8456249237060547,-0.01647135242819786,0.9057491421699524,0.8440176844596863,-0.02050250954926014,0.8427228331565857,0.8789156079292297,-0.009737345390021801,0.8648344278335571,0.8950019478797913,-0.016208356246352196,0.8792078495025635,0.9053930044174194,-0.01992015354335308,0.8920537829399109,0.9135242700576782,-0.02232835814356804,4
0.3450344502925873,0.7369455695152283,1.1808614885921997e-07,0.32124844193458557,0.7997347116470337,-0.008444568142294884,0.2874303162097931,0.8432096838951111,-0.008650283329188824,0.26614025235176086,0.8803389072418213,-0.00992352981120348,0.25380560755729675,0.915687620639801,-0.01121210865676403,0.25518345832824707,0.7736847996711731,0.006005753763020039,0.22398948669433594,0.7920659184455872,0.0018444403540343046,0.20417118072509766,0.8003649711608887,-0.0027954266406595707,0.18898925185203552,0.8064597249031067,-0.006106357555836439,0.2540055513381958,0.7299333214759827,0.004064556676894426,0.22008895874023438,0.7290376424789429,0.004005589988082647,0.19840452075004578,0.7298462986946106,0.001685275579802692,0.1816854178905487,0.732017993927002,-0.00015021301805973053,0.261003702878952,0.6883285045623779,-0.0008139482233673334,0.23604506254196167,0.6667206287384033,-0.005110308527946472,0.21939295530319214,0.6549582481384277,-0.00904043484479189,0.20526884496212006,0.6469343304634094,-0.01153557002544403,0.2747191786766052,0.6545802354812622,-0.007080793380737305,0.2631971836090088,0.6196904182434082,-0.012216480448842049,0.2571104168891907,0.5998337864875793,-0.013758992776274681,0.25198403000831604,0.5833187103271484,-0.014298479072749615,4
0.34550225734710693,0.7328287363052368,1.2098223578504985e-07,0.32239580154418945,0.794654130935669,-0.008008292876183987,0.2890312075614929,0.8374770879745483,-0.0073374193161726,0.2678067982196808,0.8735917806625366,-0.007894648239016533,0.25497469305992126,0.9071547389030457,-0.008305586874485016,0.2575756311416626,0.7683074474334717,0.008373505435883999,0.22751855850219727,0.785490870475769,0.0049340249970555305,0.20812296867370605,0.7936131358146667,0.0008518718532286584,0.19342368841171265,0.7991902232170105,-0.0018286150880157948,0.2564128339290619,0.7249056696891785,0.006809116341173649,0.22308114171028137,0.7230119705200195,0.008236892521381378,0.2017347812652588,0.7234882116317749,0.007357882335782051,0.18558263778686523,0.7255879640579224,0.0067854030057787895,0.26327231526374817,0.6827920079231262,0.0021360618993639946,0.23923525214195251,0.6605386734008789,-0.0006097326404415071,0.22289130091667175,0.6490160226821899,-0.002730767708271742,0.20961551368236542,0.6416157484054565,-0.0037449027877300978,0.2766222357749939,0.6488677859306335,-0.0040839300490915775,0.2659898102283478,0.6143027544021606,-0.007788089569658041,0.2600799798965454,0.5952993631362915,-0.008164976723492146,0.2556573450565338,0.5799217224121094,-0.007590783294290304,4
0.3444753885269165,0.7345009446144104,1.1651174247617746e-07,0.32250142097473145,0.797317624092102,-0.008084993809461594,0.29013553261756897,0.8397381901741028,-0.007347348146140575,0.2689419686794281,0.8751797080039978,-0.007940972223877907,0.256536066532135,0.9091205596923828,-0.008487924933433533,0.25862523913383484,0.768459677696228,0.009372713044285774,0.22933326661586761,0.7867161631584167,0.006670892704278231,0.2096996307373047,0.795275866985321,0.0032485872507095337,0.19565516710281372,0.8010337948799133,0.001018280629068613,0.25746017694473267,0.7252160906791687,0.007804801221936941,0.22438207268714905,0.7236694097518921,0.009944490157067776,0.203296959400177,0.7243884205818176,0.00980289001017809,0.18740174174308777,0.7265678644180298,0.009685523808002472,0.26400214433670044,0.6833140254020691,0.0029565750155597925,0.24023468792438507,0.659550130367279,0.00010166373249376193,0.2233283817768097,0.6477524042129517,-0.002284752205014229,0.20983798801898956,0.640300989151001,-0.0034881052561104298,0.27695122361183167,0.6499027609825134,-0.0034402948804199696,0.2666342556476593,0.6134769320487976,-0.007574834860861301,0.26065751910209656,0.5938800573348999,-0.008462773635983467,0.25621727108955383,0.5786197185516357,-0.008338944986462593,4
0.3455054759979248,0.7340962290763855,1.1928005960726296e-07,0.3231004476547241,0.7971329092979431,-0.008126714266836643,0.291439950466156,0.8396826982498169,-0.007733201142400503,0.27074387669563293,0.875413715839386,-0.00874339696019888,0.2579203248023987,0.9084445834159851,-0.009700390510261059,0.25983723998069763,0.7686638832092285,0.009106874465942383,0.230410635471344,0.7874900102615356,0.005790660623461008,0.21068760752677917,0.7961366176605225,0.0018953194376081228,0.1964258849620819,0.8016577363014221,-0.0005705776857212186,0.2585632801055908,0.725359320640564,0.0074717034585773945,0.22535556554794312,0.7247107625007629,0.009147433564066887,0.204050213098526,0.7257498502731323,0.008578755892813206,0.18775901198387146,0.7280821204185486,0.008207457140088081,0.26492106914520264,0.6833877563476562,0.002567090792581439,0.2407902330160141,0.6606578826904297,-0.00037416323903016746,0.22375567257404327,0.6496803760528564,-0.0026881732046604156,0.2100636065006256,0.6426848769187927,-0.003799437079578638,0.27773502469062805,0.6499620079994202,-0.003903550561517477,0.26703453063964844,0.6142338514328003,-0.007789289578795433,0.2607342004776001,0.5948711037635803,-0.008369271643459797,0.2559991180896759,0.5795083045959473,-0.00797878298908472,4
0.3464433550834656,0.7336568236351013,1.2270517402157566e-07,0.32403457164764404,0.7968294620513916,-0.008476272225379944,0.2939609885215759,0.8401942849159241,-0.008738997392356396,0.27367138862609863,0.8760991096496582,-0.010397438891232014,0.26052552461624146,0.9090474247932434,-0.012035843916237354,0.2618652284145355,0.7690659761428833,0.008716583251953125,0.2322203665971756,0.7880819439888,0.0053761485032737255,0.2122393399477005,0.796726644039154,0.0012206847313791513,0.19794386625289917,0.8020449280738831,-0.0015941576566547155,0.2607106566429138,0.7265712022781372,0.007035010494291782,0.2274632751941681,0.7261282205581665,0.008397912606596947,0.20601996779441833,0.7269783616065979,0.007184093352407217,0.18947958946228027,0.7283790111541748,0.00607350654900074,0.26689961552619934,0.6853652596473694,0.0020856857299804688,0.24204012751579285,0.6625767350196838,-0.0011348477564752102,0.22470839321613312,0.6507294178009033,-0.004172658082097769,0.21079903841018677,0.642266571521759,-0.006053776014596224,0.279531329870224,0.6524289846420288,-0.0044275145046412945,0.2683796286582947,0.6165595054626465,-0.008543807081878185,0.2617700397968292,0.596524178981781,-0.00961240753531456,0.2567647695541382,0.5801174640655518,-0.009834975935518742,4
0.34676116704940796,0.7358843088150024,1.1639921382311513e-07,0.3249480128288269,0.7980959415435791,-0.008438780903816223,0.2942067086696625,0.841770350933075,-0.008498781360685825,0.2739620506763458,0.8776956796646118,-0.009839429520070553,0.2610552906990051,0.9104180335998535,-0.011104149743914604,0.262096643447876,0.7710291743278503,0.008231766521930695,0.23330210149288177,0.7899506092071533,0.0047777206636965275,0.2139410674571991,0.7987293004989624,0.0006249032448977232,0.19977577030658722,0.8040456771850586,-0.0022422627080231905,0.2604523301124573,0.7283892631530762,0.006509493570774794,0.22743910551071167,0.7287889719009399,0.00764433853328228,0.2061956524848938,0.7292053699493408,0.006576820742338896,0.18993376195430756,0.7302687764167786,0.005602654535323381,0.2664790153503418,0.6869322657585144,0.0015290832379832864,0.2424330711364746,0.6640075445175171,-0.0019728681072592735,0.22551722824573517,0.651759922504425,-0.004873837810009718,0.21175073087215424,0.6432178616523743,-0.006560507696121931,0.2791021764278412,0.6536350250244141,-0.005000850185751915,0.26823610067367554,0.6176190972328186,-0.009296605363488197,0.2616713047027588,0.5978818535804749,-0.010431679897010326,0.25649493932724,0.5819860100746155,-0.010685395449399948,4
0.34608763456344604,0.7352050542831421,1.1514035236359632e-07,0.32306376099586487,0.7969264388084412,-0.0075563411228358746,0.2911067008972168,0.8393043279647827,-0.006515277549624443,0.2701912522315979,0.8751300573348999,-0.006938879378139973,0.2580728828907013,0.9089789390563965,-0.0072594597004354,0.25978729128837585,0.7676319479942322,0.011044267565011978,0.2305019646883011,0.7869852185249329,0.008565330877900124,0.2110394835472107,0.7965185046195984,0.004958631470799446,0.1970362663269043,0.8026397228240967,0.0025609484873712063,0.25873661041259766,0.7254894971847534,0.009468993172049522,0.22545793652534485,0.7251824736595154,0.012083921581506729,0.20450210571289062,0.7257652282714844,0.011732492595911026,0.18828898668289185,0.7274358868598938,0.011326952837407589,0.2652170658111572,0.6844126582145691,0.004562311805784702,0.24068760871887207,0.661436915397644,0.0023530113976448774,0.22362668812274933,0.6492360830307007,-0.00018816121155396104,0.20960986614227295,0.641083300113678,-0.0016442674677819014,0.2780027985572815,0.6515964269638062,-0.0018938190769404173,0.26702138781547546,0.6150262355804443,-0.005345766432583332,0.26077476143836975,0.5949307084083557,-0.006221604533493519,0.2558019757270813,0.5787347555160522,-0.00621403194963932,4
0.34553879499435425,0.732368528842926,1.1532355159715735e-07,0.32255101203918457,0.7937366366386414,-0.008225762285292149,0.2905254662036896,0.8364189863204956,-0.008388670161366463,0.26915961503982544,0.8724664449691772,-0.009824028238654137,0.25632256269454956,0.9058654308319092,-0.011150145903229713,0.2589070498943329,0.7651163339614868,0.007816433906555176,0.2296849489212036,0.7838864326477051,0.003910142928361893,0.210371732711792,0.7927693724632263,-0.0004766195488628,0.19642621278762817,0.7986526489257812,-0.003368752310052514,0.2576912045478821,0.7226334810256958,0.006022935267537832,0.2239292412996292,0.721714437007904,0.007004944607615471,0.20286500453948975,0.7221078276634216,0.006103827152401209,0.18675649166107178,0.7236044406890869,0.00537932338193059,0.26425865292549133,0.681337833404541,0.001018353272229433,0.24013355374336243,0.6574152708053589,-0.0023220819421112537,0.22307036817073822,0.6452208161354065,-0.004981594625860453,0.20910650491714478,0.6371786594390869,-0.006508778315037489,0.2775097191333771,0.6485629677772522,-0.00553386565297842,0.2670092284679413,0.6116429567337036,-0.009519755840301514,0.2604730725288391,0.5917278528213501,-0.01038476824760437,0.25532084703445435,0.5761283040046692,-0.010441445745527744,4
0.3455805778503418,0.7295756340026855,1.2464344933960092e-07,0.3221876323223114,0.7906177043914795,-0.008720481768250465,0.2890966832637787,0.8326795101165771,-0.00880526751279831,0.2673904299736023,0.8694390654563904,-0.010156850330531597,0.2539560794830322,0.9032037258148193,-0.011223146691918373,0.2573699653148651,0.7619031071662903,0.00822773203253746,0.2269860804080963,0.7809320688247681,0.004587921779602766,0.20698320865631104,0.7900894284248352,0.0007757161511108279,0.19250741600990295,0.7956228256225586,-0.001484064501710236,0.2566906809806824,0.7189198732376099,0.0069540017284452915,0.22338254749774933,0.7172046303749084,0.008632708340883255,0.20195740461349487,0.7184197306632996,0.008773253299295902,0.18528902530670166,0.7210828065872192,0.009126373566687107,0.26367175579071045,0.6770702004432678,0.0023280195891857147,0.23929110169410706,0.6533816456794739,-0.00032774568535387516,0.22243696451187134,0.641411304473877,-0.001670672558248043,0.20888011157512665,0.6337057948112488,-0.0019255790393799543,0.27682092785835266,0.6442408561706543,-0.003983963746577501,0.2659589946269989,0.6082165241241455,-0.007581004407256842,0.2593235671520233,0.5886143445968628,-0.007760230917483568,0.2542034983634949,0.5727512240409851,-0.006899985950440168,4
0.34214943647384644,0.7317057847976685,1.1863379967280707e-07,0.3184998333454132,0.7930377125740051,-0.007966388948261738,0.28510600328445435,0.8342104554176331,-0.007249368820339441,0.2640210688114166,0.8707037568092346,-0.007905113510787487,0.25178197026252747,0.9041746854782104,-0.00842935498803854,0.25582996010780334,0.7623326182365417,0.009435353800654411,0.22609537839889526,0.780197262763977,0.006200879812240601,0.2064790576696396,0.789016842842102,0.0021998868323862553,0.1920020580291748,0.7944928407669067,-0.0003974043356720358,0.2549227774143219,0.7197045683860779,0.007867597974836826,0.22151903808116913,0.7177579998970032,0.009776962921023369,0.20007944107055664,0.7174407839775085,0.009309970773756504,0.18359479308128357,0.7183293104171753,0.008913353085517883,0.262084037065506,0.6784802079200745,0.0030310319270938635,0.23788616061210632,0.6534256935119629,0.0005067817983217537,0.22147078812122345,0.6397520899772644,-0.0014380697393789887,0.20805948972702026,0.6307817697525024,-0.0022835724521428347,0.2754560708999634,0.6457585096359253,-0.003407744225114584,0.264427125453949,0.6088933348655701,-0.00676520261913538,0.2574886083602905,0.5884209275245667,-0.007073941174894571,0.2518523037433624,0.5721362829208374,-0.006539784837514162,4
0.3415086269378662,0.7332210540771484,1.227065098419189e-07,0.31836509704589844,0.7947139143943787,-0.007866312749683857,0.2850046753883362,0.8370897769927979,-0.006890478543937206,0.26391974091529846,0.8730242252349854,-0.007177742198109627,0.2511339485645294,0.9059248566627502,-0.007240149192512035,0.25359973311424255,0.7650874257087708,0.009541835635900497,0.2235327810049057,0.7825460433959961,0.007157675456255674,0.20415449142456055,0.7911360859870911,0.003956155385822058,0.19017517566680908,0.7968253493309021,0.0018888746853917837,0.2528805434703827,0.722578227519989,0.008074628189206123,0.2196383774280548,0.7209272980690002,0.010551397688686848,0.19855795800685883,0.7212225794792175,0.010542478412389755,0.18255364894866943,0.723008930683136,0.010536770336329937,0.26008161902427673,0.6813637614250183,0.003360138740390539,0.23570385575294495,0.6565991640090942,0.0009700217633508146,0.21926206350326538,0.6430246233940125,-0.001172873773612082,0.2056388407945633,0.634031355381012,-0.0021631503477692604,0.2734334170818329,0.6486481428146362,-0.0028953347355127335,0.26248854398727417,0.6111616492271423,-0.006737623363733292,0.2557271122932434,0.5900087356567383,-0.007647831458598375,0.2500140070915222,0.5727757811546326,-0.007455579470843077,4
0.3409689664840698,0.7349458336830139,1.27968149854496e-07,0.31728845834732056,0.7958394289016724,-0.008255469612777233,0.2841954231262207,0.8386349678039551,-0.007609531749039888,0.2630104720592499,0.8750227689743042,-0.00824003852903843,0.24968521296977997,0.9072155952453613,-0.008588352240622044,0.25244376063346863,0.7662272453308105,0.009261821396648884,0.22250215709209442,0.7838500738143921,0.006656563840806484,0.20271283388137817,0.7920998930931091,0.0034135296009480953,0.18821057677268982,0.7967589497566223,0.0014027507277205586,0.25190407037734985,0.7236815690994263,0.008072367869317532,0.21870040893554688,0.7219623327255249,0.010754809714853764,0.19752776622772217,0.7220312356948853,0.01124178059399128,0.18115083873271942,0.7232465147972107,0.011649047024548054,0.2590563893318176,0.6819479465484619,0.003576722927391529,0.23478132486343384,0.6583340764045715,0.0018887232290580869,0.21814623475074768,0.6447485089302063,0.0008769697742536664,0.2045331597328186,0.6352418661117554,0.0006615374586544931,0.27227431535720825,0.6488749384880066,-0.0026088012382388115,0.2609589099884033,0.6127422451972961,-0.005467978306114674,0.25367996096611023,0.59205162525177,-0.005398910958319902,0.24787920713424683,0.5747270584106445,-0.004469980485737324,4
0.3407684564590454,0.7369168996810913,1.2687178241321817e-07,0.3172447979450226,0.7983951568603516,-0.007863525301218033,0.28365156054496765,0.8406093716621399,-0.0068729594349861145,0.2621740400791168,0.8766696453094482,-0.007213539443910122,0.24942824244499207,0.9105128645896912,-0.007331371773034334,0.2515436112880707,0.7686793804168701,0.01015162281692028,0.22149735689163208,0.7863053679466248,0.008085042238235474,0.20185571908950806,0.7942551970481873,0.005128146149218082,0.187153160572052,0.798949658870697,0.0030918410047888756,0.25076186656951904,0.725851833820343,0.008582498878240585,0.21774029731750488,0.7241820693016052,0.011311051435768604,0.1966506540775299,0.7239817380905151,0.011459563858807087,0.1801772117614746,0.7250865697860718,0.01152787171304226,0.2580336630344391,0.6842023730278015,0.003728313371539116,0.233641117811203,0.6594705581665039,0.0014029472367838025,0.21692588925361633,0.6456289291381836,-0.000493036350235343,0.20306482911109924,0.6361208558082581,-0.0013032046845182776,0.27163559198379517,0.6513697504997253,-0.0026925071142613888,0.260547935962677,0.6141440272331238,-0.006593937519937754,0.2536352872848511,0.5925973057746887,-0.007369442377239466,0.24797064065933228,0.5747133493423462,-0.007026398088783026,4
0.3393235504627228,0.7389464974403381,1.231213957453292e-07,0.3154871463775635,0.7999643683433533,-0.007966036908328533,0.28279614448547363,0.8416649103164673,-0.007525521330535412,0.26180630922317505,0.8776564002037048,-0.008567828685045242,0.2487727254629135,0.9105452299118042,-0.009508046321570873,0.2522731423377991,0.7679714560508728,0.009890475310385227,0.2222881019115448,0.785633385181427,0.006938445381820202,0.20232364535331726,0.7936011552810669,0.0029140175320208073,0.1874871402978897,0.7981913685798645,7.356482819886878e-05,0.2513875961303711,0.7253835201263428,0.008089877665042877,0.21783581376075745,0.724263072013855,0.009997736662626266,0.19659839570522308,0.7240302562713623,0.008987506851553917,0.17979654669761658,0.7247279286384583,0.007987139746546745,0.258285254240036,0.6839278340339661,0.003022668184712529,0.23388153314590454,0.6594831943511963,0.0005949722835794091,0.21699145436286926,0.6449694037437439,-0.0018563778139650822,0.20304398238658905,0.6347044110298157,-0.003375398460775614,0.27165526151657104,0.6512006521224976,-0.0036609459202736616,0.2605052590370178,0.6145073175430298,-0.006830387748777866,0.2534118592739105,0.5931511521339417,-0.007323464844375849,0.2476784735918045,0.5756800770759583,-0.00719450181350112,4
0.3378145694732666,0.7390879392623901,1.1299566438083275e-07,0.31386715173721313,0.8004859685897827,-0.00742862606421113,0.2810972034931183,0.8410559296607971,-0.00638155173510313,0.2598453462123871,0.8762117624282837,-0.006890684366226196,0.2472567856311798,0.9095667600631714,-0.007361048832535744,0.25127413868904114,0.7668128609657288,0.010656321421265602,0.22134187817573547,0.7843836545944214,0.008067470043897629,0.20158565044403076,0.7924624681472778,0.004317946266382933,0.1871076226234436,0.7971344590187073,0.001775270327925682,0.25070255994796753,0.7238278985023499,0.008828703314065933,0.21774493157863617,0.7221782803535461,0.011053481139242649,0.19653914868831635,0.7222393751144409,0.01017269678413868,0.1799977868795395,0.7233436703681946,0.00937972404062748,0.2577604055404663,0.6823693513870239,0.0037581499200314283,0.23413079977035522,0.6572489738464355,0.0014017316279932857,0.21705766022205353,0.6437219977378845,-0.001262304256670177,0.20288945734500885,0.634257435798645,-0.002826500218361616,0.27113935351371765,0.6497380137443542,-0.0028494971338659525,0.26073744893074036,0.6110514998435974,-0.0061640250496566296,0.254058837890625,0.5893594622612,-0.0068915123119950294,0.24855586886405945,0.5718026161193848,-0.006810295395553112,4
0.3384249806404114,0.7357760667800903,1.1101840868832369e-07,0.3150659203529358,0.7970794439315796,-0.008373444899916649,0.282158225774765,0.8379298448562622,-0.008255534805357456,0.26064759492874146,0.8730677366256714,-0.009451668709516525,0.24796563386917114,0.9064974784851074,-0.010630063712596893,0.2519962191581726,0.7646279335021973,0.007973376661539078,0.22203025221824646,0.7827175855636597,0.0044561028480529785,0.20197728276252747,0.7903844714164734,0.00022938329493626952,0.18704558908939362,0.7946028709411621,-0.0026973416097462177,0.2511529326438904,0.7209068536758423,0.006190888117998838,0.21809636056423187,0.7198188900947571,0.0072721196338534355,0.19651296734809875,0.7200517058372498,0.006037360988557339,0.17955787479877472,0.7212671041488647,0.005042308010160923,0.25837433338165283,0.6792005300521851,0.0012544287601485848,0.23382818698883057,0.6531181335449219,-0.0024566752836108208,0.21703143417835236,0.6396180987358093,-0.005171977449208498,0.20330284535884857,0.6305056810379028,-0.0065879179164767265,0.2721567749977112,0.6469354629516602,-0.005186747293919325,0.2616969645023346,0.6093103885650635,-0.009884960949420929,0.25539126992225647,0.5880435109138489,-0.010875900276005268,0.2502887547016144,0.5709233283996582,-0.010794224217534065,4
0.34115561842918396,0.7349749207496643,1.1613040129532237e-07,0.31747302412986755,0.7958847880363464,-0.008307688869535923,0.2842905819416046,0.8370296955108643,-0.007716519758105278,0.2627459168434143,0.8718606233596802,-0.008495870046317577,0.2492697685956955,0.904217004776001,-0.009209224954247475,0.253335565328598,0.7637261152267456,0.009202548302710056,0.22314760088920593,0.7820633053779602,0.006291000172495842,0.20277586579322815,0.7899875044822693,0.0026548863388597965,0.18764077126979828,0.7945119738578796,0.00015905329200904816,0.25264838337898254,0.7205451726913452,0.007514182012528181,0.21970823407173157,0.7185574769973755,0.009288614615797997,0.1984691321849823,0.7181916832923889,0.008679203689098358,0.18179720640182495,0.7189505696296692,0.008269022218883038,0.2599363923072815,0.6791635155677795,0.0025511442217975855,0.2360880821943283,0.6530742049217224,-0.0005718867760151625,0.21938621997833252,0.6395608186721802,-0.002932548988610506,0.2053590714931488,0.6303499341011047,-0.004051040858030319,0.2736622095108032,0.6471437215805054,-0.003988444339483976,0.2636067867279053,0.6094869375228882,-0.008499149233102798,0.257484495639801,0.5880594849586487,-0.00945719052106142,0.25228002667427063,0.5703495144844055,-0.009230738505721092,4
0.3440817594528198,0.7326347827911377,1.2104410984647984e-07,0.31991779804229736,0.7928093075752258,-0.00830911472439766,0.2854204475879669,0.8344565033912659,-0.007751855533570051,0.26345181465148926,0.8705347776412964,-0.008601339533925056,0.24989238381385803,0.9034647345542908,-0.009290174581110477,0.25419923663139343,0.7621892094612122,0.009531729854643345,0.22392147779464722,0.7801360487937927,0.006540955509990454,0.20402558147907257,0.7885855436325073,0.0028668278828263283,0.18965598940849304,0.7940739393234253,0.0005136292311362922,0.2534318268299103,0.7185928225517273,0.007910257205367088,0.2200058102607727,0.7167506814002991,0.009916207753121853,0.19871026277542114,0.7167103290557861,0.009512166492640972,0.18212035298347473,0.7182866334915161,0.009298049844801426,0.26085102558135986,0.6764446496963501,0.0029496087227016687,0.23703226447105408,0.6512346863746643,0.00015684121171943843,0.2202835977077484,0.6380634903907776,-0.0021739632356911898,0.20629116892814636,0.6297367215156555,-0.003282365156337619,0.27462953329086304,0.643552839756012,-0.003608603496104479,0.2645779848098755,0.6057977080345154,-0.007577924989163876,0.2587266266345978,0.58463054895401,-0.008302353322505951,0.25395697355270386,0.5677280426025391,-0.007945221848785877,4
0.3451935052871704,0.7309116721153259,1.0964964758386486e-07,0.3216165006160736,0.7929625511169434,-0.008386580273509026,0.28722935914993286,0.8350455164909363,-0.0075295367278158665,0.2647114396095276,0.8699029088020325,-0.007890880107879639,0.25062838196754456,0.9024296998977661,-0.008145770989358425,0.25609269738197327,0.7619767189025879,0.009068540297448635,0.22589175403118134,0.7802798748016357,0.005970046855509281,0.20573535561561584,0.7891374230384827,0.0020743473432958126,0.19091060757637024,0.7950052618980408,-0.0006442298763431609,0.25480735301971436,0.7182905077934265,0.007320505566895008,0.2209472805261612,0.7171788215637207,0.00863741897046566,0.19933700561523438,0.7167750597000122,0.007485394831746817,0.1828307807445526,0.7172290086746216,0.006603286601603031,0.26201745867729187,0.6765039563179016,0.002297482220456004,0.2378198504447937,0.6504005789756775,-0.0015948174986988306,0.22093968093395233,0.6364982724189758,-0.0048763505183160305,0.20697572827339172,0.626837968826294,-0.006626834161579609,0.2758704125881195,0.6438419222831726,-0.004218332003802061,0.26542264223098755,0.605885922908783,-0.009524459019303322,0.2596215307712555,0.5839414596557617,-0.011154437437653542,0.254873663187027,0.5659485459327698,-0.011452661827206612,4
0.34580540657043457,0.7330877184867859,1.2502630397648318e-07,0.3215269446372986,0.7941598892211914,-0.008606248535215855,0.2870759963989258,0.8355227708816528,-0.0079057477414608,0.2642628848552704,0.8701333999633789,-0.008428254164755344,0.2505591809749603,0.9022872447967529,-0.008813338354229927,0.2567358613014221,0.7622784376144409,0.009237824939191341,0.22541159391403198,0.7797127366065979,0.0064693414606153965,0.20492041110992432,0.787446141242981,0.0029092237818986177,0.19007223844528198,0.7924615144729614,0.0004772132379002869,0.2562796473503113,0.7188193798065186,0.007941187359392643,0.22245432436466217,0.7161617279052734,0.009729188866913319,0.2011227011680603,0.7155754566192627,0.008809809572994709,0.1846252977848053,0.7164466977119446,0.00806827750056982,0.26350137591362,0.6771737933158875,0.00332666770555079,0.2398395836353302,0.6515594124794006,0.0004329169460106641,0.22254885733127594,0.6374459862709045,-0.0029833440203219652,0.20822486281394958,0.627360463142395,-0.00505767110735178,0.27701544761657715,0.6449353098869324,-0.0028510282281786203,0.26698675751686096,0.6072560548782349,-0.006910910364240408,0.26124072074890137,0.5852652192115784,-0.008473561145365238,0.2566225826740265,0.5670582056045532,-0.008988412097096443,4
0.34674251079559326,0.7321673631668091,1.205285400374123e-07,0.322356253862381,0.7931420207023621,-0.009081047959625721,0.28774312138557434,0.8348836302757263,-0.008824465796351433,0.2646836042404175,0.8705216646194458,-0.00981763657182455,0.25035056471824646,0.9033401608467102,-0.010641849599778652,0.2573642432689667,0.7614986896514893,0.008721933700144291,0.22677403688430786,0.7790794372558594,0.005206500180065632,0.20645292103290558,0.7873304486274719,0.0011584225576370955,0.19182544946670532,0.7925747036933899,-0.0014808414271101356,0.25676506757736206,0.7180982232093811,0.0074813165701925755,0.2228473424911499,0.7154794931411743,0.008964464999735355,0.20139962434768677,0.7144224047660828,0.008274276740849018,0.18483105301856995,0.7144926190376282,0.0077814157120883465,0.2641717195510864,0.676397979259491,0.002815117361024022,0.24026067554950714,0.6503828763961792,-0.00024654529988765717,0.22320395708084106,0.6365519762039185,-0.0028090383857488632,0.20910704135894775,0.6268629431724548,-0.0041306172497570515,0.27798160910606384,0.6440114974975586,-0.003526633372530341,0.2679958641529083,0.6059487462043762,-0.007452207151800394,0.26178649067878723,0.5844795107841492,-0.008416038937866688,0.25670096278190613,0.5670820474624634,-0.008374237455427647,4
0.2871363162994385,0.2766980826854706,1.1942110234031134e-07,0.25725969672203064,0.3253280520439148,-0.009152938611805439,0.22082433104515076,0.3591311275959015,-0.011740036308765411,0.1954004019498825,0.38920772075653076,-0.014933228492736816,0.17811347544193268,0.4165624678134918,-0.018257789313793182,0.196735680103302,0.2830521762371063,-0.00024301154189743102,0.1638263463973999,0.293978750705719,-0.0067494111135602,0.14360427856445312,0.29673489928245544,-0.013292700983583927,0.12694692611694336,0.2966061532497406,-0.01847846247255802,0.19886501133441925,0.23974153399467468,-0.0031271963380277157,0.16215015947818756,0.23291179537773132,-0.007326273713260889,0.13961532711982727,0.22611287236213684,-0.0133946118876338,0.1221221387386322,0.22006703913211823,-0.018312731757760048,0.20974291861057281,0.20186619460582733,-0.008305719122290611,0.18541811406612396,0.17122560739517212,-0.01685105636715889,0.16971145570278168,0.15150731801986694,-0.02410568669438362,0.15586687624454498,0.13664080202579498,-0.02886306121945381,0.2274201661348343,0.17284944653511047,-0.014440265484154224,0.21742822229862213,0.13158980011940002,-0.022868381813168526,0.21170315146446228,0.10532738268375397,-0.026376230642199516,0.20633265376091003,0.08454486727714539,-0.028478393331170082,4
0.29284465312957764,0.2720223069190979,1.2366093926630128e-07,0.26299142837524414,0.3209835886955261,-0.01126117818057537,0.226358562707901,0.35520365834236145,-0.014929375611245632,0.19928595423698425,0.3853226602077484,-0.018877172842621803,0.17981989681720734,0.41239863634109497,-0.022764137014746666,0.20193231105804443,0.27962809801101685,-0.0014356473693624139,0.16774822771549225,0.2907153367996216,-0.008738494478166103,0.14698779582977295,0.2939477562904358,-0.015894092619419098,0.1295628845691681,0.29419559240341187,-0.02146904356777668,0.20401479303836823,0.23638997972011566,-0.0034504106733947992,0.16692347824573517,0.22919723391532898,-0.008459258824586868,0.1437128633260727,0.22275060415267944,-0.014980846084654331,0.12562750279903412,0.21701312065124512,-0.020204614847898483,0.21487084031105042,0.199523463845253,-0.008046770468354225,0.1896994709968567,0.16803093254566193,-0.017391817644238472,0.17334020137786865,0.14876483380794525,-0.024847399443387985,0.15940794348716736,0.13419291377067566,-0.029619524255394936,0.23261435329914093,0.17150400578975677,-0.013789787888526917,0.2220555543899536,0.13022997975349426,-0.022936226800084114,0.2157459855079651,0.1041569858789444,-0.02685379609465599,0.21008789539337158,0.08339893817901611,-0.029143037274479866,4
0.2941541373729706,0.26747065782546997,1.3620939398606424e-07,0.26428747177124023,0.3150295913219452,-0.010343434289097786,0.226919025182724,0.35066068172454834,-0.013172902166843414,0.20032481849193573,0.3817217946052551,-0.016319459304213524,0.18233317136764526,0.4100245237350464,-0.019537312909960747,0.20412977039813995,0.2776806354522705,-0.0019290291238576174,0.16974949836730957,0.28821811079978943,-0.008725938387215137,0.14871639013290405,0.2904554009437561,-0.015096936374902725,0.13115251064300537,0.2893693149089813,-0.020171906799077988,0.20622241497039795,0.23398622870445251,-0.004197839647531509,0.16917625069618225,0.22667473554611206,-0.008840734139084816,0.14616021513938904,0.219479039311409,-0.015077275224030018,0.12813019752502441,0.2128845900297165,-0.020138075575232506,0.21707163751125336,0.19601358473300934,-0.008789276704192162,0.19261188805103302,0.16600283980369568,-0.01766039989888668,0.17623691260814667,0.14658111333847046,-0.025189755484461784,0.16172344982624054,0.13143174350261688,-0.030178749933838844,0.23479247093200684,0.16658726334571838,-0.014395560137927532,0.2245001345872879,0.125991553068161,-0.023029908537864685,0.21879929304122925,0.09997618198394775,-0.026833541691303253,0.21342995762825012,0.07895134389400482,-0.029213599860668182,4
0.29453569650650024,0.2669009268283844,1.4000386272527976e-07,0.2644605338573456,0.3150041401386261,-0.010755321942269802,0.22713740170001984,0.3498830497264862,-0.013809357769787312,0.20037941634655,0.3808210492134094,-0.01715410128235817,0.18193471431732178,0.40845173597335815,-0.020479843020439148,0.20386816561222076,0.2751009166240692,-0.001319590606726706,0.17010508477687836,0.2855829894542694,-0.008434374816715717,0.14943736791610718,0.28828415274620056,-0.01527276262640953,0.1321214735507965,0.28781548142433167,-0.020613349974155426,0.20606517791748047,0.2313975691795349,-0.0035333074629306793,0.16912102699279785,0.22379103302955627,-0.008440306410193443,0.1460932493209839,0.21677812933921814,-0.015033485367894173,0.12806451320648193,0.21018370985984802,-0.02028118632733822,0.21717794239521027,0.1937154233455658,-0.008197665214538574,0.19301998615264893,0.1622878611087799,-0.01744091510772705,0.17679601907730103,0.14233934879302979,-0.02511710301041603,0.16255253553390503,0.12708699703216553,-0.03005588985979557,0.23530276119709015,0.1651049554347992,-0.013919450342655182,0.22507742047309875,0.12423878908157349,-0.022867491468787193,0.21912284195423126,0.09820151329040527,-0.026640329509973526,0.21353468298912048,0.07730056345462799,-0.0288673248142004,4
0.29394397139549255,0.2654038965702057,1.4101271972322138e-07,0.2636810541152954,0.315575510263443,-0.010772057808935642,0.22697021067142487,0.3508666157722473,-0.01376770157366991,0.20036815106868744,0.38091081380844116,-0.017100775614380836,0.18152737617492676,0.40627357363700867,-0.020372293889522552,0.20408524572849274,0.27447083592414856,-0.0010112691670656204,0.1702978014945984,0.2844405174255371,-0.008122701197862625,0.1495749056339264,0.2865227460861206,-0.015005533583462238,0.1325252503156662,0.28527891635894775,-0.020269710570573807,0.2063179761171341,0.23069562017917633,-0.0030684960074722767,0.16911277174949646,0.22267533838748932,-0.0078025441616773605,0.14599621295928955,0.21506553888320923,-0.014222021214663982,0.12817597389221191,0.20790040493011475,-0.019283249974250793,0.21708713471889496,0.19292616844177246,-0.007632655557245016,0.19294437766075134,0.16117778420448303,-0.01661905087530613,0.17690950632095337,0.1407594084739685,-0.024047711864113808,0.16315627098083496,0.12496381998062134,-0.02875947579741478,0.23493324220180511,0.16428104043006897,-0.013303689658641815,0.22521348297595978,0.12294112145900726,-0.02192293293774128,0.2195771187543869,0.09686285257339478,-0.02548643946647644,0.21444839239120483,0.07602015137672424,-0.027502242475748062,4
0.2936106324195862,0.26656049489974976,1.372712006286747e-07,0.263212114572525,0.31576505303382874,-0.011089043691754341,0.22662566602230072,0.35095545649528503,-0.014458981342613697,0.2000412791967392,0.38141077756881714,-0.018105871975421906,0.18120679259300232,0.4081793427467346,-0.021722832694649696,0.20354104042053223,0.274863600730896,-0.0016536146868020296,0.1696896255016327,0.2847474217414856,-0.008913790807127953,0.14915502071380615,0.28676271438598633,-0.015859803184866905,0.13222287595272064,0.2861495912075043,-0.0212069284170866,0.20624104142189026,0.23098142445087433,-0.0037577336188405752,0.16893164813518524,0.2229616343975067,-0.008814743719995022,0.14590327441692352,0.21558284759521484,-0.015421140007674694,0.1280057579278946,0.20905934274196625,-0.020651236176490784,0.21748721599578857,0.19323411583900452,-0.00839217472821474,0.19303716719150543,0.1620263159275055,-0.017893431708216667,0.1766168773174286,0.14163202047348022,-0.025653131306171417,0.1623912900686264,0.12575846910476685,-0.030588222667574883,0.23557215929031372,0.16442511975765228,-0.014104174450039864,0.2253035306930542,0.12333965301513672,-0.023194704204797745,0.21945464611053467,0.09674622118473053,-0.027067800983786583,0.21404138207435608,0.07539883255958557,-0.02935875952243805,4
0.29600220918655396,0.2658747434616089,1.3232312312538852e-07,0.2658213973045349,0.31504374742507935,-0.010512977838516235,0.22823964059352875,0.349643349647522,-0.013256538659334183,0.20126107335090637,0.3798213601112366,-0.016390444710850716,0.1826661080121994,0.40732884407043457,-0.019512975588440895,0.2041431963443756,0.2736304700374603,-0.00040518134483136237,0.17002004384994507,0.28362947702407837,-0.007145300507545471,0.1495741307735443,0.28631824254989624,-0.01380560640245676,0.13258680701255798,0.28607839345932007,-0.018989311531186104,0.2065209299325943,0.22959649562835693,-0.00256229005753994,0.16930857300758362,0.2216780185699463,-0.006877777632325888,0.14634984731674194,0.21452230215072632,-0.013121920637786388,0.12844505906105042,0.20812833309173584,-0.018134569749236107,0.21773995459079742,0.19150999188423157,-0.007252619601786137,0.1933891326189041,0.15992805361747742,-0.015927966684103012,0.17721527814865112,0.13959424197673798,-0.0234476700425148,0.1630966067314148,0.12401479482650757,-0.028323151171207428,0.2359226495027542,0.16239061951637268,-0.013033991679549217,0.22575610876083374,0.12085704505443573,-0.021449560299515724,0.2199951410293579,0.09456571936607361,-0.025120165199041367,0.21458761394023895,0.07363264262676239,-0.027318790555000305,4
0.2977347671985626,0.26390454173088074,1.3295664302859223e-07,0.2673105299472809,0.3136650621891022,-0.010947249829769135,0.22946195304393768,0.34836310148239136,-0.014023488387465477,0.20228689908981323,0.37894392013549805,-0.017404302954673767,0.18339458107948303,0.40579813718795776,-0.020717762410640717,0.20587143301963806,0.2724061906337738,-0.0010834666900336742,0.17131978273391724,0.28315266966819763,-0.008218959905207157,0.15042933821678162,0.2862006425857544,-0.015105574391782284,0.1331835389137268,0.2864338755607605,-0.020398521795868874,0.20792585611343384,0.22848235070705414,-0.003158643376082182,0.1700083613395691,0.2203676700592041,-0.00793626718223095,0.1464458405971527,0.21310612559318542,-0.014382243156433105,0.12814483046531677,0.2066362202167511,-0.01947132870554924,0.21895945072174072,0.1907605230808258,-0.0077741569839417934,0.19397331774234772,0.15807968378067017,-0.016881980001926422,0.1776316910982132,0.13745787739753723,-0.024405648931860924,0.16340021789073944,0.12177945673465729,-0.029157187789678574,0.23699867725372314,0.1622406244277954,-0.013495189137756824,0.22646021842956543,0.12073443830013275,-0.02225034311413765,0.2203642725944519,0.0941743403673172,-0.02589346095919609,0.2147316038608551,0.07301323115825653,-0.027957407757639885,4
0.2979159951210022,0.2668137550354004,1.4198012365795876e-07,0.26703348755836487,0.315462589263916,-0.010985247790813446,0.2291581928730011,0.3503643870353699,-0.014219284988939762,0.20221596956253052,0.38192468881607056,-0.017770271748304367,0.18365362286567688,0.40952813625335693,-0.02129977010190487,0.20581775903701782,0.2748631536960602,-0.0017979368567466736,0.17128239572048187,0.28486764430999756,-0.009146918542683125,0.15026505291461945,0.28761062026023865,-0.01611187495291233,0.13245749473571777,0.28702184557914734,-0.021581660956144333,0.20784199237823486,0.23090901970863342,-0.00396662438288331,0.1702951043844223,0.22308802604675293,-0.009174277074635029,0.14671754837036133,0.21573854982852936,-0.015909671783447266,0.1280393749475479,0.20885470509529114,-0.021264556795358658,0.21885862946510315,0.1928529590368271,-0.008609515614807606,0.1941996067762375,0.16033849120140076,-0.018085582181811333,0.1777036041021347,0.1392848640680313,-0.025885947048664093,0.1631307303905487,0.12314572930335999,-0.030890654772520065,0.23702025413513184,0.16391998529434204,-0.014339106157422066,0.22659584879875183,0.12175828218460083,-0.02341156080365181,0.22044669091701508,0.0946611762046814,-0.027315879240632057,0.2145991325378418,0.07290925085544586,-0.02963726781308651,4
0.298416405916214,0.2668384909629822,1.465650001364338e-07,0.26721420884132385,0.3162476718425751,-0.011043943464756012,0.22951732575893402,0.3512367010116577,-0.014061099849641323,0.20255713164806366,0.3828882575035095,-0.017377538606524467,0.18383216857910156,0.4103773534297943,-0.020571712404489517,0.20468629896640778,0.2749847173690796,-0.0002971647772938013,0.1703338325023651,0.2844986915588379,-0.006973158568143845,0.14982664585113525,0.2866372764110565,-0.013625260442495346,0.13267777860164642,0.28581032156944275,-0.018801940605044365,0.20724841952323914,0.2307080626487732,-0.002167764585465193,0.16966262459754944,0.22269199788570404,-0.006509149447083473,0.14647230505943298,0.21540439128875732,-0.012853641994297504,0.1282651573419571,0.20884692668914795,-0.017892958596348763,0.21863192319869995,0.19262592494487762,-0.006647798232734203,0.19380666315555573,0.16014230251312256,-0.015444931574165821,0.1773623526096344,0.1390814185142517,-0.023078493773937225,0.16306844353675842,0.12305018305778503,-0.027925457805395126,0.2369547337293625,0.16386941075325012,-0.012248646467924118,0.22631408274173737,0.12191702425479889,-0.020880842581391335,0.22001662850379944,0.09507721662521362,-0.024633413180708885,0.21406835317611694,0.07351246476173401,-0.02676212042570114,4
0.29899290204048157,0.2669854760169983,1.365730781799357e-07,0.26857155561447144,0.3164138197898865,-0.011040957644581795,0.23047509789466858,0.35162681341171265,-0.014268883503973484,0.20330986380577087,0.38333848118782043,-0.017834587022662163,0.184348464012146,0.4107869863510132,-0.02132883481681347,0.2059885710477829,0.2753097414970398,-0.0013741875300183892,0.17170822620391846,0.285399854183197,-0.008722917176783085,0.15082350373268127,0.2877470552921295,-0.01566966250538826,0.13339564204216003,0.28731194138526917,-0.021028675138950348,0.20790886878967285,0.23095257580280304,-0.003482472850009799,0.17051540315151215,0.22258061170578003,-0.008504938334226608,0.14716097712516785,0.2152920961380005,-0.014820175245404243,0.12899449467658997,0.20908914506435394,-0.019743982702493668,0.21887056529521942,0.1925949901342392,-0.008164511062204838,0.19413432478904724,0.16083453595638275,-0.017500804737210274,0.17774853110313416,0.14005106687545776,-0.02480315789580345,0.16342899203300476,0.12406069040298462,-0.02933509275317192,0.23684045672416687,0.16330234706401825,-0.01398439146578312,0.2264234572649002,0.12131406366825104,-0.02296038344502449,0.2199508249759674,0.09420894086360931,-0.026632877066731453,0.2139379382133484,0.07245117425918579,-0.028661023825407028,4
0.2987877130508423,0.2665601074695587,1.385687937727198e-07,0.26849299669265747,0.3160870373249054,-0.011046403087675571,0.2302783578634262,0.3512895107269287,-0.013940440490841866,0.20309509336948395,0.3828350901603699,-0.017112839967012405,0.18427330255508423,0.4103073477745056,-0.02021498791873455,0.20528988540172577,0.2746993899345398,-0.0010142059763893485,0.17109596729278564,0.2843860685825348,-0.007729485630989075,0.1503879427909851,0.2867062985897064,-0.014267771504819393,0.13301202654838562,0.2861502766609192,-0.01945282518863678,0.20768040418624878,0.23047812283039093,-0.0029551119077950716,0.17050930857658386,0.22235549986362457,-0.0074808308854699135,0.14742213487625122,0.2149638831615448,-0.01378931850194931,0.12923862040042877,0.20847715437412262,-0.01886753924190998,0.21906839311122894,0.1923055350780487,-0.007450837176293135,0.19458231329917908,0.16002090275287628,-0.01643557660281658,0.17835721373558044,0.13880574703216553,-0.024058127775788307,0.1638932079076767,0.12274360656738281,-0.02895364724099636,0.23733621835708618,0.16285818815231323,-0.013058050535619259,0.22660420835018158,0.12005743384361267,-0.021862901747226715,0.22008734941482544,0.09284132719039917,-0.025775915011763573,0.21375763416290283,0.07108905911445618,-0.028100019320845604,4
0.3004717230796814,0.26698678731918335,1.2848711605784047e-07,0.270255446434021,0.31689023971557617,-0.011055829003453255,0.2312292903661728,0.35170117020606995,-0.013897362165153027,0.20363648235797882,0.3827938437461853,-0.01705634780228138,0.18452945351600647,0.4108807444572449,-0.020111750811338425,0.20538657903671265,0.2750621438026428,-0.0005808338173665106,0.17105571925640106,0.2849368453025818,-0.007152222096920013,0.15058580040931702,0.28761640191078186,-0.013636484742164612,0.1333707571029663,0.28777068853378296,-0.0188005231320858,0.20752067863941193,0.230555921792984,-0.0024963750038295984,0.1707051396369934,0.22209493815898895,-0.006765358150005341,0.14776581525802612,0.21504797041416168,-0.012732998467981815,0.1295464038848877,0.20937839150428772,-0.017551466822624207,0.21873782575130463,0.19232402741909027,-0.007050670683383942,0.19399160146713257,0.16006937623023987,-0.015937061980366707,0.17793171107769012,0.13883648812770844,-0.023241959512233734,0.16354399919509888,0.12274721264839172,-0.027896324172616005,0.23675519227981567,0.1630682349205017,-0.012764658778905869,0.2262239009141922,0.12059895694255829,-0.021802078932523727,0.219814270734787,0.09292954206466675,-0.0258331261575222,0.21349824965000153,0.07043731212615967,-0.02814808115363121,4
0.29980069398880005,0.26800405979156494,1.3270745569116116e-07,0.26902052760124207,0.31797611713409424,-0.010602463036775589,0.23066158592700958,0.3525010645389557,-0.013147871941328049,0.20351552963256836,0.38345301151275635,-0.016124719753861427,0.1845020055770874,0.4105377197265625,-0.01901760883629322,0.20633170008659363,0.2751852869987488,0.00018866182654164732,0.17236100137233734,0.28613516688346863,-0.006473925430327654,0.15148670971393585,0.2889416217803955,-0.013070875778794289,0.13410693407058716,0.2887876033782959,-0.018247919157147408,0.20807479321956635,0.23105697333812714,-0.0019354094984009862,0.1711256504058838,0.22319716215133667,-0.006325148046016693,0.14778198301792145,0.21620537340641022,-0.012425890192389488,0.1296391487121582,0.21030813455581665,-0.01723470352590084,0.2188636213541031,0.19279594719409943,-0.006692405324429274,0.19448406994342804,0.16049355268478394,-0.015694081783294678,0.17806285619735718,0.13943631947040558,-0.02321564592421055,0.16359227895736694,0.12350089848041534,-0.02791089005768299,0.23668557405471802,0.1636495143175125,-0.012570996768772602,0.2264295071363449,0.12029151618480682,-0.021566690877079964,0.22007915377616882,0.09283864498138428,-0.02555457316339016,0.21402110159397125,0.07088448107242584,-0.02779773436486721,4
0.300342321395874,0.2672252953052521,1.3879163418550888e-07,0.2693417966365814,0.31539320945739746,-0.010512283071875572,0.23076637089252472,0.3504787087440491,-0.013295960612595081,0.20352202653884888,0.38125696778297424,-0.016460875049233437,0.18484950065612793,0.4084102213382721,-0.019579092040657997,0.2073192298412323,0.2744921147823334,-0.0012157958699390292,0.17269006371498108,0.2846190333366394,-0.008189951069653034,0.15142998099327087,0.28677791357040405,-0.014819453470408916,0.133707657456398,0.28600257635116577,-0.020059116184711456,0.20942167937755585,0.2303895652294159,-0.0036155330017209053,0.17140953242778778,0.22222378849983215,-0.008439821191132069,0.1477297693490982,0.21450093388557434,-0.014810429885983467,0.12938192486763,0.20764705538749695,-0.0198889821767807,0.22060662508010864,0.1921214461326599,-0.008465046994388103,0.19557659327983856,0.15880192816257477,-0.017767159268260002,0.17905358970165253,0.13784484565258026,-0.025326639413833618,0.16463062167167664,0.12209407985210419,-0.03012777864933014,0.23885221779346466,0.1629316210746765,-0.014368235133588314,0.22825784981250763,0.12008455395698547,-0.023500757291913033,0.22165103256702423,0.09286348521709442,-0.02742827869951725,0.21542173624038696,0.07103325426578522,-0.02971235103905201,4
0.30112937092781067,0.26404353976249695,1.373414875160961e-07,0.27020424604415894,0.31317466497421265,-0.010533500462770462,0.23190522193908691,0.34746596217155457,-0.013345111161470413,0.20467978715896606,0.3771447539329529,-0.016481610015034676,0.1857825666666031,0.4035016894340515,-0.01954670622944832,0.20747362077236176,0.27069082856178284,-0.0012285481207072735,0.17291289567947388,0.2806171774864197,-0.00777406757697463,0.15201851725578308,0.28278404474258423,-0.01404314674437046,0.13463270664215088,0.2817939221858978,-0.01902260072529316,0.20949921011924744,0.2262931615114212,-0.003357692388817668,0.17235678434371948,0.2171562761068344,-0.007569797802716494,0.14930570125579834,0.2101874202489853,-0.013449462130665779,0.1313670575618744,0.20466306805610657,-0.0181583259254694,0.2206675112247467,0.18804524838924408,-0.007939435541629791,0.19662778079509735,0.15536516904830933,-0.016377970576286316,0.1807955950498581,0.1344682276248932,-0.023644261062145233,0.1665644645690918,0.11876462399959564,-0.028363443911075592,0.23884928226470947,0.15898475050926208,-0.013611752539873123,0.22886033356189728,0.11599351465702057,-0.022003473713994026,0.2226487547159195,0.08871208131313324,-0.025740718469023705,0.2165917009115219,0.06684418022632599,-0.02793983183801174,4
0.30141156911849976,0.26556628942489624,1.3360278217078303e-07,0.2702602744102478,0.31363433599472046,-0.010829407721757889,0.23197251558303833,0.34725672006607056,-0.013768935576081276,0.20463889837265015,0.3770630955696106,-0.017028868198394775,0.18551595509052277,0.4031868577003479,-0.020181266590952873,0.20830444991588593,0.2706056833267212,-0.000979081611149013,0.1739102602005005,0.2804891765117645,-0.007843668572604656,0.1532313972711563,0.2829878032207489,-0.014512745663523674,0.13593809306621552,0.282503604888916,-0.019731396809220314,0.2103884220123291,0.22618310153484344,-0.0030073041561990976,0.17299211025238037,0.2171582579612732,-0.007451268378645182,0.1495288610458374,0.20988228917121887,-0.013652930036187172,0.13109304010868073,0.20386826992034912,-0.0186199638992548,0.2216031849384308,0.18803012371063232,-0.007556152995675802,0.19713087379932404,0.15510472655296326,-0.016174817457795143,0.18123623728752136,0.13384626805782318,-0.023299572989344597,0.16716799139976501,0.11784061789512634,-0.027848396450281143,0.2398231029510498,0.15909621119499207,-0.013247055932879448,0.22943779826164246,0.11666490137577057,-0.021570399403572083,0.22290240228176117,0.08927009999752045,-0.025085171684622765,0.2167760580778122,0.06742240488529205,-0.027095848694443703,4
0.30140233039855957,0.2644888758659363,1.4138839787847246e-07,0.2700900435447693,0.3138565421104431,-0.010305698961019516,0.23223654925823212,0.348163366317749,-0.012728116475045681,0.205060213804245,0.37820151448249817,-0.015573538839817047,0.1861213892698288,0.40452855825424194,-0.01833215169608593,0.20839014649391174,0.2720501720905304,0.0002250112738693133,0.17365379631519318,0.28195440769195557,-0.006140104494988918,0.15250475704669952,0.2845250070095062,-0.012457674369215965,0.13504628837108612,0.28406059741973877,-0.017416229471564293,0.2104686051607132,0.22759175300598145,-0.001872072578407824,0.173014298081398,0.21892856061458588,-0.0058742486871778965,0.14942488074302673,0.21181268990039825,-0.011948050931096077,0.1310766637325287,0.20595954358577728,-0.016796419396996498,0.22168812155723572,0.18937823176383972,-0.006489695515483618,0.19745348393917084,0.15651145577430725,-0.014928738586604595,0.18154628574848175,0.13558928668498993,-0.02235982194542885,0.1675574630498886,0.11998452246189117,-0.02707028016448021,0.23987999558448792,0.16043445467948914,-0.01218167319893837,0.22971829771995544,0.11748692393302917,-0.02056886814534664,0.22325658798217773,0.09012790024280548,-0.02432246506214142,0.2171681821346283,0.06816782057285309,-0.026442714035511017,4
0.30390557646751404,0.2638239562511444,1.3011653265948553e-07,0.27296167612075806,0.31112992763519287,-0.01042164582759142,0.234277606010437,0.3447585999965668,-0.013296005316078663,0.20647618174552917,0.3734006881713867,-0.016485538333654404,0.18670035898685455,0.39914563298225403,-0.019617896527051926,0.20912140607833862,0.2701237201690674,-0.0014339713379740715,0.1743544191122055,0.2795100808143616,-0.00847582146525383,0.1534782350063324,0.2818586826324463,-0.0150777418166399,0.13590514659881592,0.28108298778533936,-0.020254354923963547,0.211497962474823,0.225797638297081,-0.0037158899940550327,0.17382723093032837,0.21698738634586334,-0.008483881130814552,0.15084442496299744,0.20984339714050293,-0.014701591804623604,0.1328236311674118,0.20370417833328247,-0.019559266045689583,0.2231137901544571,0.18749313056468964,-0.008428323082625866,0.1986914873123169,0.1550825834274292,-0.017608528956770897,0.18282009661197662,0.13452035188674927,-0.02506854757666588,0.16846688091754913,0.11880449950695038,-0.029775813221931458,0.24179843068122864,0.15830227732658386,-0.014146422035992146,0.23157531023025513,0.11622737348079681,-0.023089013993740082,0.2259051352739334,0.08964139223098755,-0.026843303814530373,0.22025349736213684,0.06812380254268646,-0.028958270326256752,4
0.3046051263809204,0.26228654384613037,1.3464443782140734e-07,0.27286142110824585,0.3106263279914856,-0.010427325032651424,0.23459501564502716,0.3436926007270813,-0.013320858590304852,0.2072717845439911,0.3723067045211792,-0.016551481559872627,0.18805362284183502,0.3983767032623291,-0.019663989543914795,0.21099187433719635,0.26771092414855957,-0.0009549655951559544,0.17544594407081604,0.27771878242492676,-0.007843228057026863,0.15389283001422882,0.28072354197502136,-0.014577724039554596,0.13606929779052734,0.28085508942604065,-0.019842302426695824,0.21343672275543213,0.22380585968494415,-0.003152359975501895,0.17578518390655518,0.21533502638339996,-0.007734233979135752,0.1518910825252533,0.20843534171581268,-0.014277808368206024,0.13315118849277496,0.20282603800296783,-0.019526395946741104,0.2247774451971054,0.1863551139831543,-0.007767230737954378,0.19979339838027954,0.15370285511016846,-0.016449782997369766,0.18365029990673065,0.13264794647693634,-0.023946145549416542,0.16945068538188934,0.11703711748123169,-0.02882610820233822,0.24305739998817444,0.15798968076705933,-0.013456325978040695,0.23238396644592285,0.11612176895141602,-0.022008787840604782,0.2257109135389328,0.08907386660575867,-0.025794370099902153,0.21944862604141235,0.06730048358440399,-0.028014972805976868,4
0.30606818199157715,0.2609650790691376,1.4570659345736203e-07,0.27483153343200684,0.309239000082016,-0.011081415228545666,0.2360628843307495,0.3430866301059723,-0.014433765783905983,0.208174467086792,0.37094593048095703,-0.017817186191678047,0.18861667811870575,0.3968513011932373,-0.021015895530581474,0.21084162592887878,0.26800429821014404,-0.0028767420444637537,0.17517870664596558,0.2778784930706024,-0.00981645192950964,0.15375398099422455,0.2801799774169922,-0.016251547262072563,0.13596484065055847,0.2795524597167969,-0.021320754662156105,0.2136245220899582,0.22318241000175476,-0.0048957266844809055,0.17540167272090912,0.21431198716163635,-0.00962820090353489,0.15205040574073792,0.20729570090770721,-0.015879252925515175,0.13384614884853363,0.20165584981441498,-0.02082628197968006,0.22572383284568787,0.18526960909366608,-0.00924601498991251,0.20080728828907013,0.15211279690265656,-0.01825273036956787,0.1848037838935852,0.13203082978725433,-0.02564200572669506,0.17049537599086761,0.11749771237373352,-0.030378468334674835,0.2447960376739502,0.15650047361850739,-0.014616255648434162,0.23392963409423828,0.11396719515323639,-0.023489776998758316,0.22753816843032837,0.08746881783008575,-0.027191974222660065,0.2212706059217453,0.06658247113227844,-0.029270650818943977,4
0.30927804112434387,0.2585739493370056,1.4068623954699433e-07,0.27755996584892273,0.30604180693626404,-0.010891812853515148,0.2374950647354126,0.3402261435985565,-0.014247307553887367,0.20918086171150208,0.3685697317123413,-0.017677711322903633,0.18932688236236572,0.39458054304122925,-0.020979421213269234,0.21206994354724884,0.26515159010887146,-0.0032035692129284143,0.1760661005973816,0.27428844571113586,-0.010191425681114197,0.1547168791294098,0.2765650749206543,-0.016522210091352463,0.13670668005943298,0.2760120928287506,-0.021591410040855408,0.21495212614536285,0.22032830119132996,-0.005476024933159351,0.17698688805103302,0.2113983929157257,-0.010529586113989353,0.15368112921714783,0.20398017764091492,-0.016994601115584373,0.13505114614963531,0.1977030336856842,-0.022106584161520004,0.22719746828079224,0.1824127733707428,-0.010028921999037266,0.20218798518180847,0.1502433717250824,-0.01944325678050518,0.18628351390361786,0.12934264540672302,-0.027194829657673836,0.17160755395889282,0.11374971270561218,-0.03220722824335098,0.24641473591327667,0.15347930788993835,-0.015550067648291588,0.23562897741794586,0.11158950626850128,-0.02501262165606022,0.22971990704536438,0.08444420993328094,-0.029128216207027435,0.22377483546733856,0.0626315176486969,-0.031488560140132904,4
0.30970102548599243,0.25960323214530945,1.4888094312937028e-07,0.27831387519836426,0.3066045939922333,-0.01148676872253418,0.2385476976633072,0.3392198979854584,-0.014595144428312778,0.2097819745540619,0.3676184415817261,-0.01769653894007206,0.1895553171634674,0.3932264745235443,-0.02050141803920269,0.21237649023532867,0.26435723900794983,-0.0018520961748436093,0.17626814544200897,0.27324238419532776,-0.008300790563225746,0.1549629420042038,0.27570369839668274,-0.014524600468575954,0.13698717951774597,0.27496474981307983,-0.019569477066397667,0.2152600884437561,0.21979661285877228,-0.003462105290964246,0.17733587324619293,0.21080614626407623,-0.007727988995611668,0.15367120504379272,0.20328576862812042,-0.014002482406795025,0.13474218547344208,0.19706711173057556,-0.01909508742392063,0.22745071351528168,0.1821184903383255,-0.00753414211794734,0.20236647129058838,0.1486435830593109,-0.016166305169463158,0.18627630174160004,0.12701672315597534,-0.02385505847632885,0.17166003584861755,0.11119309067726135,-0.02891426533460617,0.2464205026626587,0.15360188484191895,-0.012711282819509506,0.23604188859462738,0.11101169884204865,-0.021767446771264076,0.22962811589241028,0.08373874425888062,-0.026065858080983162,0.22323018312454224,0.061540380120277405,-0.02856322191655636,4
0.3102845549583435,0.26117706298828125,1.487854319748294e-07,0.27828356623649597,0.308280348777771,-0.011048518121242523,0.2384413480758667,0.3406827747821808,-0.014349281787872314,0.2097759246826172,0.3686114549636841,-0.017712419852614403,0.18978093564510345,0.39408090710639954,-0.020839931443333626,0.21252651512622833,0.26428505778312683,-0.002425494836643338,0.17639705538749695,0.2731626331806183,-0.00920109637081623,0.15516698360443115,0.27602410316467285,-0.015480552799999714,0.13738760352134705,0.27588552236557007,-0.020499445497989655,0.21542564034461975,0.2200320065021515,-0.004406554624438286,0.1770768165588379,0.21063299477100372,-0.00919756107032299,0.15338534116744995,0.2030310034751892,-0.01556687243282795,0.1346503496170044,0.19685642421245575,-0.0206008218228817,0.22772431373596191,0.18266591429710388,-0.00874912180006504,0.20245333015918732,0.1486194133758545,-0.017778532579541206,0.18646082282066345,0.1268111616373062,-0.02543218806385994,0.1721489280462265,0.11108414828777313,-0.030370499938726425,0.2469351440668106,0.15445846319198608,-0.014119693078100681,0.23645301163196564,0.11121198534965515,-0.023252373561263084,0.22995619475841522,0.08380620181560516,-0.027402319014072418,0.2236350029706955,0.062089964747428894,-0.029762310907244682,4
0.31057488918304443,0.26048606634140015,1.5228638972075714e-07,0.2785594165325165,0.3072388470172882,-0.011478936299681664,0.23978491127490997,0.34056606888771057,-0.015086165629327297,0.21165946125984192,0.36965101957321167,-0.018751200288534164,0.19147174060344696,0.3944069743156433,-0.022159378975629807,0.21413597464561462,0.2645874619483948,-0.0025771155487746,0.17781297862529755,0.27421367168426514,-0.009766176342964172,0.15632697939872742,0.27684730291366577,-0.016449807211756706,0.13835975527763367,0.2762223184108734,-0.021678300574421883,0.2167653739452362,0.2199559509754181,-0.0043957955203950405,0.1780737042427063,0.21089957654476166,-0.009467664174735546,0.15440845489501953,0.203410804271698,-0.016056254506111145,0.13567577302455902,0.19724711775779724,-0.0212190430611372,0.22873468697071075,0.18231502175331116,-0.008632770739495754,0.2034410536289215,0.1484912633895874,-0.017703121528029442,0.18731027841567993,0.12702259421348572,-0.025195352733135223,0.1729777753353119,0.11152561008930206,-0.029995333403348923,0.2478215992450714,0.1543036699295044,-0.013966165482997894,0.2371673583984375,0.11170893907546997,-0.02287483587861061,0.2305258959531784,0.08460751175880432,-0.02668486163020134,0.2241387516260147,0.06321685016155243,-0.02879440411925316,4
0.3108481466770172,0.2612355351448059,1.4287341798535635e-07,0.2785845994949341,0.3089423179626465,-0.010885370895266533,0.23932908475399017,0.34123295545578003,-0.013923969119787216,0.211245596408844,0.36924266815185547,-0.01717509888112545,0.19126124680042267,0.39394161105155945,-0.020252225920557976,0.21409153938293457,0.26453205943107605,-0.0013074568705633283,0.1780683398246765,0.2740478217601776,-0.00791249144822359,0.15668432414531708,0.27690389752388,-0.01432510931044817,0.13875102996826172,0.2766381800174713,-0.019480036571621895,0.2167421281337738,0.2203039973974228,-0.003348264843225479,0.17870484292507172,0.21138739585876465,-0.007911385037004948,0.15504878759384155,0.20414505898952484,-0.01444352325052023,0.13624733686447144,0.1982789784669876,-0.019658153876662254,0.22877740859985352,0.1830410659313202,-0.00781904999166727,0.20358514785766602,0.1498635709285736,-0.016582245007157326,0.18758857250213623,0.1283610761165619,-0.02429766207933426,0.17315486073493958,0.11258229613304138,-0.029352514073252678,0.24781566858291626,0.15517300367355347,-0.013352730311453342,0.23729802668094635,0.11274577677249908,-0.022175665944814682,0.2306908518075943,0.08539831638336182,-0.02623901516199112,0.2242330014705658,0.06338796019554138,-0.028616471216082573,4
0.3131931722164154,0.2618628740310669,1.511853326974233e-07,0.2807144522666931,0.308799684047699,-0.011036932468414307,0.2405077964067459,0.3415440320968628,-0.014270758256316185,0.21189606189727783,0.3699781596660614,-0.01758541539311409,0.19162334501743317,0.3947058320045471,-0.020612018182873726,0.21400414407253265,0.2656589448451996,-0.002105843974277377,0.17759060859680176,0.2744617164134979,-0.008995846845209599,0.15627798438072205,0.27730220556259155,-0.015366921201348305,0.1385069191455841,0.2772853672504425,-0.020410338416695595,0.21672357618808746,0.221201553940773,-0.004069115500897169,0.17804470658302307,0.2121027559041977,-0.008932460099458694,0.1544853150844574,0.20459865033626556,-0.015387201681733131,0.1357404589653015,0.1985325813293457,-0.020431464537978172,0.22900736331939697,0.18360570073127747,-0.008421783335506916,0.20356187224388123,0.15013505518436432,-0.017392825335264206,0.187808096408844,0.1282685399055481,-0.024924304336309433,0.17357932031154633,0.11245086789131165,-0.029738016426563263,0.24829068779945374,0.1555589735507965,-0.013808703981339931,0.23748314380645752,0.113438680768013,-0.022732459008693695,0.23087914288043976,0.08620543777942657,-0.026656214147806168,0.22437341511249542,0.06445415318012238,-0.028825445100665092,4
0.31144529581069946,0.26111504435539246,1.5457889901426825e-07,0.27991756796836853,0.3086213767528534,-0.011264399625360966,0.2404661774635315,0.3420593738555908,-0.014420443214476109,0.21188190579414368,0.3698138892650604,-0.017602548003196716,0.19190236926078796,0.3954727053642273,-0.020524881780147552,0.2145809680223465,0.2669942080974579,-0.002096362877637148,0.17866238951683044,0.2755816876888275,-0.008689609356224537,0.15724951028823853,0.2781410813331604,-0.014982703141868114,0.13918536901474,0.2776690125465393,-0.02006666548550129,0.21746689081192017,0.22268962860107422,-0.003990216180682182,0.17903000116348267,0.2130160629749298,-0.008528360165655613,0.15523791313171387,0.20522063970565796,-0.014956972561776638,0.13644836843013763,0.19882234930992126,-0.020130006596446037,0.22954244911670685,0.18506203591823578,-0.008292931132018566,0.20438148081302643,0.15137135982513428,-0.01721397042274475,0.1881544291973114,0.12936532497406006,-0.02503378503024578,0.1737234890460968,0.11337079107761383,-0.030149955302476883,0.2484818696975708,0.15615636110305786,-0.013652662746608257,0.23751500248908997,0.11284363269805908,-0.022711006924510002,0.2309447079896927,0.08519904315471649,-0.02688605710864067,0.2245330661535263,0.06331625580787659,-0.02935757488012314,4
0.3136252462863922,0.2617810368537903,1.533878162263136e-07,0.281708687543869,0.3090861141681671,-0.011358450166881084,0.24160531163215637,0.3424086570739746,-0.014545024372637272,0.2123815417289734,0.3696467876434326,-0.017700666561722755,0.19188979268074036,0.39468154311180115,-0.020563842728734016,0.21500122547149658,0.26682883501052856,-0.0021643908694386482,0.17863130569458008,0.2757863998413086,-0.008686445653438568,0.1570863276720047,0.2785674035549164,-0.014897528104484081,0.13892552256584167,0.2781450152397156,-0.019972776994109154,0.21784035861492157,0.2221120297908783,-0.0040173279121518135,0.17904111742973328,0.2124699354171753,-0.008557992056012154,0.15506544709205627,0.20470407605171204,-0.015005061402916908,0.13604190945625305,0.19834592938423157,-0.020205773413181305,0.23020783066749573,0.18464887142181396,-0.008283998817205429,0.2046886384487152,0.15047813951969147,-0.017321940511465073,0.18853898346424103,0.12851464748382568,-0.025255097076296806,0.17393967509269714,0.11264348030090332,-0.030433207750320435,0.2493831366300583,0.15647436678409576,-0.013578689657151699,0.2383318841457367,0.11312228441238403,-0.02295699156820774,0.23148149251937866,0.08519396185874939,-0.027379563078284264,0.2245188057422638,0.06283089518547058,-0.029968036338686943,4
0.3128657937049866,0.2599383592605591,1.4653205937520397e-07,0.2811393737792969,0.3074408173561096,-0.011378501541912556,0.24184483289718628,0.3404828608036041,-0.01496688462793827,0.21284477412700653,0.36798539757728577,-0.01856175996363163,0.19167858362197876,0.39133942127227783,-0.021902697160840034,0.2168385237455368,0.2656314969062805,-0.003280021483078599,0.1807439625263214,0.2745232582092285,-0.0107599887996912,0.15900033712387085,0.27731770277023315,-0.01748567819595337,0.14097031950950623,0.2771773934364319,-0.02271353267133236,0.21957291662693024,0.2206050157546997,-0.00531955948099494,0.180898517370224,0.2109740823507309,-0.010703910142183304,0.15687721967697144,0.2031024992465973,-0.017360283061861992,0.13803301751613617,0.19628140330314636,-0.022558320313692093,0.23166155815124512,0.18262067437171936,-0.009709320031106472,0.20636245608329773,0.14918270707130432,-0.01951877400279045,0.19017624855041504,0.12766358256340027,-0.027318710461258888,0.17570719122886658,0.11168111860752106,-0.032217837870121,0.2507099509239197,0.15412969887256622,-0.015095890499651432,0.23994916677474976,0.11148890852928162,-0.02495521865785122,0.23355358839035034,0.0841696560382843,-0.029137015342712402,0.22729754447937012,0.06222426891326904,-0.0314025841653347,4
0.3168001174926758,0.25946956872940063,1.4948770399314526e-07,0.2846149802207947,0.30637127161026,-0.010823603719472885,0.2443356215953827,0.33837270736694336,-0.01380205899477005,0.21507981419563293,0.3649863004684448,-0.01684349775314331,0.19420430064201355,0.3888294994831085,-0.019596735015511513,0.21763324737548828,0.26314014196395874,-0.001720252213999629,0.18104803562164307,0.27285876870155334,-0.00842947419732809,0.15929767489433289,0.27612483501434326,-0.014735614880919456,0.14113542437553406,0.2756502628326416,-0.019717521965503693,0.22057762742042542,0.2185588777065277,-0.0037131004501134157,0.18191957473754883,0.20912331342697144,-0.008144757710397243,0.1581086665391922,0.20132559537887573,-0.014368647709488869,0.13945114612579346,0.19461685419082642,-0.01927104778587818,0.2328772097826004,0.18103930354118347,-0.00809058453887701,0.20739468932151794,0.14686909317970276,-0.01678851619362831,0.19133922457695007,0.125188946723938,-0.02423871122300625,0.1771577000617981,0.10958212614059448,-0.029024111106991768,0.25202676653862,0.152873694896698,-0.013493981212377548,0.2410915195941925,0.10997211933135986,-0.022367658093571663,0.23458528518676758,0.08293911814689636,-0.026257643476128578,0.22820071876049042,0.06148400902748108,-0.028389230370521545,4
0.31580835580825806,0.2586102783679962,1.5519762541771343e-07,0.2834283411502838,0.30632296204566956,-0.011920943856239319,0.24303430318832397,0.33865633606910706,-0.015181179158389568,0.213462695479393,0.36642080545425415,-0.018374890089035034,0.19180738925933838,0.39010512828826904,-0.021168053150177002,0.21800179779529572,0.26281067728996277,-0.002045171335339546,0.1811315417289734,0.2720312476158142,-0.008881843648850918,0.15926522016525269,0.27482593059539795,-0.015287055633962154,0.14096787571907043,0.2741835117340088,-0.020355625078082085,0.22093746066093445,0.2179841250181198,-0.0035170852206647396,0.18217311799526215,0.2086758017539978,-0.00827358290553093,0.15803462266921997,0.20091630518436432,-0.014779956080019474,0.1389884054660797,0.19421744346618652,-0.01988016627728939,0.2331019788980484,0.18025055527687073,-0.0074969083070755005,0.20781363546848297,0.14704608917236328,-0.01644938252866268,0.19169455766677856,0.12505075335502625,-0.024004915729165077,0.1774233877658844,0.10881879925727844,-0.02882242575287819,0.25203120708465576,0.15193180739879608,-0.01261724904179573,0.24128024280071259,0.1098514050245285,-0.02164842188358307,0.23477649688720703,0.0825943648815155,-0.025626525282859802,0.22853520512580872,0.06073932349681854,-0.02781255729496479,4
0.31455379724502563,0.25847047567367554,1.5367672290267365e-07,0.28286057710647583,0.3064589202404022,-0.011594567447900772,0.2432042956352234,0.3390725553035736,-0.014679658226668835,0.21389858424663544,0.36683183908462524,-0.017784927040338516,0.19248852133750916,0.39050188660621643,-0.020540012046694756,0.2177285999059677,0.2641737163066864,-0.0014905076241120696,0.1808648705482483,0.27284377813339233,-0.008215182460844517,0.15897159278392792,0.27564647793769836,-0.014522253535687923,0.14078354835510254,0.27523282170295715,-0.019532695412635803,0.22047531604766846,0.21932435035705566,-0.00304994429461658,0.1816764771938324,0.21022942662239075,-0.007804117165505886,0.1576090008020401,0.20225617289543152,-0.014354318380355835,0.13860028982162476,0.19553548097610474,-0.0194899570196867,0.23245106637477875,0.18140795826911926,-0.00712153036147356,0.20748525857925415,0.14780981838703156,-0.016169462352991104,0.1915261596441269,0.1252342164516449,-0.023923084139823914,0.17723506689071655,0.1086890697479248,-0.028850454837083817,0.25120437145233154,0.15262654423713684,-0.012282880023121834,0.24081675708293915,0.1103278249502182,-0.021339502185583115,0.23443199694156647,0.08318457007408142,-0.025458162650465965,0.22813212871551514,0.06144842505455017,-0.027768295258283615,4
0.31586959958076477,0.26190274953842163,1.4956465577142808e-07,0.2835526466369629,0.3082517385482788,-0.01133203785866499,0.24308131635189056,0.3402029275894165,-0.014484143815934658,0.21384018659591675,0.36773109436035156,-0.017623376101255417,0.19254745543003082,0.39124560356140137,-0.02034413255751133,0.2170855700969696,0.2645729184150696,-0.0019391373498365283,0.18005603551864624,0.2736821472644806,-0.008601500652730465,0.1581423580646515,0.2774665057659149,-0.014808802865445614,0.13995221257209778,0.2780873477458954,-0.019744496792554855,0.21982887387275696,0.21999329328536987,-0.003609719919040799,0.18135035037994385,0.21054454147815704,-0.008105185814201832,0.15726116299629211,0.20317640900611877,-0.014479813165962696,0.13826313614845276,0.19714054465293884,-0.019545720890164375,0.23195956647396088,0.18272817134857178,-0.007689532823860645,0.20635409653186798,0.14879989624023438,-0.016396058723330498,0.1905716210603714,0.12665575742721558,-0.023794591426849365,0.17657041549682617,0.11072313785552979,-0.028556877747178078,0.25085583329200745,0.1552416980266571,-0.012848764657974243,0.240145742893219,0.112444669008255,-0.021967386826872826,0.23333916068077087,0.0848853588104248,-0.026079164817929268,0.22671031951904297,0.06294281780719757,-0.02830597572028637,4
